dna_seq	methyl_seq	ctype	dmr_label
GAA AAG AGA GAG AGC GCT CTG TGA GAC ACG CGG GGG GGA GAC ACA CAT ATC TCT CTG TGG GGT GTA TAC ACC CCT CTT TTC TCG	2222222221222222222222222221	Heart-Cardio	36840
CCA CAC ACT CTC TCT CTT TTG TGG GGC GCG CGT GTA TAG AGG GGG GGA GAG AGG GGC GCA CAG AGG GGG GGC GCC CCA CAT ATG TGG GGG GGA GAG AGT GTT TTT TTA TAT ATG TGC GCT CTT TTC TCG CGG GGG GGC GCA CAG AGG GGA GAA AAT ATC TCC CCC CCA CAG AGC GCC CCA CAT ATC TCT CTA TAA AAG AGA GAG AGC GCT CTC TCA CAT ATA TAG AGA GAA AAA AAT ATT TTG TGA GAG AGC GCT CTT TTT TTT TTG TGG GGG GGG GGC GCC CCA CAG AGG GGC GCG CGC GCG CGG GGT GTG TGG GGC GCT CTC TCA CAT ATG TGC GCC CCT CTG TGT GTA TAA AAT ATC TCT CTC TCA CAA AAC ACA CAC ACT CTT TTT TTG TGG GGG GGA GAG AGG GGC GCC CCA CAA AAG AGA GAT ATG TGG GGG GGC GCG CGG GGA GAT ATT TTT TTC TCT CTT TTG TGA GAA AAG AGA GAG AGC GCT CTC	222222222022222222222222222222222222222222022222222222222222222222222222222222222222222222222222220202222222222222222222222222222222222222222222222022222222222222222	Oligodend	36372
TGG GGG GGG GGT GTT TTC TCA CAG AGC GCG CGG GGG GGG GGC GCC CCT CTC TCT CTG TGT GTG TGA GAG AGC GCA CAG AGG GGG GGT GTG TGG GGG GGG GGT GTG TGC GCT CTC TCC CCT CTC TCG CGG GGG GGA GAG AGC GCC CCA CAC ACA CAC ACG CGG GGA GAG AGC GCT CTC TCA CAT ATT TTG TGT GTA TAG AGA GAA AAG AGG GGT GTG TGT GTG TGG GGT GTG TGC GCC CCA CAG AGA GAT ATC TCT CTT TTC TCT CTC TCC CCA CAT ATG TGT GTC TCG CGT GTC TCC CCC CCA CAG AGT GTT TTG TGG GGT GTG TGA GAT ATG TGA GAT ATA TAC ACC CCA CAT ATG TGC GCT CTC TCG CGA GAT ATG TGG GGG GGA GAT ATA TAC ACT CTT TTC TCA CAG AGG GGG GGT GTC TCA CAG AGG GGA GAT ATG TGC GCC CCT CTC TCT CTC TCT CTT TTG TGC GCT CTC TCT CTG TGG GGG GGC GCT CTT TTC TCA CAT ATC TCA CAC ACC CCT CTA TAC ACG	222222222122222222222222222222222222222221222222222212222222222222222222222222222222222222222221222222222222222222222222221222222222222222222222222222222222222222222222222222221	Oligodend	25352
CCT CTC TCT CTC TCA CAC ACC CCC CCC CCG CGC GCT CTT TTC TCC CCT CTT TTC TCT CTC TCC CCC CCT CTC TCT CTG TGG GGG GGG GGT GTG TGT GTC TCC CCA CAG AGA GAG AGA GAG AGA GAC ACT CTC TCA CAG AGG GGA GAA AAA AAG AGG GGC GCA CAG AGG GGT GTG TGG GGA GAT ATC TCA CAA AAG AGG GGC GCG CGG GGG GGG GGG GGT GTT TTT TTC TCT CTA TAG AGG GGC GCA CAA AAC ACC CCT CTC TCT CTC TCC CCA CAC ACT CTG TGT GTC TCA CAT ATT TTT TTC TCT CTC TCT CTC TCC CCT CTG TGT GTC TCT CTT TTG TGC GCA CAG AGA GAT ATA TAC ACC CCG CGG GGG GGT GTC TCA CAA AAG AGT GTG TGT GTG TGA GAT ATG TGG GGT GTG TGA GAG AGG GGG GGA GAG AGG GGA GAT ATA TAC ACT CTG TGG GGT GTG TGT GTC TCC CCC CCT CTT TTT TTC TCA CAC ACA CAG AGC GCT CTG TGC GCG CGC GCA CAA AAA AAA AAG AGA GAG AGA GAG	22222222202222222222222222222222222222222222222222222222222222222221222222222222222222222222222222222222222222222222222221222222222222222222222222222222222222222222222222212222222222	Heart-Cardio	35078
GCG CGC GCA CAT ATC TCT CTG TGC GCT CTT TTA TAG AGG GGC GCA CAC ACG CGC GCT CTC TCT CTC TCA CAC ACT CTA TAC	122222222222222212222222222	Heart-Cardio	36361
CTT TTA TAA AAA AAA AAT ATA TAG AGT GTT TTA TAT ATT TTA TAT ATC TCT CTG TGT GTC TCT CTG TGG GGC GCC CCC CCT CTT TTT TTA TAC ACA CAG AGT GTA TAG AGA GAA AAA AAC ACT CTT TTG TGC GCT CTG TGA GAC ACT CTT TTC TCT CTG TGT GTT TTC TCT CTA TAG AGG GGC GCA CAA AAC ACA CAA AAA AAG AGC GCC CCT CTG TGA GAC ACA CAA AAG AGG GGC GCC CCA CAA AAT ATA TAA AAG AGA GAC ACA CAG AGC GCC CCA CAT ATA TAA AAA AAC ACC CCA CAA AAG AGA GAG AGG GGG GGT GTC TCT CTC TCA CAG AGC GCA CAA AAT ATT TTG TGA GAC ACT CTG TGC GCT CTG TGG GGT GTT TTA TAT ATA TAT ATG TGG GGT GTT TTC TCT CTC TCT CTA TAT ATA TAA AAA AAG AGA GAG AGG GGA GAA AAT ATG TGG GGG GGA GAG AGA GAA AAA AAA AAT ATG TGA GAA AAT ATC TCC CCT CTG TGG GGG GGA GAC ACT CTA TAG AGA GAT ATT TTG TGG GGT GTT TTG TGC GCC CCT CTT TTA TAG AGT GTC TCT CTT TTG TGT GTA TAC ACC CCC CCC CCT CTA TAG AGC GCA CAC ACC CCT CTG TGG GGC GCA CAT ATG TGG GGG GGG GGC GCG CGT GTG TGA GAC ACA CAT ATG TGT GTA TAT	222222222222222222222222222222222222222222222222222222222222222222222222222222222222222222222222222222222222222222222222222222222222222222222222222222222222222222222222222222222222222222222222222222222222222222222222222212222222222	Neuron	25674
GAG AGA GAT ATC TCG CGT GTG TGC GCC CCG CGC GCT CTG TGC GCA CAC ACT CTC TCC CCA CAG AGC GCC CCT CTG TGG GGG GGC GCG CGA GAC ACA CAG AGA GAG AGT GTG TGA GAG AGA GAC ACT CTC TCC CCA CAT ATC TCT CTC TCA CAA AAA AAA AAA AAA AAA AAA AAA AAA AAA AAA AAA AAA AAA AAA AAA AAA AAA AAA AAG AGG GGA GAA AAT ATA TAA AAA AAG AGT GTA TAC ACT CTG TGA GAT ATA TAC ACC CCC CCG CGT GTA TAA AAA AAA AAC ACA CAC ACT CTG TGG GGT GTA TAA AAG AGC GCC CCT CTT TTG TGG GGA GAC ACA CAC ACT CTT TTT TTA TAT ATG TGC GCT CTG TGA GAG AGG GGG GGA GAA AAA AAC ACA CAA AAG AGC GCC CCA CAG AGA GAC ACA CAC ACC CCA CAC ACG CGG GGT GTC TCA CAC ACA CAG AGG GGT GTT	2222022221222222222222222222122222222222222222222222222222222222222222222222222222222222212222222222222222222222222222222222222222222222222222222202222222222	Heart-Cardio	26149
GTG TGT GTG TGC GCA CAG AGC GCG CGA GAA AAT ATC TCC CCG CGT GTT TTG TGG GGC GCG CGA GAC ACT CTC TCC CCT CTA TAA AAC ACT CTA TAC ACC CCA CAA AAG AGA GAA AAA AAA AAG AGG GGA GAG AGC GCT CTC TCT CTC TCG CGG GGA GAG AGG GGA GAG AGA GAT ATT TTT TTC TCG CGT GTC TCG CGA GAG AGT GTG TGC GCT CTA TAC ACG CGT GTG TGT GTG TGG GGC GCT CTG TGT GTG TGA GAT ATA TAA AAG AGG GGG GGC GCA CAG AGG GGC GCA CAA AAA AAG AGC GCG CGT GTC TCT CTT TTA TAG AGC GCA CAC ACT CTC TCT CTA TAC ACA CAG AGC GCT CTC TCT CTG TGG GGC GCG CGT GTG TGG GGT GTT TTG TGG GGA GAG AGG	2222222022222122222122222222222222222222222222222122222222222122122222222122222222222222222222222222212222222222222222222222212222222222	Oligodend	25846
GTT TTC TCA CAG AGA GAG AGC GCG CGG GGT GTA TAC ACA CAG AGC GCT CTG TGA GAG AGC GCA CAC ACA CAG AGA GAC ACC CCC CCC CCG CGC GCA CAA AAC ACA CAC ACG CGC GCC CCG CGT GTT TTC TCA CAT ATG TGG GGG GGC GCA CAT ATC TCA CAT ATG TGG GGA GAT ATA TAA AAG AGA GAC ACT CTG TGC GCG CGA GAG AGG GGT GTT TTC TCC CCA CAA AAC	22222220222222222222222222222122222212212222222222222222222222222212222222222	Heart-Cardio	36770
TCT CTC TCT CTA TAA AAA AAG AGC GCC CCG CGC GCT CTC TCT CTG TGC GCC CCC CCG CGC GCG CGG GGC GCC CCC CCT CTG TGA GAA AAA AAG AGC GCC CCT CTT TTT TTG TGT GTT TTG TGC GCT CTG TGC GCT CTA TAC ACC CCG CGT GTT TTC TCC CCT CTT TTC TCT CTC TCA CAG AGA GAT ATT TTG TGA GAG AGA GAA AAT ATT TTT TTA TAT ATG TGT GTC TCA CAA AAG AGT GTG TGT GTG TGA GAG AGT GTG TGC GCG CGC GCA CAG AGC GCC CCC CCC CCT CTC TCT CTC TCT CTG TGT GTG TGC GCC CCC CCA CAC ACT CTG TGA GAG AGC GCT CTT TTT TTG TGA GAG AGT GTT TTC TCA CAC ACC CCT CTG TGT GTC TCA CAT ATC TCT CTC TCG	2222222221222222221202222222222222222222222222220222222222222222222222222222222222222222122222222222222222222222222222222222222222222221	Neuron	26035
TGT GTT TTT TTC TCT CTG TGG GGG GGA GAT ATG TGA GAA AAA AAG AGC GCA CAA AAG AGC GCT CTA TAC ACC CCT CTT TTT TTC TCT CTA TAG AGG GGA GAA AAA AAA AAA AAG AGG GGG GGT GTA TAT ATT TTT TTT TTG TGG GGT GTT TTT TTT TTA TAT ATC TCA CAT ATA TAG AGG GGT GTG TGA GAA AAT ATT TTA TAG AGT GTT TTA TAT ATC TCA CAA AAT ATC TCT CTT TTG TGT GTT TTT TTT TTT TTT TTT TTT TTT TTT TTC TCT CTT TTT TTT TTC TCC CCA CAT ATT TTT TTC TCT CTT TTT TTT TTA TAA AAC ACC CCA CAC ACT CTT TTA TAG AGG GGT GTC TCC CCT CTA TAT ATG TGC GCA CAC ACC CCA CAA AAT ATG TGT GTC TCC CCG CGA GAG AGG GGG GGC GCC	2222222222222222222222222222222222222222222222222222222222222222222222222222222222222222222222222222222222222222222222222222222222222221222222	Heart-Cardio	26228
ATG TGC GCA CAA AAA AAC ACT CTT TTC TCG CGT GTT TTT TTC TCT CTC TCT CTG TGT GTC TCA CAT ATC TCT CTG TGA GAG AGC GCG CGT GTC TCA CAT ATT TTC TCA CAG AGA GAA AAA AAT ATG TGT GTT TTC TCC CCT CTC TCC CCG CGA GAT ATC TCT CTG TGT GTG TGA GAA AAT ATT TTG TGT GTT TTC TCC CCC CCT CTG TGA GAC ACT CTT TTC TCA CAA AAT ATC TCG CGG GGG GGG GGC GCA CAG AGT GTG TGT GTT TTA TAC ACA CAG AGG GGT GTC TCC CCT CTC TCT CTG TGC GCT CTG TGG GGC GCA CAG AGG GGA GAG AGG GGG GGA GAG AGC GCA CAG AGT GTC TCC CCG	22222222212222222222222222220222222222222222222221222222222222222222222222222212222222222222222222222222222222222222222221	Heart-Cardio	34642
GTT TTG TGG GGC GCC CCC CCA CAG AGC GCG CGG GGG GGC GCA CAC ACT CTA TAT ATT TTT TTC TCT CTG TGA GAG AGC GCA CAC ACC CCC CCA CAC ACC CCC CCT CTG TGA GAC ACT CTC TCT CTG TGC GCT CTG TGC GCA CAC ACA CAC ACT CTG TGC GCC CCT CTG TGC GCC CCG CGC GCG	2222222221222222222222222222222222222222222222222222222222121	Heart-Cardio	34652
GAT ATC TCT CTC TCG CGG GGC GCT CTC TCT CTC TCT CTG TGC GCA CAA AAC ACC CCT CTC TCC CCA CAC ACC CCT CTT TTC TCC CCA CAG AGG GGT GTT TTC TCA CAA AAG AGC GCG CGA GAC ACT CTC TCT CTC TCC CCT CTG TGC	2222122222222222222222222222222222222212222222222	Oligodend	25597
TAA AAG AGA GAG AGT GTT TTC TCA CAC ACG CGG GGG GGG GGG GGA GAA AAG AGG GGC GCG CGC GCA CAA AAT ATC TCC CCG CGA GAG AGC GCT CTG TGC GCA CAG AGC GCA CAA AAG AGA GAG AGG GGA GAA AAT ATA TAA AAT ATT TTG TGC GCC CCC CCC CCT CTG TGC GCC CCA CAT ATT TTT TTG TGC GCT CTA TAC ACG CGC GCT CTT TTC TCC CCT CTT TTA TAC ACC	222222222022222222212222220222222222222222222222222222222222222222202222222222	Neuron	34729
TAA AAA AAA AAG AGA GAG AGC GCC CCC CCG CGT GTG TGG GGG GGA GAA AAC ACC CCC CCT CTT TTC TCG CGC GCA CAG AGC	222222222122222222222202222	Neuron	25465
GAA AAT ATA TAC ACC CCC CCT CTG TGC GCG CGG GGG GGA GAC ACC CCT CTC TCG CGG GGA GAG AGA GAG AGG GGC GCC CCC CCC CCG CGG GGC GCG CGC GCG CGT GTG TGC GCA CAC ACA CAC ACC CCA CAC ACC CCT CTT TTG TGC GCT CTG TGA GAA AAC ACT CTG TGG GGT GTT TTA TAC ACT CTG TGC GCA CAC ACG CGA GAG AGC GCA CAG AGA GAC ACG CGG GGA GAG AGG GGG GGG GGC GCA CAG AGT GTT TTC TCT CTG TGG GGG GGG GGC GCC CCC CCG CGG GGC GCT CTG TGA GAG AGG GGC GCG CGG GGC GCA CAG AGC GCA CAG AGC GCG CGA GAT ATG TGG GGC GCT CTG TGC GCA CAC ACA CAC ACA CAG AGA GAA AAT ATC TCC CCA CAC ACA CAC ACT CTT TTG TGC GCG CGC GCC	222222222122222221222222222212212122222222222222222222222222222222122222221222222222222222222221222222220222222221222222222222222222222222222022	Heart-Cardio	34272
GAA AAG AGC GCA CAC ACA CAC ACC CCG CGT GTG TGG GGC GCC CCT CTG TGT GTA TAT ATT TTA TAT ATA TAA AAA AAG AGC GCA CAG AGA GAC ACG CGG GGT GTG TGA GAG AGC GCA CAG AGC GCA	222222221222222222222222222222202222222222	Neuron	34987
AAG AGA GAC ACT CTC TCT CTA TAC ACC CCG CGA GAA AAA AAG AGC GCC CCT CTT TTT TTT TTA TAG AGA GAA AAC ACT CTG TGA GAT ATC TCA CAA AAT ATA TAA AAA AAT ATT TTC TCA CAG AGT GTA TAA AAA AAG AGT GTT TTG TGC GCA CAG AGG GGA GAT ATA TAT ATA TAA AAA AAA AAT ATT TTA TAA AAT ATA TAT ATA TAC ACA CAA AAA AAA AAA AAT ATT TTA TAG AGC GCA CAT ATC TCT CTC TCT CTA TAT ATA TAC ACA CAC ACA CAA AAA AAC ACA CAG AGT GTG TGA GAA AAC ACT CTA TAG AGC GCT CTT TTG TGA GAA AAA AAA AAT ATA TAA AAA AAT ATC TCA CAA AAG AGA GAA AAT ATG TGC GCA CAA AAC ACC CCT CTC TCG CGT GTT TTT TTA TAT ATA TAT ATT TTA TAG	2222222221222222222222222222222222222222222222222222222222222222222222222222222222222222222222222222222222222222222222222222222222222212222222222	Heart-Cardio	37073
GGA GAA AAC ACG CGA GAG AGA GAC ACC CCT CTT TTA TAG AGA GAC ACA CAG AGC GCA CAA AAG AGA GAG AGG GGC GCT CTA TAC ACG CGT GTG TGC GCC CCA CAG AGT GTT TTC TCT CTT TTC TCC CCT CTC TCT CTA TAA AAT ATG TGG GGC GCT CTG TGA GAG AGT GTT TTC TCA CAC ACC CCT CTA TAC ACT CTG TGA GAT ATT TTT TTC TCT CTC TCC CCT CTT TTT TTG TGC GCT CTT TTT TTT TTT TTC TCC CCA CAT ATT TTT TTA TAA AAA AAC ACT CTA TAA AAA AAA AAC ACT CTC TCC CCT CTC TCT CTA TAC ACT CTC TCC CCT CTC TCA CAG AGA GAG AGC GCT CTC TCA CAC ACC CCT CTT TTG TGC GCC CCA CAG AGA GAG AGC GCC CCC CCC CCG CGC	222122222222222222222222222212222222222222222222222222222222222222222222222222222222222222222222222222222222222222222222222222222222222212	Heart-Cardio	36283
AAA AAA AAG AGA GAA AAA AAA AAA AAC ACG CGA GAA AAA AAA AAC ACA CAA AAA AAA AAA AAG AGG GGG GGA GAA AAT ATG TGC GCC CCA CAG AGA GAA AAG AGG GGG GGC GCA CAA AAT ATT TTC TCC CCA CAA AAT ATG TGA GAA AAA AAG AGG GGA GAA AAA AAA AAT ATG TGG GGA GAG AGG GGT GTA TAC ACT CTG TGA GAA AAG AGA GAA AAA AAC ACA CAG AGC GCC CCA CAC ACG CGG GGG GGG GGA GAG AGG GGG GGT GTG TGC GCT CTG TGG GGC GCG CGC GCC CCT CTC TCC CCG CGT GTC TCT CTG TGA GAG AGA GAG AGA GAC ACG CGA GAG AGC GCT CTA TAT ATG TGC GCA CAG AGT GTC TCA CAG AGG GGA GAT ATC TCG CGC GCG CGG GGG GGT GTG TGG GGA GAT ATG TGC GCA	222222222022222222222222222222222222222222222222222222222222222222222222222222221222222222222221222220222222222212222222222222222221212222222222	Heart-Cardio	34888
GAT ATT TTA TAT ATC TCC CCC CCG CGG GGT GTG TGC GCC CCC CCT CTT TTT TTT TTC TCA CAC ACA CAG AGT GTG TGC GCT CTC TCC CCT CTG TGA GAT ATT TTT TTC TCA CAT ATA TAT ATT TTC TCC CCA CAA AAA AAG AGC GCA CAA AAG AGC GCC CCT CTG TGA GAG AGC GCT CTC TCC CCA CAT ATT TTA TAG AGC GCA CAG AGT GTG TGT GTT TTC TCT CTT TTG TGC GCC CCA CAC ACA CAC ACC CCA CAT ATG TGC GCA CAA AAA AAC ACC CCG CGG GGT GTG TGC GCT CTT TTG TGG GGG GGC	22222220222222222222222222222222222222222222222222222222222222222222222222222222222222222222202222222222	Oligodend	36403
CTG TGA GAG AGA GAA AAC ACT CTT TTC TCG CGG GGA GAA AAA AAG AGG GGA GAG AGC GCC CCA CAG AGT GTG TGC GCC CCG CGT GTC TCC CCG CGA GAA AAC ACA CAC ACA CAC ACG CGG GGT GTC TCA CAG AGG GGC GCT CTT TTT TTC TCC CCC CCA CAG AGA GAA AAG AGA GAC ACG CGC GCC CCA CAC ACA CAA AAC ACA CAG AGG GGC GCT CTT TTC TCG CGT GTC TCC CCT CTG TGC GCT CTG TGC GCC CCG CGT GTC TCA CAG AGG GGA GAC ACC CCC CCT CTG TGG GGC GCG CGG GGC GCT CTT TTG TGG GGA GAA AAA AAA AAG AGC GCA CAG AGA GAT ATT TTC TCC CCA CAA AAC ACA CAC ACG CGC GCA CAC ACA CAT ATC TCT CTC TCC CCT CTT TTT TTC TCA CAC ACA CAC ACA CAA AAG AGT GTC TCC CCA CAA AAC ACA CAC ACT CTC TCT CTT TTC TCA CAA AAA AAT ATG TGA GAA AAA AAG AGA GAC ACA CAT ATT TTC TCT CTC TCT CTC TCT CTC TCT CTT TTT TTC TCT CTA TAA AAC ACC CCT CTG TGC GCC CCA CAC ACA CAT ATT TTC TCA CAA AAA AAC ACA CAG AGG GGC GCC CCT CTT TTG TGA	2222222221222222222222222202220222222202222222222222222222202222222222222202222222222022222222222220222222222222222222222222022222222222222222222222222222222222222222222222222222222222222222222222222222222222222	Oligodend	37065
GGC GCA CAA AAA AAG AGA GAC ACA CAC ACG CGA GAC ACC CCC CCC CCA CAG AGT GTG TGA GAG AGC GCA CAG AGG GGA GAC ACA CAG AGG GGC GCA CAC ACG CGT GTC TCC CCG CGG GGC GCA CAT ATT TTT TTG TGC GCC CCG CGC GCC CCC CCC CCT CTT TTC TCA CAG AGC GCA CAG AGC GCT CTG TGT GTG TGC GCT CTC TCA CAC ACC CCA CAA AAA AAG AGC GCC CCG CGC GCC CCT CTG TGC GCT CTC TCC CCA CAG AGG GGA GAC ACA CAG AGG GGC GCC CCA CAG AGG GGT GTT TTG TGA GAG AGG GGG GGG GGT GTT TTT TTA TAG AGA GAG AGC GCT CTG TGT GTG TGA GAC ACC CCC CCA CAG AGC GCC CCC CCA CAT ATC TCA CAG AGC GCA CAA AAG AGC GCC CCA CAT ATG TGG GGA GAA AAT ATG TGG GGA GAC ACT CTT TTG TGG GGG GGA GAG AGG GGT GTC TCA CAG AGG GGG GGC GCC CCG CGG GGC GCT CTT TTC TCT CTT TTC TCA CAC	222222222022222222222222222222222022202222222221222222222222222222222222222220222222222222222222222222222222222222222222222222222222222222222222222222222222222222222202222222222	Oligodend	36386
GCT CTG TGT GTT TTG TGT GTC TCG CGA GAG AGA GAC ACT CTG TGG GGA GAA AAT ATG TGG GGG GGC GCT CTG TGT GTA TAG AGT GTG TGC GCA CAC ACT CTT TTT TTG TGA GAG AGC GCG CGA GAG AGG GGG GGC GCG CGG GGC GCC CCT CTG TGG GGG GGG GGA GAC ACC CCG CGC GCC CCG CGG GGG GGT GTG TGG GGC GCT CTG TGT GTG TGT GTC TCG CGT GTC TCA CAT ATT TTA TAG AGC GCA CAT ATC TCA CAT ATT TTG TGG GGC GCG CGC GCA CAT ATG TGG GGG GGC GCA CAG AGT GTT TTG TGG GGA GAT ATG TGA GAG AGA GAA AAG AGG GGA GAA AAC ACC CCA CAT ATT TTC TCC CCT CTG TGA GAC ACT CTG TGT GTA TAC ACA CAT ATG TGA GAG AGC GCC CCT CTG TGA GAA AAA AAC ACA CAG AGA GAG AGA GAG AGC GCT CTC TCT CTT TTT TTT TTA TAC ACG CGC GCA CAT ATA TAC ACA CAG AGG GGC GCA	222222202222222222222222222222222222222122222122222222222122122222222222202222222222222222212222222222222222222222222222222222222222222222222222222222222222222212222222222	Neuron	36607
CCC CCC CCT CTC TCC CCT CTA TAC ACC CCG CGT GTC TCG CGC GCC CCA CAG AGT GTC TCC CCG CGA GAG AGT GTT TTT TTA TAA AAA AAA AAA AAT ATA TAG AGC GCA CAG AGC GCA CAG AGC GCT CTC TCT CTG TGC GCA CAG AGT GTG TGT GTG TGC GCC CCT CTG TGT GTG TGG GGG GGG GGT GTA TAG AGA GAT ATA TAT ATA TAA AAA AAT ATA TAC ACT CTT TTC TCT CTA TAG AGA GAA AAA AAT ATT TTG TGT GTA TAG AGG GGC GCT CTC TCA CAG AGC GCT CTG TGG GGG GGC GCA CAC ACA CAC ACT CTG TGG GGG GGC GCT CTT TTT TTA TAT ATT TTG TGG GGC GCT CTA TAA AAG AGG GGA GAA AAG AGT GTG TGG GGG GGG GGG GGT GTG TGG GGG GGG GGA GAC ACT CTG TGA GAG AGC GCT CTT TTG TGT GTT TTC TCC CCA CAA AAA AAT ATG TGG GGT GTG TGT GTA TAC ACA CAA AAA AAA AAG AGT GTG TGG GGC GCG CGG GGC GCT CTG TGC GCT CTA TAT ATT TTT	222222222122022222221222222222222222222222222222222222222222222222222222222222222222222222222222222222222222222222222222222222222222222222222222222222222222222222222222222202222222222	Oligodend	34408
TCA CAC ACA CAG AGC GCA CAC ACT CTC TCG CGG GGT GTG TGC GCA CAG AGC GCC CCG CGG GGT GTC TCA CAT ATC TCT CTG TGC GCT CTG TGT GTC TCC CCT CTC TCT CTC TCT CTG TGT GTC TCA CAG AGG GGA GAC ACG CGT GTC TCC CCT CTC TCA CAG AGC GCA CAA AAC ACA CAA AAA AAA AAT ATG TGC GCA CAT ATC TCT CTC TCC CCA CAA AAC ACT CTG TGC GCA CAT ATC TCT CTG TGA GAC ACG	2222222221222222221222222222222222222222222222122222222222222222222222222222222222221	Heart-Cardio	36509
GAT ATG TGA GAG AGA GAC ACG CGG GGA GAC ACA CAC ACG CGG GGC GCC CCC CCA CAC ACC CCT CTG TGG GGA GAG AGG GGC GCC CCT CTG TGT GTG TGT GTG TGC GCG CGC GCT CTT TTC TCA CAT ATC TCC CCA CAG AGC GCC CCG CGG GGA GAC ACG CGG GGG GGC GCT CTG TGG GGT GTG TGC GCG CGG GGG GGG GGG GGG GGC GCC CCT CTC TCC CCA CAA AAG AGC GCT CTG TGG GGT GTG TGC GCC CCC CCG CGT GTG TGG GGG GGC GCT CTA TAC ACG CGG GGT GTA TAT ATC TCT CTG TGG GGA GAA AAG AGC GCT CTG TGC GCA CAG AGA GAT ATT TTC TCA CAG AGC GCG CGT GTG TGT GTG TGG GGT GTG TGG GGA GAG AGG GGA GAC ACA CAA AAG AGG GGT GTG TGG GGG GGG GGA GAC ACA CAG AGA GAC ACT CTT TTG TGC GCT CTG TGG GGA GAG AGG GGA GAG AGG GGA GAG AGA GAT ATC TCA CAC ACC CCA CAA AAG AGT GTT TTT TTG TGA GAA AAG AGA GAG AGT GTG TGT GTA TAT ATG TGC GCA CAG AGA GAG AGT GTG TGT GTC TCG CGA GAC ACA CAT ATC	2222221222220222222222222222222222212222222222221222022222222202222222222222222222222122222222022222222222222222222222202222222222222222222222222222222222222222222222222222222222222222222222222222122222	Heart-Cardio	26232
CAC ACC CCT CTT TTT TTG TGC GCC CCC CCG CGA GAG AGT GTT TTT TTT TTG TGC GCT CTT TTG TGG GGG GGC GCC CCG CGC GCT CTG TGG GGG GGC GCT CTC TCT CTT TTT TTC TCT CTG TGC GCT CTC TCT CTC TCT CTT TTG TGG GGC GCC CCT CTC TCG CGC GCA CAG AGG GGC GCT CTT TTC TCA CAC ACT CTT TTG TGG GGC GCT CTT TTT TTC TCG CGC GCT CTA TAC ACT CTG TGG GGC GCT CTC TCC CCG CGA GAT ATC TCC CCC CCA CAT ATG TGG GGC GCT CTG TGC GCC CCA CAA AAG AGG GGG GGC GCA CAA AAG AGC GCT CTA TAG AGG GGC GCA CAC ACA CAG AGG GGG GGC GCG CGG GGT GTG TGA GAG AGG GGG GGG GGT GTG TGT GTG TGT GTG TGA GAG AGC GCG	222222222022222222222222202222222222222222222222222220222222222222222222212222222222212222222222222222222222222222222222221222222222222222221	Oligodend	25461
GCA CAC ACC CCC CCC CCG CGG GGT GTG TGT GTA TAT ATT TTT TTT TTT TTA TAA AAA AAA AAG AGG GGT GTC TCC CCA CAG AGG GGA GAA AAG AGG GGT GTG TGG GGC GCA CAG AGG GGG GGG GGC GCC CCA CAA AAG AGC GCA CAA AAA AAG AGA GAC ACA CAA AAA AAT ATC TCA CAC ACT CTG TGC GCT CTC TCC CCC CCC CCT CTC TCT CTG TGG GGC GCT CTT TTT TTG TGC GCC CCA CAC ACC CCT CTG TGC GCC CCC CCC CCA CAC ACT CTC TCA CAC ACT CTG TGC GCA CAG AGA GAA AAG AGA GAG AGC GCA CAG AGG GGG GGA GAC ACC CCA CAA AAC ACT CTG TGG GGG GGA GAA AAG AGA GAG AGC GCT CTA TAC ACA CAC ACC CCC CCC CCT CTC TCC CCC CCA CAT ATG TGG GGG GGC GCA CAG AGG GGA GAA AAG AGG GGG GGG GGA GAA AAT ATG TGG GGG GGG GGA GAA AAG AGC GCC CCT CTC TCT CTC TCT CTC TCC CCT CTA TAG AGG GGT GTG TGG GGG GGG GGT GTG TGC GCA CAG AGA GAG AGG GGC GCA CAA AAG AGG GGG GGT GTC TCT CTG TGG GGG GGC GCT CTG TGC GCG CGA GAG AGC GCA CAG AGG GGG GGG GGG GGC	222221222222222222222222222222222222222222222222222222222222222222222222222222222222222222222222222222222222222222222222222222222222222222222222222222222222222222222222222222222222222222222222222222222222212222222222	Oligodend	34474
GTA TAA AAG AGT GTG TGA GAG AGA GAC ACG CGT GTA TAT ATC TCA CAT ATG TGC GCA CAG AGT GTC TCC CCA CAC ACA CAT ATA TAA AAG AGA GAC ACC CCT CTG TGG GGT GTT TTC TCC CCA CAA AAG AGG GGC GCA CAG AGG GGT GTT TTA TAA AAC ACC CCT CTG TGC GCT CTC TCT CTC TCA CAC ACA CAT ATA TAC ACA CAT ATT TTA TAC ACA CAG AGA GAT ATG TGT GTT TTT TTG TGC GCC CCA CAA AAC ACA CAG AGC GCA CAA AAA AAG AGT GTG TGT GTA TAA AAA AAG AGC GCC CCA CAG AGC GCA CAG AGT GTT TTG TGG GGA GAA AAC ACC CCC CCA CAG AGG GGG GGT GTC TCG CGC	2222222220222222222222222222222222222222222222222222222222222222222222222222222222222222222222222222222222222222222222222202	Oligodend	36493
CTC TCC CCC CCA CAA AAC ACA CAC ACC CCG CGT GTT TTT TTC TCT CTA TAT ATA TAG AGG GGA GAC ACT CTT TTG TGC GCC CCA CAT ATC TCC CCC CCC CCT CTC TCT CTT TTC TCC CCC CCA CAC ACC CCG CGC GCA CAC ACT CTA TAT ATC TCA CAG AGG GGC GCG CGT GTC TCT CTC TCT CTC TCG CGC GCT CTT TTC TCA CAG AGT GTC TCC CCC CCG CGG GGT GTC TCC CCT CTC TCC CCC CCA CAA AAC ACA CAC ACC CCG CGT GTT TTT TTC TCT CTA TAT ATA TAG AGG GGA GAC ACT CTC TCG CGC GCC CCA CAT ATC TCC CCC CCC CCT CTC TCT CTT TTC TCC CCA CAA AAC ACC CCG CGC GCA CAC ACT CTA TAT ATC TCA CAG AGG GGC GCG CGT GTC TCT CTC TCT CTC TCG	2222222220222222222222222222222222222222222022222222222022222202222222222022222222222222022222222222222022222222222222222202222222222202222220	Heart-Cardio	25865
GAA AAA AAA AAG AGC GCT CTG TGC GCA CAG AGG GGC GCA CAC ACT CTC TCA CAT ATT TTG TGT GTC TCA CAG AGC GCC CCC CCA CAT ATG TGA GAA AAA AAG AGC GCA CAG AGC GCC CCG CGA GAG AGG GGG GGG GGA GAC ACT CTG TGA GAA AAC ACC CCT CTT TTG TGC GCA CAG AGA GAG AGC GCC CCA CAC ACG CGG GGG GGG GGA GAC ACA CAG AGT GTG TGC GCT CTG TGC GCC CCC CCA CAG AGT GTG TGC GCT CTG TGT GTG TGG GGG GGA GAG AGC GCC CCC CCA CAT ATC TCC CCC CCT CTT TTG TGC GCA CAA AAC ACA CAA AAC ACG CGT GTG TGT GTC TCC CCT CTG TGG GGA GAT ATG TGT GTG TGA GAA AAA AAC ACA CAT ATG TGG GGA GAG AGT GTC TCA CAA AAA AAG AGG GGA GAG AGA GAT ATT TTT TTT TTG TGG GGA GAG AGC GCT CTT TTT TTA TAA AAG AGA GAT ATC TCT CTA TAA AAT ATG TGA GAC ACT CTG TGC GCC CCT CTA TAC ACC CCC CCG	2222222222222222222222222222222222222220222222222222222222222222212222222222222222222222222222222222222222222222122222222222222222222222222222222222222222222222222222222222222222220	Heart-Cardio	37051
GGC GCA CAG AGC GCC CCG CGC GCC CCC CCT CTG TGA GAT ATG TGC GCT CTC TCA CAC ACG CGG GGG GGG GGC GCC CCT CTC TCC CCT CTG TGT GTG TGC GCC CCT CTG TGC GCG CGC GCC CCC CCT CTG TGG GGT GTC TCC CCC CCA CAG AGT GTG TGC GCC CCG CGG GGG GGA GAG AGC GCT CTG TGA GAG AGC	22222122222222222221222222222222222221222222222222222212222222222	Neuron	34919
GGT GTT TTA TAT ATT TTT TTG TGG GGC GCG CGC GCG CGG GGT GTG TGT GTT TTG TGG GGT GTG TGT GTT TTG TGG GGT GTA TAG AGG GGA GAT ATC TCC CCT CTG TGG GGC GCT CTG TGT GTG TGA GAG AGG GGC GCT CTG TGA GAG AGG GGC GCA CAG AGG GGC GCC CCT CTG TGA GAG AGG GGA GAG AGG GGG GGC GCT CTG TGG GGG GGG GGC GCT CTG TGA GAC ACA CAG AGG GGT GTA TAG AGG GGC GCA CAG AGA GAG AGT GTT TTG TGG GGC GCT CTG TGG GGG GGA GAT ATG TGT GTG TGA GAG AGG GGT GTG TGC GCA CAA AAG AGG GGG GGG GGT GTG TGG GGT GTA TAC ACT CTT TTC TCG CGG GGA GAA AAA AAC ACA CAA AAA AAC ACT	22222222202022222222222222222222222222222222222222222222222222222222222222222222222222222222222222222222222222222222222222212222222222	Heart-Cardio	35174
CGG GGT GTA TAG AGA GAC ACA CAG AGA GAC ACA CAG AGC GCA CAT ATC TCC CCC CCT CTG TGT GTC TCC CCT CTC TCA CAG AGC GCT CTG TGG GGG GGA GAG AGA GAC ACA CAG AGA GAC ACA CAG AGA GAC ACA CAG AGC GCA CAT ATC TCA CAC ACT CTG TGT GTC TCC CCT CTC TCA CAG AGC GCT CTG TGG GGA GAG AGA GAA AAA AAG AGA GAC ACA CAG AGA GAC ACA CAG AGC GCA CAT ATC TCG CGC GCT CTG TGT GTC TCC CCT CTC TCA CAG AGC GCC CCA CAG AGG GGA GAG AGA GAC ACA CAG AGA GAC ACA CAG AGA GAC ACA CAG AGC GCA CAT ATC TCC CCC CCT CTG TGT GTC TCC CCT CTC TCA CAG AGC GCC CCG CGG GGG GGA GAG AGA GAC ACA CAC ACA CAC	222222222222222222222222222222222222222222222222222222222222222222222222222222222220222222222222222222222222222222222222222222222212222222222	Oligodend	36935
CTG TGT GTG TGG GGC GCC CCT CTG TGC GCG CGT GTA TAA AAA AAG AGG GGG GGT GTG TGG GGC GCC CCT CTC TCG	2222222220222222222222220	Heart-Cardio	25439
ATG TGA GAG AGT GTG TGC GCC CCC CCC CCG CGA GAG AGT GTT TTA TAT ATC TCC CCC CCT CTC TCC CCT CTC TCT CTC TCT CTG TGT GTT TTC TCA CAA AAG AGT GTT TTC TCG CGC GCT CTA TAA AAC ACT CTA TAA AAT ATC TCA CAC ACC CCC CCA CAG AGT GTA TAT ATC TCC CCA CAT ATG TGC GCT CTA TAT ATC TCG CGC GCT CTG TGG GGC GCC CCC CCT CTT TTC	222222222122222222222222222222222222212222222222222222222222222222202222222222	Oligodend	25359
ACA CAA AAG AGG GGT GTT TTT TTC TCC CCA CAA AAA AAA AAT ATA TAT ATC TCA CAA AAG AGG GGT GTA TAT ATG TGA GAA AAT ATT TTT TTC TCA CAG AGC GCC CCC CCT CTT TTT TTC TCA CAA AAT ATG TGT GTG TGT GTG TGC GCT CTT TTA TAT ATT TTG TGT GTT TTG TGA GAA AAT ATG TGA GAC ACT CTA TAA AAC ACC CCT CTG TGA GAG AGC GCA CAG AGC GCA CAG AGT GTT TTT TTG TGT GTT TTT TTG TGT GTC TCT CTG TGT GTC TCA CAG AGT GTT TTG TGA GAG AGG GGA GAC ACC CCA CAT ATA TAT ATA TAT ATT TTT TTA TAC ACC CCC CCC CCA CAT ATG TGA GAC ACT CTG TGC GCT CTG TGC GCC CCT CTA TAA AAG AGA GAG AGG GGT GTC TCA CAC ACA CAC ACT CTC TCG CGG GGG GGA GAG AGC GCA CAG AGG GGA GAC	22222222222222222222222222222222222222222222222222222222222222222222222222222222222222222222222222222222222222222222222222222222222222222222222212222222222	Oligodend	26178
AAG AGC GCC CCA CAG AGC GCT CTC TCC CCG CGC GCT CTG TGT GTC TCC CCG CGC GCA CAG AGC GCT CTG TGC GCT CTG TGC GCT CTC TCA CAT ATG TGA GAG AGC GCC CCT CTT TTT TTC TCA CAA AAT ATC TCT CTC TCT CTC TCT CTC TCC CCT CTG TGC GCT CTT TTC TCT CTG TGC GCT CTC TCT CTT TTA TAC ACG CGG GGA GAC	2222222220222222022222222222222222222222222222222222222222222222220222	Neuron	34786
ATT TTT TTG TGG GGT GTG TGG GGC GCC CCA CAA AAA AAT ATA TAA AAG AGT GTT TTA TAG AGG GGA GAA AAA AAA AAT ATA TAT ATT TTG TGC GCA CAT ATA TAC ACT CTC TCT CTC TCT CTA TAC ACT CTC TCC CCC CCT CTG TGT GTA TAA AAG AGA GAT ATA TAT ATT TTC TCA CAT ATA TAA AAG AGG GGC GCA CAC ACA CAT ATC TCA CAG AGC GCA CAA AAA AAC ACT CTG TGG GGT GTT TTT TTC TCC CCA CAC ACA CAG AGT GTA TAA AAA AAG AGA GAA AAA AAC ACC CCC CCA CAC ACT CTG TGA GAA AAC ACT CTT TTT TTC TCT CTC TCT CTA TAA AAC ACC CCC CCA CAG AGA GAG AGT GTT TTT TTC TCT CTC TCA CAA AAA AAC ACT CTT TTG TGT GTT TTT TTG TGA GAC ACC CCA CAT ATG TGC GCA CAT ATT TTG TGC GCT CTT TTT TTC TCT CTG TGC GCC CCT CTA TAA AAC ACA CAT ATC TCT CTA TAT ATT TTA TAA AAT ATA TAT ATC TCC CCT CTA TAC ACT CTT TTT TTC TCC CCT CTA TAC ACT CTT TTT TTG TGG GGG GGG GGA GAG AGG GGG GGC GCT CTG TGC GCT CTT TTT TTG TGG GGG GGC GCA CAA AAG AGG GGG GGG GGG GGA GAG AGA GAT ATG TGG GGC GCA CAA AAA AAA AAA AAG AGA GAA AAA AAG AGA GAG AGA GAA AAT ATC TCA CAT ATC TCC CCG CGC GCT CTC	222222222222222222222222222222222222222222222222222222222222222222222222222222222222222222222222222222222222222222222222222222222222222222222222222222222222222222222222222222222222222222222222222222222222222222222222222222222222222222222222222221222	Neuron	25626
ATG TGG GGA GAG AGG GGC GCT CTG TGC GCG CGG GGC GCT CTG TGG GGG GGT GTT TTG TGT GTG TGC GCT CTT TTC TCC CCT CTA TAA AAG AGG GGG GGT GTG TGA GAC ACA CAG AGC GCA CAT ATG TGG GGG GGT GTG TGA GAC ACT CTC TCT CTG TGG GGG GGT GTA TAT ATC TCT CTA TAG AGG GGA GAC ACC CCT CTC TCT CTG TGG GGC GCA CAA AAC ACC CCA CAT ATC TCA CAC ACC CCC CCC CCA CAT ATA TAT ATC TCA CAC ACA CAC ACT CTG TGC GCA CAG AGA GAG AGT GTG TGA GAG AGT GTG TGT GTC TCG CGT GTG TGG GGT GTT TTG TGG GGG GGG GGT	2222222221222222222222222222222222222222222222222222222222222222222222222222222222222222222222222222222222212222222222	Heart-Cardio	35110
GGG GGG GGC GCT CTG TGA GAG AGC GCC CCG CGC GCT CTG TGG GGC GCT CTT TTT TTA TAG AGA GAT ATC TCT CTG TGC GCC CCC CCC CCA CAT ATG TGG GGG GGG GGC GCC CCT CTT TTG TGG GGT GTC TCA CAT ATG TGG GGG GGC GCA CAG AGG GGA GAA AAG AGG GGC GCT CTG TGG GGG GGC GCT CTG TGC GCA CAC ACC CCC CCC CCC CCA CAA AAT ATG TGC GCC CCT CTC TCC CCC CCT CTT TTC TCC CCC CCT CTT TTC TCC CCT CTT TTG TGA GAG AGG GGA GAT ATG TGA GAG AGG GGC GCC CCA CAG AGC GCA CAC ACT CTC TCA CAA AAA AAG AGT GTA TAA AAG AGG GGG GGC GCT CTT TTG TGG GGT GTG TGT GTT TTG TGT GTT TTC TCA CAG AGA GAC ACA CAG AGA GAG AGC GCC CCC CCG CGT GTC TCA CAC ACA CAG AGG GGC GCC CCC	222222222122222222222222222222222222222222222222222222222222222222222222222222222222222222222222222222222222222222222222222222222222222222222222202222222222	Oligodend	35034
CCC CCC CCA CAT ATG TGT GTT TTT TTT TTT TTG TGG GGA GAA AAT ATT TTA TAA AAA AAT ATG TGT GTT TTC TCT CTT TTT TTA TAC ACT CTT TTC TCT CTG TGA GAT ATT TTA TAA AAC ACT CTT TTT TTT TTT TTC TCT CTT TTT TTG TGT GTC TCC CCC CCT CTT TTT TTT TTC TCA CAA AAG AGG GGA GAG AGA GAT ATA TAC ACT CTA TAA AAG AGG GGA GAG AGA GAA AAC ACA CAC ACA CAC ACA CAA AAA AAT ATT TTG TGA GAG AGA GAT ATA TAA AAT ATT TTG TGC GCA CAC ACT CTG TGA GAT ATA TAC ACT CTG TGA GAT ATC TCT CTT TTA TAT ATA TAT ATT TTG TGT GTT TTT TTT TTA TAT ATT TTT TTA TAT	2222222222222222222222222222222222222222222222222222222222222222222222222222222222222222222222222222222222222222222222222222222222	Oligodend	25273
GCC CCC CCT CTG TGG GGG GGT GTG TGC GCG CGA GAA AAC ACA CAT ATC TCT CTC TCT CTA TAA AAG AGG GGG GGA GAA AAG AGC GCC CCA CAA AAC ACT CTC TCA CAC ACC CCA CAC ACC CCT CTC TCA CAC ACG	222222222022222222222222222222222222222222220	Heart-Cardio	26014
TAA AAG AGT GTA TAT ATG TGG GGC GCC CCG CGT GTG TGT GTG TGG GGC GCC CCG CGG GGC GCT CTG TGT GTT TTC TCT CTG TGT GTG TGC GCA CAC ACA CAA AAG AGG GGG GGC GCT CTA TAT ATG TGC GCC CCT CTT TTT TTG TGT GTT TTC TCA CAG AGT GTA TAC ACT CTC TCC CCA CAA AAT ATG TGA GAG AGC GCG CGC GCC CCA CAT ATG TGC GCC CCC CCG CGG GGG GGC GCA CAG AGC GCT CTG TGT GTG TGC GCT CTG TGG GGG GGA GAG AGA GAG AGA GAA AAT ATG TGG GGG GGC GCG CGG GGG GGT GTG TGC GCT CTG TGG GGC GCC	22222222212222222122222222222222222222222222222222222222222222222212222222212222222222222222222222222212222222222	Heart-Cardio	36384
GGG GGC GCG CGT GTC TCG CGT GTG TGG GGT GTG TGC GCG CGT GTG TGT GTC TCT CTG TGT GTA TAA AAT ATC TCC CCC CCA CAG AGC GCT CTA TAC ACT CTC TCG CGG GGG GGA GAG AGG GGC GCT CTG TGA GAG AGG GGC GCA CAT ATG TGA GAG AGA GAA AAT ATC TCG CGC GCT CTT TTG TGA GAA AAC ACC CCC CCA CAG AGG GGA GAG AGG GGT GTG TGG GGA GAG AGG GGT GTT TTG TGC GCA CAG AGT GTG TGA GAT ATA TAT ATT TTG TGC GCG CGC GCC CCA CAC ACT CTG TGC GCA CAC ACT CTC TCC CCA CAG AGC GCA CAG AGC GCC CCT CTG TGG GGG GGC GCA CAA AAC ACG	22122122222202222222222222222222221222222222222222222222122222222222222222222222222222222222212222222222222222222222222221	Oligodend	34685
ACA CAT ATG TGC GCA CAA AAA AAG AGC GCG CGT GTG TGA GAT ATT TTT TTC TCT CTC TCC CCT CTG TGC GCG CGG GGA GAA AAT ATC TCT CTC TCA CAC ACT	2222222221222222222222212222222222	Heart-Cardio	35165
CAT ATG TGA GAG AGC GCC CCA CAC ACC CCG CGT GTG TGC GCC CCC CCA CAG AGC GCC CCA CAT ATT TTT TTT TTT TTG TGT GTA TAT ATT TTC TCT CTT TTA TAA AAT ATA TAG AGA GAG AGA GAC ACG CGA GAG AGG GGT GTT TTT TTC TCA CAC ACC	22222222202222222222222222222222222222222202222222222	Heart-Cardio	26263
GCT CTC TCC CCC CCT CTC TCT CTT TTC TCG CGA GAG AGC GCC CCT CTC TCA CAC ACA CAG AGT GTT TTT TTG TGC GCT CTC TCA CAT ATC TCG CGG GGT GTA TAA AAA AAA AAT ATG TGG GGA GAG AGT GTA TAA AAT ATG TGA GAT ATA TAA AAT ATA TAC ACT CTT TTG TGT GTG TGA GAA AAG AGA GAT ATT TTA TAA AAA AAT ATT TTA TAG AGG GGC GCT CTA TAT ATG TGT GTT TTA TAA AAG AGA GAA AAA AAC ACG CGG GGC GCT CTA TAG AGC GCT CTT TTC TCT	22222222212222222222222222222212222222222222222222222222222222222222222222222222222222212222222222	Oligodend	25681
TCT CTG TGC GCA CAG AGT GTC TCA CAC ACG CGC GCT CTG TGG GGG GGT GTC TCA CAC ACG CGT GTG TGC GCT CTC TCC CCA CAG AGT GTC TCA CAG AGC GCC CCA CAA AAG AGC GCT CTG TGC GCA CAG AGC GCG CGG GGC GCC CCA CAC ACC CCA CAA AAG AGG GGG GGT GTG TGC GCC CCC CCA CAG AGG GGG GGT GTC TCT CTG TGG GGC GCC CCT CTG TGT GTT TTG TGG GGT GTC TCA CAC ACA CAG AGT GTG TGT GTT TTG TGA GAC ACC CCT CTC TCA CAT ATG TGG GGC GCC CCT CTG TGA GAA AAA AAT ATG TGG GGG GGT GTC TCT CTT TTC TCC CCC CCT CTG TGC GCC CCC CCA CAG AGA GAC ACA CAG AGG GGT GTT TTC TCC CCA CAG AGC GCC CCC CCA CAC ACC CCA CAT ATC TCA CAT ATC TCT CTA TAT ATC TCT CTG TGC GCC CCT CTC TCA CAG AGC GCC CCC CCT CTG TGG GGT GTG TGG GGG GGT GTA TAG AGG GGG GGA GAG AGT GTG TGG GGC GCT CTG TGG GGG GGA GAG AGA GAC ACC CCC CCT CTG TGC GCC CCC CCC CCT CTC TCA CAC ACA CAC ACC CCC CCT CTG TGG GGG GGC GCT CTT TTT TTG TGC GCG CGG GGT GTA TAT ATT TTC TCA CAA AAC	2222222220222222222022222222222222222222222202222222222222222222222222222222222222222222222222222222222222222222222222222222222222222222222222222222222222222222222222222222222222222222222222222222222222222222222220222222222	Neuron	34993
AAA AAA AAG AGA GAA AAG AGA GAC ACT CTG TGG GGG GGA GAC ACT CTC TCT CTT TTG TGT GTC TCT CTC TCA CAA AAA AAA AAA AAG AGG GGA GAA AAA AAA AAA AAA AAA AAA AAA AAT ATA TAA AAT ATT TTG TGG GGG GGG GGG GGC GCC CCA CAG AGG GGA GAC ACA CAT ATG TGG GGA GAA AAG AGG GGG GGT GTT TTG TGG GGG GGA GAG AGG GGC GCC CCA CAG AGA GAG AGA GAG AGT GTC TCT CTT TTG TGT GTG TGG GGA GAT ATA TAG AGG GGG GGG GGT GTT TTA TAA AAG AGC GCT CTG TGC GCT CTT TTT TTC TCC CCA CAC ACA CAA AAC ACC CCT CTG TGG GGA GAA AAA AAT ATC TCT CTG TGC GCG	22222222222222222222222222222222222222222222222222222222222222222222222222222222222222222222222222222222222222222222222222222221	Neuron	36581
CTG TGC GCC CCC CCT CTC TCA CAC ACC CCG CGC GCC CCC CCC CCT CTG TGG GGC GCC CCT CTG TGG GGA GAC ACC CCA CAC ACT CTG TGC GCT CTG TGG GGT GTC TCT CTC TCT CTG TGC GCT CTT TTC TCC CCT CTG TGC GCA CAG AGC GCC CCC CCC CCA CAT ATC TCT CTC TCC CCA CAC ACA CAA AAA AAA AAT ATG TGC GCC CCC CCG CGA GAA AAT ATG TGA GAC ACC CCT CTA TAT ATT TTC TCG CGG GGA GAG AGT GTC TCT CTA TAA AAA AAT ATC TCC CCG CGA GAT ATT TTT TTA TAT ATC TCA CAT ATG	22222222202222222222222222222222222222222222222222222222222222222222220222222222222022222222222212222222222	Heart-Cardio	25495
CTG TGT GTC TCA CAA AAA AAC ACC CCC CCG CGT GTG TGA GAG AGG GGT GTG TGT GTG TGG GGC GCC CCA CAG AGT GTC TCC CCC CCG CGA GAG AGA GAA AAA AAA AAA AAC ACT CTG TGC GCG	22222222212222222222222222221222222222221	Oligodend	26107
GGT GTG TGC GCT CTC TCG CGG GGC GCA CAG AGA GAG AGA GAC ACC CCT CTG TGG GGT GTC TCA CAG AGG GGT GTG TGG GGT GTC TCA CAG AGA GAG AGC GCG CGA GAG AGG GGC GCA CAC ACT CTG TGG GGC GCC CCC CCC CCA CAA AAT ATC TCC CCA CAG AGC GCC CCA CAG AGC GCC CCC CCC CCG CGA GAG AGC GCC CCC CCA CAT ATG TGA GAG AGG GGT GTC TCA CAG AGC GCA CAG AGT GTG TGA GAT ATC TCC CCT CTG TGC GCG CGG GGC GCA CAT ATT TTT TTG TGC GCC CCA CAT ATG TGA GAG AGC GCC CCG CGG GGG GGC GCA CAT ATG TGC GCT CTA TAG AGC GCG CGA GAT ATT TTT TTA TAT ATA TAC ACA CAA	2222202222222222222222222222222220222222222222222222222222222212222222222222222222222222221222222222222222212222222222212222222222	Oligodend	26137
CCC CCA CAG AGA GAC ACT CTC TCA CAC ACG CGC GCC CCT CTT TTC TCT CTG TGA GAT ATG TGT GTC TCC CCC CCA CAC ACA CAC ACG CGG GGT GTG TGC GCT CTC TCC CCT CTT TTC TCC CCT CTT TTG TGA GAC ACT CTC TCT CTG TGC GCG CGC GCA CAG AGC GCA CAT ATC TCG CGG GGA GAT ATG TGT GTT TTC TCA CAC ACC CCC CCA CAG AGA GAC ACC CCG	2222222221222222222222222222022222222222222222222212222222122222222222222221	Neuron	26060
GTC TCA CAG AGG GGA GAG AGA GAT ATC TCG CGA GAG AGA GAC ACC CCA CAT ATC TCC CCT CTG TGG GGC GCT CTA TAA AAC ACA CAT ATG TGG GGT GTG TGA GAA AAA AAC ACC CCC CCC CCG CGT GTC TCT CTC TCT CTA TAC ACT CTA TAA AAA AAA AAA AAT ATA TAC ACG CGA GAA AAA AAA AAG AGA GAT ATT TTT TTG TGC GCT CTG TGA GAG AGC GCG CGT GTG TGG GGT GTG TGG GGC GCA CAG AGG GGC GCG CGC GCC CCT CTG TGT GTA TAG AGT GTC TCC CCC CCA CAG AGC GCT CTA TAC ACT CTC TCT CTG TGG GGA GAG AGG GGC GCT CTG TGA GAG AGG GGC GCA CAG AGG GGA GAG AGA GAA AAT ATA TAG AGC GCA CAT ATG TGA GAA AAC ACC CCT CTG TGG GGG GGA GAA AAG AGC GCA CAG AGA GAG AGC GCT CTT TTG TGC GCA CAG AGT GTG TGA GAG AGC GCC CCG CGA GAG AGA GAT ATC	222222222022222222222222222222222222222202222222222222222122222222222222221222222222221222222222222222222222222222222222222222222222222222222222222222222222222222122222	Neuron	37248
CCA CAT ATG TGA GAT ATG TGC GCC CCC CCG CGG GGC GCC CCT CTG TGC GCT CTC TCT CTA TAG AGA GAG AGT GTA TAA AAA AAT ATT TTG TGA GAT ATG TGG GGT GTC TCC CCC CCC CCA CAT ATT TTC TCT CTT TTT TTG TGC GCT CTC TCA CAT ATT TTT TTA TAT ATT TTT TTT TTG TGT GTC TCT CTT TTT TTG TGA GAT ATC TCT CTT TTA TAG AGA GAC ACA CAC ACC CCA CAT ATA TAA AAG AGC GCC CCC CCA CAC ACA CAT ATG TGG GGA GAT ATG TGG GGC GCC CCC CCG CGA GAG AGC GCC CCC CCA CAT ATC TCT CTG TGT GTC TCT CTG TGC GCA CAT ATG TGC GCA CAG AGA GAG AGC GCC CCT CTG TGT GTC TCT CTC TCT CTT TTT TTC TCC CCA CAT ATT TTG TGT GTG TGT GTG TGC	2222222221222222222222222222222222222222222222222222222222222222222222222222222222222222222222222221222222222222222222222222222222222222222222222	Heart-Cardio	36653
AGG GGA GAG AGT GTC TCA CAA AAG AGC GCG CGG GGA GAT ATA TAA AAA AAC ACA CAG AGA GAA AAG AGC GCT CTT TTA TAT ATC TCT CTA TAA AAG AGT GTG TGA GAA AAC ACT CTG TGA GAT ATT TTC TCT CTT TTC TCT CTC TCA CAT ATA TAC ACA CAA AAG AGC GCA CAA AAA AAT ATC TCC CCT CTG TGA GAC ACC CCC CCC CCT CTT TTT TTC TCA CAT ATG TGG GGT GTT TTT TTT TTC TCA CAA AAT ATG TGT GTC TCA CAT ATG TGA GAT ATG TGA GAT ATC TCG CGG GGA GAA AAA AAA AAG AGA GAC ACA CAG	222222222122222222222222222222222222222222222222222222222222222222222222222222222222222222222222212222222222	Heart-Cardio	26061
CAT ATT TTC TCA CAT ATA TAC ACT CTC TCG CGT GTG TGG GGG GGC GCA CAC ACT CTA TAC ACC CCT CTT TTA TAG AGA GAC ACC CCT CTA TAC ACT CTA TAA AAG AGC GCT CTG TGG GGA GAA AAA AAT ATT TTG TGT GTA TAA AAG AGG GGG GGC GCA CAG AGG GGG GGC GCC CCT CTG TGC GCA CAA AAT ATT TTT TTG TGT GTG TGT GTG TGT GTG TGT GTG TGT GTG TGT GTG TGT GTG TGT GTG TGT GTG TGT GTG TGT GTG TGT GTG TGT GTG TGT GTG TGT GTG TGT GTG TGT GTG TGT GTG TGT GTG TGT GTG TGT GTG TGT GTT TTT TTA TAA AAG AGA GAC ACA CAG AGA GAG AGT GTC TCT CTC TCA CAC ACT CTC TCT CTG TGT GTC TCG CGC GCT CTC TCA CAG AGG GGC GCT CTG TGG	222222222022222222222222222222222222222222222222222222222222222222222222222222222222222222222222222222222222222222222222222222222222202222222222	Heart-Cardio	25823
GCG CGA GAC ACG CGT GTT TTT TTT TTC TCA CAC ACA CAT ATC TCT CTT TTT TTC TCT CTG TGC GCC CCA CAA AAG AGG GGC GCT CTA TAT ATC TCA CAC ACC CCT CTG TGA GAC ACA CAC ACC CCG CGA GAG AGA GAT ATG TGT GTA TAC	02202222222222222222222222222222222222222022222222	Heart-Cardio	35101
TCA CAC ACC CCA CAG AGA GAT ATT TTC TCG CGT GTA TAA AAG AGT GTT TTT TTT TTT TTC TCA CAC ACA CAC ACA CAA AAG AGT GTT TTA TAG AGC GCT CTT TTC TCC CCA CAG AGT GTG TGT GTG TGT GTT TTT TTG TGT GTT TTC TCA CAG AGT GTA TAC ACA CAA AAC ACA CAG AGA GAA AAT ATC TCA CAT ATT TTA TAG AGT GTC TCC CCT CTT TTA TAA AAG AGT GTA TAT ATT TTC TCT CTC TCG CGG GGC GCT CTT TTA TAC ACT CTG TGT GTC TCT CTC TCA CAC ACG CGG GGT GTT TTA TAG AGT GTT TTT TTA TAC ACA CAG AGT GTT TTT TTA TAT ATG TGA GAA AAC ACC CCA CAT ATT TTT TTT TTG TGG GGT GTA TAA AAC ACT CTG TGA GAC ACA CAC ACC CCT CTG TGG GGA GAA AAT ATG TGT GTA TAC ACT CTG TGA GAC ACT CTT TTG TGC GCA CAT ATG TGC GCT CTG TGA GAC ACA CAT ATT TTT TTA TAA AAT ATA TAA AAA AAA AAT ATG TGT GTT TTG TGA GAT ATG TGG GGA GAT ATG TGG GGA GAC ACG CGA GAG AGT GTT TTA TAT ATG TGA GAG AGG GGG GGA GAA AAG AGG GGA GAA AAG AGG GGA GAA AAT ATA TAT ATT TTA TAC ACA CAT ATT TTG TGT GTG TGA GAA AAC ACA CAC ACG	222222222022222222222222222222222222222222222222222222222222222222222222222222222220222222222222220222222222222222222222222222222222222222222222222222222222222222222222222222222222222222222220222222222222222222222222222222222222221	Heart-Cardio	25448
AAT ATC TCT CTG TGA GAG AGA GAA AAC ACG CGC GCA CAC ACG CGG GGT GTG TGA GAC ACA CAC ACA CAG AGG GGC GCC CCC CCC CCT CTT TTC TCA CAG AGC GCA CAC ACT CTG TGA GAG AGG GGT GTC TCT CTC TCA CAT ATC TCT CTG TGG GGG GGG GGG GGA GAT ATG TGC GCG CGA GAA AAG AGA GAG AGG GGG GGG GGA GAG AGG GGG GGC GCA CAC ACC CCA CAG AGT GTT TTC TCT CTG TGG GGG GGG GGG GGT GTG TGG GGT GTG TGG GGC GCA CAT ATG TGG GGG GGA GAG AGG GGA GAG AGT GTG TGA GAG AGG GGT GTG TGG GGG GGG GGT GTT TTG TGC GCT CTT TTT TTC TCC CCT CTT TTC TCT CTG TGC GCT CTG TGC GCT CTG TGA GAT ATA TAG AGT GTC TCG CGT GTG TGG GGA GAT ATG TGT GTT TTT TTG	222222222122212222222222222222222222222222222222222222222212222222222222222222222222222222222222222222222222222222222222222222222222222222212222222222	Neuron	36493
TGG GGG GGG GGT GTG TGG GGA GAC ACC CCG CGA GAG AGC GCG CGG GGG GGG GGC GCC CCA CAT ATG TGA GAG AGG GGG GGA GAG AGG GGT GTC TCA CAC ACC CCA CAA AAG AGC GCT CTG TGG GGG GGT GTA TAG AGG GGA GAA AAG AGA GAT ATG TGG GGT GTG TGG GGC GCA CAA AAG AGA GAC ACC CCA CAG AGC GCA CAG AGG GGA GAG AGG GGG GGC GCC CCG CGG GGG GGA GAC ACC CCC CCA CAC ACA CAT	22222222212221222222222222222222222222222222222222222222222222222222222222212222222222	Oligodend	34413
GGT GTG TGG GGC GCT CTC TCA CAT ATG TGC GCC CCT CTG TGT GTA TAA AAT ATC TCC CCT CTA TAG AGC GCA CAC ACT CTT TTC TCA CAG AGG GGA GAG AGG GGC GCC CCA CAA AAG AGG GGC GCG CGG GGG GGT GTG TGG GGA GAT ATC TCA CAC ACT CTT TTG TGA GAG AGG GGC GCC CCA CAG AGG GGA GAG AGT GTT TTT TTG TGA GAG AGA GAC ACC CCT CTG TGG GGC GCC CCA CAA AAG AGA GAT ATG TGA GAT ATG TGA GAG AGA GAC ACC CCC CCC CCA CAT ATC TCT CTC TCT CTA TAC ACT CTA TAA AAA AAA AAA AAT ATA TAC ACA CAA AAA AAA AAA AAT ATT TTA TAG AGC GCT CTG TGG GGA GAG AGT GTG TGC GCA CAG AGT GTG TGG GGT GTG TGC GCG CGA GAT ATC TCT CTC TCA CAG AGC GCT CTG	22222222222222222222222222222222222222222122222222222222222222222222222222222222222222222222222222222222222222222222222222222222222222222212222222222	Oligodend	34595
TGG GGA GAG AGG GGC GCC CCG CGA GAG AGG GGG GGG GGA GAG AGG GGA GAG AGG GGG GGG GGG GGA GAA AAG AGC GCA CAA AAA AAT ATA TAA AAA AAG AGG GGG GGA GAA AAA AAA AAG AGA GAC ACT CTG TGC GCG CGG GGG GGG GGC GCA CAG AGC GCA CAG AGA GAG AGC GCA CAG AGC GCA CAG AGA GAA AAA AAT ATC TCG CGG GGA GAG AGT GTG TGT GTG TGA GAG AGA GAG AGG GGC GCG CGG GGT GTG TGG GGA GAG AGT GTC TCC CCC CCT CTC TCC CCC CCG CGA GAG AGG GGG GGG GGA GAC ACC CCG CGG GGG GGA GAC ACT CTC TCT CTC TCC CCC CCG CGG GGT GTC TCC CCA CAG AGG GGA GAA AAA AAG AGC GCA CAC ACG CGA GAG AGG GGA GAC ACA CAG AGC GCT CTT	22222202222222222222222222222222222222222222202222222222222222222222022222222222220222222222222220222222220222222222202222222222222202222222222	Heart-Cardio	34584
TTG TGA GAT ATG TGT GTG TGG GGC GCC CCG CGT GTG TGG GGG GGA GAG AGC GCT CTG TGG GGT GTG TGG GGC GCA CAA AAT ATT TTC TCT CTT TTT TTT TTC TCT CTG TGA GAT ATT TTG TGC GCT CTT TTC TCT CTA TAT ATT TTT TTT TTC TCT CTC TCA CAA AAA AAG AGA GAA AAA AAA AAA AAG AGG GGA GAA AAG AGT GTA TAA AAT ATG TGT GTC TCA CAT ATC TCA CAG AGC GCT CTA TAA AAG AGA GAG AGT GTG TGA GAG AGG GGA GAT ATG TGG GGG GGG GGA GAG AGG GGA GAG AGG GGT GTG TGT GTG TGG GGA GAA AAG AGG GGT GTT TTT TTG TGA GAA AAG AGA GAG AGA GAC ACA CAA AAG AGA GAT ATA TAT ATG TGA GAA AAA AAT ATA TAG AGT GTT TTG TGT GTC TCC CCC CCA CAG AGA GAA AAA AAT ATG TGA GAA AAG AGA GAG AGG GGG GGA GAA AAT ATG TGG GGA GAG AGT GTC TCG CGG GGG GGA GAA AAA AAT ATG TGC GCC CCT	2222222220222222222222222222222222222222222222222222222222222222222222222222222222222222222222222222222222222222222222222222222222222222222222222222222222222222222222212222222222	Oligodend	35062
TTA TAG AGT GTG TGA GAG AGG GGG GGC GCG CGG GGC GCA CAG AGC GCG CGG GGC GCA CAG AGA GAA AAC ACA CAA AAA AAG AGG GGA GAG AGA GAC ACT CTG TGG GGC GCA CAC ACA CAC ACG CGT GTG TGA GAA AAA AAC ACC CCC CCT CTC TCG CGC GCG CGT GTA TAA AAG AGG GGC GCG CGG GGG GGC GCA CAT ATG TGA GAC ACA CAC ACT CTC TCA CAC ACA CAG AGA GAC ACT CTG TGA GAT ATG TGA GAG AGC GCG CGT GTG TGA GAG AGT GTA TAG AGT GTG TGT GTG TGA GAA AAC ACA CAC ACT CTT TTG TGT GTG TGG GGG GGA GAT ATC TCT CTT TTG TGA GAG AGG GGG GGA GAA AAG AGC GCA CAG AGT GTA TAT ATC TCA CAC ACT CTA TAT ATT TTC TCC CCC CCA CAT ATT TTT TTT TTA TAA AAA AAG AGA GAG AGA GAG AGG GGT GTA TAA AAC ACT CTG TGA GAG AGC GCC CCC CCA CAG AGA GAA AAA AAT ATG TGT GTT TTT TTA TAG AGA GAA AAA AAC ACA CAG AGC GCC CCC CCC CCA CAG AGC GCT CTC TCT CTA TAA AAC ACT CTA TAT ATG TGA GAG AGC GCT CTG TGT GTG TGT GTG TGT GTG TGT GTA TAT ATG TGT GTA TAC ACC CCA CAG AGG GGG GGA GAA AAC ACT CTA TAT ATG TGA GAC ACC CCC CCC CCG	22222222202222202222222222222222222222220222222222202022222202222222222222222222222222202222222222222222222222222222222222222222222222222222222222222222222222222222222222222222222222222222222222222222222222222222222222222222222222222220	Oligodend	36436
GCC CCA CAC ACC CCA CAC ACG CGG GGT GTG TGG GGA GAA AAA AAG AGA GAA AAC ACA CAA AAA AAG AGA GAA AAT ATT TTC TCT CTC TCT CTG TGC GCT CTC TCT CTG TGT GTG TGC GCT CTG TGA GAA AAC ACG CGA GAT ATG TGG GGG GGG GGA GAT ATG TGT GTG TGT GTG TGC GCA CAA AAT ATG TGA GAA AAG AGA GAT ATG TGC GCC CCC CCT CTT TTT TTC TCA CAT ATC TCA CAC ACC CCT CTA TAA AAT ATC TCG CGT GTG TGA GAC ACT CTT TTG TGC GCC CCA CAT ATG TGA GAT ATC TCT CTT TTC TCA CAC ACA CAA AAC ACA CAG AGG GGC GCC CCA CAT ATT TTT TTT TTA TAT ATT TTA TAT ATC TCA CAA AAT ATA TAG AGA GAC ACT CTA TAC ACT CTT TTT TTA TAC ACT CTG TGT GTC TCT CTA TAA AAT ATG TGT GTG TGC GCT CTG TGA GAG AGA GAG AGG GGT GTG TGG GGG GGC GCC CCT CTC TCA CAT ATT TTA TAT ATA TAC ACA CAG AGA GAA AAT ATG TGA GAG AGG GGA GAG AGA GAC ACT CTG TGT GTC TCT CTC TCC CCG	22222202222222222222222222222222222222222222122222222222222222222222222222222222222222212222222222222222222222222222222222222222222222222222222222222222222222222222222222222222222222222222222222221	Heart-Cardio	37217
AGT GTG TGA GAG AGA GAC ACT CTC TCC CCG CGT GTC TCT CTC TCA CAA AAA AAA AAA AAA AAA AAA AAG AGA GAT ATT TTA TAA AAA AAT ATG TGT GTG TGT GTC TCG	222222222022222222222222222222222221	Neuron	25746
GGC GCG CGG GGC GCT CTG TGC GCA CAA AAT ATT TTG TGG GGG GGC GCT CTC TCT CTG TGA GAG AGG GGA GAG AGA GAA AAT ATG TGG GGG GGC GCG CGC GCT CTA TAT ATT TTT TTT TTT TTC TCC CCC CCT CTG TGA GAG AGC GCT CTT TTG TGA GAT ATG TGA GAG AGT GTG TGG GGT GTG TGC GCC CCC CCT CTG TGG GGC GCA CAG AGT GTG TGA GAA AAT ATC TCA CAA AAA AAA AAG AGA GAT ATT TTG TGA GAC ACC CCG	21222222222222222222222222222221222222222222222222222222222222222222222222222222222222221	Neuron	34383
AAG AGT GTT TTG TGT GTG TGA GAT ATC TCG CGC GCA CAG AGA GAA AAC ACT CTT TTC TCA CAT ATG TGC GCG CGC GCC CCA CAC ACA CAG AGA GAA AAG AGG GGG GGC GCA CAT ATT TTT TTT TTG TGG GGT GTC TCA CAG AGG GGG GGA GAT ATG TGG GGA GAC ACC CCA CAC ACA CAG AGA GAT ATA TAA AAC ACC CCA CAC ACT CTG TGT GTG TGG GGT GTC TCC CCC CCG CGT GTA TAG AGA GAT ATT TTA TAG AGA GAA AAC ACG CGC GCA CAG AGC GCC CCG CGG GGG GGA GAA AAA AAT ATT TTC TCC CCT	2222222220222222222222202222222222222222222222222222222222222222222222222222202222222222202222202222222222	Heart-Cardio	25905
GTC TCC CCA CAA AAG AGG GGA GAT ATC TCG CGG GGA GAA AAA AAG AGT GTG TGC GCT CTA TAA AAG AGC GCC CCA CAC ACT CTT TTT TTT TTA TAG AGG GGC GCC CCA CAA AAA AAC ACA CAT ATC TCA CAT ATC TCA CAG AGT GTG TGG GGC GCT CTC TCA CAA AAT ATT TTA TAT ATT TTT TTC TCG CGT GTA TAC ACT CTT TTG TGG GGT GTA TAT	2222222220222222222222222222222222222222222222222222222222222212222222222	Oligodend	25700
TTC TCC CCA CAC ACC CCA CAG AGC GCC CCG CGT GTA TAA AAC ACT CTA TAC ACA CAG AGC GCT CTT TTT TTG TGA GAT ATG TGG GGA GAA AAC ACA CAA AAG AGA GAG AGA GAC ACC CCG CGA GAT ATT TTT TTC TCA CAG AGT GTA TAA AAC ACT CTT TTC TCC CCT CTC TCT CTG TGG GGA GAC ACA CAA AAG AGA GAA AAT ATA TAA AAG AGC GCC CCC CCA CAT ATG TGG GGA GAT ATG TGG GGG GGC GCT CTC TCT CTG TGG GGC GCC CCG CGG GGC GCT CTG TGA GAT ATA TAG AGA GAG AGG GGC GCT CTG TGA GAG AGC GCA CAC ACT CTG TGG GGG GGA GAG AGC GCC CCT CTT TTC TCA CAT ATG TGT GTC TCC CCC CCT CTG TGT GTT TTT TTC TCA CAC ACC CCT CTT TTT TTA TAG AGA GAA AAG AGT GTG TGC GCA CAG AGA GAG AGC GCC CCT CTG TGC GCC CCT CTG TGG GGG GGA GAT ATG TGC GCA CAC ACG CGT GTA TAG AGA GAT ATG TGT GTT TTA TAA	222222222122222222222222222222222222222122222222222222222222222222222222222222222222222222212222222222222222222222222222222222222222222222222222222222222222222222222222202222222222	Neuron	37036
ACA CAT ATT TTT TTC TCC CCC CCA CAC ACG CGC GCC CCA CAA AAG AGT GTC TCT CTG TGG GGC GCC CCG CGG GGG GGG GGT GTC TCC CCC CCT CTC TCT CTG TGC GCC CCA CAA AAG AGC GCT CTC TCA CAG AGG GGC GCC CCC CCA CAG AGC GCC CCC CCC CCT CTG TGG GGA GAG AGA GAA AAG AGC GCC CCT CTG TGT GTG TGT GTG TGA GAG AGG GGC GCC CCC CCG CGT GTG TGG GGT GTG TGG GGG GGG GGG GGC GCG CGT GTG TGC GCC CCG CGA GAC ACA CAG AGA GAA AAG AGG GGC GCA CAG AGC GCG	2222222220222222222222022222222222222222222222222222222222222222222222222222022222222220222202222222222220	Oligodend	37215
CAA AAG AGA GAT ATC TCA CAC ACA CAC ACG CGA GAC ACT CTG TGT GTA TAC ACT CTC TCC CCA CAG AGC GCC CCT CTG TGA GAG AGC GCA CAA AAC ACA CAG AGA GAG AGC GCA CAA AAG AGG GGC GCT CTC TCT CTG TGT GTC TCT CTC TCA CAA AAA AAA AAA AAA AAA AAA AAA AAA AAA AAA AAA AAA AAG AGT GTG TGT GTC TCC CCC CCT CTG TGA GAT ATA TAT ATG TGT GTA TAA AAT ATA TAG AGT GTG TGG GGT GTT TTC TCA CAG AGA GAG AGG GGC GCT CTT TTC TCA CAA AAA AAA AAT ATG TGA GAA AAC ACC CCT CTG TGT GTA TAT ATT TTT TTA TAA AAT ATT TTA TAA AAA AAA AAT ATC TCT CTG TGG GGT GTC TCC CCT CTT TTG TGA GAA AAA AAT ATG TGT GTT TTA TAA AAG AGC GCT CTT TTG TGG GGC GCA CAG AGT GTT TTT TTA TAA AAC ACA CAT ATT TTA TAA AAT ATC TCC CCG CGC GCA CAA AAA AAT ATT TTC TCT CTG TGA	2222222220222222222222222222222222222222222222222222222222222222222222222222222222222222222222222222222222222222222222222222222222222222222222222222222222222222222222202222222222	Oligodend	37124
GTT TTA TAA AAA AAC ACG CGC GCA CAA AAT ATA TAC ACT CTT TTA TAC ACT CTA TAC ACT CTT TTC TCA CAG AGT GTA TAC ACT CTT TTG TGT GTC TCA CAT ATA TAT ATG TGC GCT CTG TGA GAA AAT ATA TAA AAT ATG TGT GTT TTC TCA CAG AGA GAT ATT TTT TTT TTC TCT CTC TCA CAG AGA GAC ACT CTG TGA GAC ACA CAC ACT CTT TTC TCC CCA CAG AGT GTC TCT CTT TTT TTC TCG CGG GGT GTT TTT TTA TAT ATA TAC ACT CTT TTT TTT TTT TTC TCC CCC CCA CAA AAC ACC CCT CTT TTT TTG TGA GAG AGT GTA TAT ATC TCT CTT TTC TCC CCA CAT ATA TAA AAC ACT CTT TTT TTC TCT CTC	22222122222222222222222222222222222222222222222222222222222222222222222222222222221222222222222222222222222222222222222222222222	Neuron	25473
TAT ATG TGC GCA CAC ACA CAC ACA CAC ACG CGC GCG CGT GTA TAC ACC CCG CGA GAC ACC CCA CAC ACC CCA CAC ACA CAC ACA CAT ATA TAA AAT ATC TCC CCT CTA TAA AAT ATA TAT ATC TCA CAC ACG	22222222212122221222222222222222222222222221	Neuron	25553
GCA CAC ACA CAG AGG GGC GCC CCG CGA GAG AGA GAG AGC GCA CAG AGT GTG TGG GGC GCT CTC TCA CAC ACG CGC GCC CCT CTG TGT GTA TAA AAT ATC TCC CCC CCA CAG AGC GCA CAG AGT GTT TTT TTG TGG GGG GGA GAG AGG GGC GCC CCG CGA GAG AGG GGC GCA CAG AGG GGT GTG TGC GCA CAT ATC TCG CGC GCT CTT TTG TGA GAG AGG GGA GAC ACA CAG AGG GGA GAG AGT GTT TTC TCG CGA GAG AGA GAC ACT CTA TAG AGG GGC GCT CTG TGG GGC GCC CCA CAA AAC ACA CAT ATG TGG GGT GTG TGA GAA AAA AAC ACC CCC CCC CCA CAT ATC TCT CTC TCT CTA TAC ACT CTA TAA AAA AAA AAA AAT ATA TAC ACA CAA AAA AAA AAA AAA AAA AAA AAA AAA AAA AAA AAA AAA AAA AAA AAT ATT TTA TAA AAC ACC CCG CGG GGC GCT CTG TGT GTG TGG GGT GTG TGG GGC GCG	2222222122222222222222212222222222222222222222222221222222222222212222222222222222212222222222222222222222222222222222222222222222222222222222222222222221222222222221	Oligodend	34390
GGA GAC ACA CAG AGA GAC ACC CCC CCC CCG CGG GGG GGG GGC GCG CGG GGT GTC TCA CAC ACA CAT ATG TGT GTG TGT GTC TCC CCT CTT TTA TAT ATG TGA GAT ATC TCT CTT TTC TCC CCT CTT TTT TTC TCT CTC TCT CTA TAG AGC GCA CAC ACT CTG TGG GGG GGT GTT TTT TTT TTT TTC TCC CCA CAC ACC CCC CCT CTG TGA GAG AGC GCT CTG TGA GAG AGG GGT GTC TCC CCA CAT ATA TAA AAT ATC TCA CAA AAT ATC TCC CCC CCT CTT TTC TCC CCA CAC ACT CTC TCC CCT CTC TCA CAA AAA AAG AGG GGC GCT CTG TGC GCG	22222222202222022222222222222222222222222222222222222222222222222222222222222222222222222222222222222222222222220	Oligodend	37029
ATG TGG GGG GGT GTT TTT TTT TTT TTC TCG CGT GTC TCA CAG AGT GTT TTA TAT ATT TTT TTA TAC ACA CAG AGA GAT ATC TCC CCT CTA TAG AGC GCA CAA AAA AAT ATA TAC ACA CAC ACA CAA AAA AAG AGA GAA AAT ATA TAT ATG TGA GAA AAT ATC TCA CAG AGT GTT TTT TTT TTA TAG AGA GAT ATT TTT TTC TCT CTA TAA AAG AGT GTT TTT TTT TTC TCG CGA GAG AGT GTT TTG TGA GAT ATA TAG AGA GAA AAA AAC ACA CAC ACC CCA CAA AAA AAC ACG CGG GGT GTT TTT TTT TTA TAA AAA AAT ATT TTA TAG AGG GGA GAA AAA AAA AAG AGC GCT CTA TAA AAT ATC TCC CCA CAA AAG AGA GAC ACA CAG AGA GAA AAT ATT TTC	222222222122222222222222222222222222222222222222222222222222222222222222222202222222222222222222212222222222222222222222222222222222222	Neuron	36369
GAC ACA CAG AGA GAG AGT GTC TCT CTC TCG CGC GCT CTC TCT CTG TGT GTT TTG TGT GTC TCG CGA GAG AGG GGC GCT CTG TGG GGA GAG AGT GTG TGC GCA CAG AGT GTG TGG GGC GCA CAT ATG TGA GAT ATC TCT CTC TCA CAG AGC GCT CTC TCA CAC ACT CTG TGC GCA CAA AAG AGC GCT CTC TCT CTG TGC GCC CCT CTC TCC CCC CCG CGG GGG GGT GTT TTC TCA CAT ATG TGC GCC	2222222220222222222202222222222222222222222222222222222222222222222222202222222222	Oligodend	37069
TGC GCT CTT TTT TTC TCT CTC TCT CTC TCG CGT GTT TTC TCA CAC ACA CAC ACA CAT ATC TCA CAA AAA AAA AAC ACA CAA AAA AAG AGT GTC TCA CAC ACA CAG AGC GCG CGT GTC TCA CAG AGG GGT GTC TCC CCC CCG CGT GTC TCC CCA CAC ACC CCC CCT CTC TCT CTG TGT GTC TCT CTC TCA CAT ATG TGC GCC CCA CAG AGT GTC TCT CTT TTC TCT CTG TGT GTC TCC CCA CAC ACA CAC ACT CTG TGA GAC ACC CCA CAT ATG TGT GTC TCT CTT TTC TCA CAC ACT CTC TCC CCA CAG AGG GGC GCC CCT CTG TGC GCT CTG TGG GGC GCT CTT TTT TTT TTG TGC GCC CCT CTG TGC GCG CGT GTT TTC TCC CCT CTG TGC GCA CAG AGC	22222222212222222222222222222222222212222222221222222222222222222222222222222222222222222222222222222222222222222222222222212222222222	Oligodend	26026
ACA CAG AGA GAG AGC GCA CAA AAT ATC TCG CGC GCA CAG AGC GCA CAC ACT CTC TCG CGT GTA TAT ATT TTT TTT TTC TCA CAA AAA AAT ATA TAC ACG CGG GGC GCG CGC GCT CTC TCC CCA CAG AGG GGC GCA CAG AGC GCC CCC CCC CCT CTT TTC TCC CCC CCA CAT ATC TCT CTG TGT GTC TCA CAG AGC GCT CTT TTT TTG TGG GGC GCC CCC CCG CGG GGG GGG GGT GTG TGG GGA GAA AAA AAT ATT TTG TGA GAC ACT CTT TTG TGC GCC CCC CCT CTC TCT CTT TTA TAG AGC GCT CTG TGA GAG AGA GAA AAA AAC ACC CCG CGT GTT TTT TTG TGG GGC GCC CCA CAT ATG	2222222221222222221222222222222202212222222222222222222222222222222222222122222222222222222222222222222222222212222222222	Neuron	36648
GTT TTG TGC GCT CTC TCC CCG CGC GCC CCC CCT CTC TCA CAC ACT CTG TGC GCT CTC TCT CTT TTT TTG TGA GAT ATT TTA TAG AGC GCG CGC GCA CAC ACC CCA CAT ATC TCA CAA AAC	2222220222222222222222222222212222222222	Heart-Cardio	25961
ACC CCT CTC TCC CCA CAC ACA CAT ATC TCG CGG GGG GGC GCG CGT GTG TGT GTT TTT TTG TGG GGA GAA AAC ACG CGG GGA GAG AGG GGC GCC CCT CTC TCC CCA	22222222202220222222222202222222222	Heart-Cardio	25532
GTC TCT CTG TGA GAC ACT CTC TCG CGT GTT TTC TCA CAG AGT GTG TGG GGC GCT CTG TGA GAT ATG TGA GAA AAA AAG AGC GCG	2222222022222222222222222220	Heart-Cardio	25756
GAT ATG TGG GGG GGA GAA AAG AGA GAC ACG CGC GCA CAG AGG GGA GAG AGT GTG TGC GCA CAC ACC CCA CAG AGC GCT CTC TCC CCT CTC TCG CGT GTG TGC GCT CTC TCT CTG TGT GTG TGG GGC GCG CGA GAG AGG GGC GCC CCT CTC TCT CTG TGC	22222222202222222222222222222202222222222202222222222	Neuron	34481
GGG GGA GAG AGA GAG AGA GAC ACC CCC CCG CGG GGA GAG AGA GAG AGA GAG AGA GAC ACC CCA CAA AAC ACG CGC GCA CAG AGA GAG AGC GCG CGA GAC ACC CCA CAC ACA CAG AGC GCA CAA AAG AGA GAG AGG GGG GGA GAG AGA GAG AGA GAG AGA GAG AGA GAG AGA GAG AGA GAG AGA GAG AGG GGC GCA CAG AGT GTT TTG TGG GGA GAA AAA AAG AGA GAG AGG GGG GGA GAC ACA CAC ACA CAA AAA AAG AGA GAC ACG CGT GTA TAG AGA GAG AGA GAC ACA CAG AGA	222222222122222222222220222222122222222222222222222222222222222222222222222222222222222212222222222	Neuron	36989
TCT CTG TGT GTC TCA CAG AGC GCA CAG AGC GCA CAT ATC TCT CTG TGA GAC ACC CCT CTA TAA AAT ATT TTG TGG GGA GAC ACA CAC ACT CTC TCC CCC CCT CTC TCA CAT ATT TTG TGA GAA AAA AAC ACA CAG AGC GCT CTT TTC TCT CTT TTC TCC CCC CCA CAT ATG TGT GTT TTC TCC CCC CCC CCA CAA AAG AGA GAC ACA CAC ACC CCA CAT ATT TTC TCT CTC TCT CTC TCT CTC TCA CAG AGT GTC TCC CCT CTC TCT CTT TTC TCC CCT CTG TGT GTC TCT CTC TCA CAC ACT CTG TGG GGT GTT TTA TAT ATC TCC CCT CTC TCA CAT ATC TCC CCC CCC CCT CTT TTG TGG GGC GCT CTG TGG GGT GTT TTT TTC TCC CCT CTC TCT CTC TCA CAT ATA TAC ACC CCA CAC ACA CAA AAA AAC ACC CCA CAC ACT CTA TAA AAA AAT ATG TGT GTT TTA TAG AGA GAG AGG GGA GAC ACC CCC CCA CAA AAG AGG GGC GCC CCA CAG AGT GTC TCA CAC ACT CTG TGA GAT ATT TTT TTC TCT CTT TTT TTT TTT TTT TTG TGC GCT CTT TTT TTT TTT TTC TCT CTT TTT TTC TCT CTA TAC ACT CTT TTA TAT ATA TAC ACT	22222222222222222222222222222222222222222222222222222222222222222222222222222222222222222222222222222222222222222222222222222222222222222222222222222222222222222222222222222222222222222222222222222222222222222222	Neuron	25893
TTG TGT GTG TGA GAA AAG AGA GAT ATT TTA TAA AAA AAT ATG TGA GAG AGA GAT ATG TGA GAT ATA TAC ACA CAT ATG TGG GGA GAG AGA GAA AAT ATA TAC ACT CTT TTA TAG AGC GCA CAT ATA TAA AAT ATA TAC ACC CCT CTA TAG AGC GCA CAC ACA CAT ATA TAC ACA CAT ATG TGC GCT CTC TCT CTG TGT GTA TAA AAA AAA AAG AGT GTT TTT TTG TGT GTT TTG TGT GTT TTT TTC TCT CTA TAT ATA TAC ACA CAA AAA AAT ATG TGC GCT CTG TGA GAT ATG TGA GAT ATA TAA AAA AAA AAT ATG TGA GAA AAT ATG TGC GCA CAT ATT TTA TAA AAT ATT TTC TCA CAA AAG AGT GTT TTG TGG GGA GAA AAA AAA AAA AAA AAT	2222222222222222222222222222222222222222222222222222222222222222222222222222222222222222222222222222222222222222222222222222222222222	Neuron	37262
CCT CTT TTC TCC CCC CCC CCC CCA CAC ACG CGA GAA AAG AGG GGT GTC TCC CCC CCC CCT CTC TCT CTG TGT GTC TCA CAG AGA GAC ACC CCC CCC CCC CCC CCG CGA GAC ACC CCC CCT CTC TCA CAG AGC GCC CCT CTT TTC TCA CAC ACT CTC TCC CCC CCA CAG AGG GGA GAG AGA GAG AGC GCC CCT CTC TCC CCT CTT TTG TGG GGC GCC CCT CTG TGC GCT CTT TTT TTT TTC TCT CTT TTT TTT TTT TTT TTT TTC TCT CTT TTT TTT TTA TAC ACC CCT CTT TTT TTT TTT TTC TCT CTT TTT TTT TTT TTT TTT TTT TTT TTT TTT TTA TAA AAG AGT GTC TCG CGG GGA GAG AGT GTT TTG TGC GCT CTC TCT CTG TGT GTG TGG GGC GCC CCC CCA CAG AGG GGC GCT CTG TGG GGA GAG AGT GTA TAC ACA CAG AGT GTG TGG GGT GTG TGC GCA CAG AGT GTC TCC CCT CTA TAG AGC GCT CTC TCA CAC ACT CTG TGC GCA CAG AGC GCC CCT CTC TCC CCA CAC ACC CCT CTC TCC CCT CTG TGG GGG GGC GCT CTG TGA GAA AAG AGC GCG CGA GAT ATC TCC CCT CTC TCC CCC CCG	2222222220222222222222222222222222022222222222222222222222222222222222222222222222222222222222222222222222222222222221222222222222222222222222222222222222222222222222222222222222222222222222222221222222220	Oligodend	36560
CTT TTG TGG GGG GGA GAT ATT TTT TTC TCG CGC GCG CGG GGG GGA GAA AAC ACA CAA AAT ATC TCT CTT TTT TTT TTT TTA TAT ATC TCC CCC CCT CTG TGT GTC TCA CAT ATA TAT ATT TTT TTT TTA TAT ATT TTT TTA TAT ATT TTT TTT TTC TCT CTC TCT CTT TTC TCT CTG TGG GGG GGA GAA AAT ATG TGA GAT ATC TCA CAA AAA AAC ACC CCT CTT TTA TAA AAT ATG TGT GTG TGG GGT GTT TTT TTC TCC CCT CTA TAC ACA CAT ATG TGC GCA CAA AAA AAC ACC CCA CAA AAG AGA GAG AGG GGG GGG GGA GAG AGA GAG AGG GGT GTG TGG GGT GTT TTC TCA CAG AGC GCA CAT ATT TTA TAA AAG AGC GCT CTA TAT ATA TAA AAT ATA TAT ATT TTG TGA GAC ACA CAA AAG AGC GCA CAG AGG GGT GTT TTC TCT CTT TTA TAT ATT TTA TAC ACT CTA TAT ATA TAA AAT ATT TTA TAC ACA CAG AGC GCA CAG AGT GTA TAT ATT TTG	22222222212122222222222222222222222222222222222222222222222222222222222222222222222222222222222222222222222222222222222222222222222222222222222222222222222222222222222222222222	Heart-Cardio	36397
GGG GGA GAG AGG GGG GGA GAC ACG CGC GCG CGG GGG GGC GCC CCT CTG TGA GAG AGT GTA TAC ACC CCG CGT GTC TCT CTT TTG TGG GGC GCC CCG CGC GCG CGC GCC CCG CGC GCG CGG GGC GCG CGT GTA TAG AGG GGT GTC TCC CCA CAG AGC GCT CTT TTG TGA GAG AGC GCT CTG TGC GCT CTG TGG GGT GTT TTC TCT CTG TGC GCT CTG TGG GGA GAG AGC GCA CAG AGG GGG GGT GTC TCT CTT TTC TCA CAT ATG TGT GTT TTG TGT GTT TTC TCT CTT TTC TCA CAG AGC GCT CTC TCC CCG	22222220202222222222220222222220202202022022222222222222222222222222222222222222222222222222222222222220	Neuron	34811
GCG CGG GGC GCA CAG AGG GGC GCA CAC ACC CCG CGA GAG AGC GCT CTT TTG TGC GCC CCG CGA GAC ACT CTG TGC GCA CAT ATG TGC GCC CCC CCG	02222222220222222220222222222220	Neuron	34743
GAC ACG CGG GGC GCA CAG AGG GGG GGC GCT CTC TCT CTG TGG GGA GAC ACC CCC CCA CAC ACT CTC TCG CGA GAG AGA GAG AGC GCC CCC CCA CAG AGG	212222222222222222222202222222222	Neuron	37000
GGA GAA AAG AGC GCG CGC GCT CTT TTC TCA CAG AGG GGG GGA GAT ATC TCT CTG TGG GGG GGA GAA AAG AGG GGG GGA GAA AAG AGG GGC GCC CCC CCG CGG GGA GAC ACG CGG GGA GAT ATG TGA GAG AGC GCG CGC GCA CAG AGA GAG AGT GTG TGT GTG TGG GGA GAG AGC GCG CGC GCA CAG AGC GCG CGT GTA TAC ACG CGG GGA GAG AGA GAG AGA GAG AGG GGG GGG GGT GTG TGG GGG GGA GAA AAG AGG GGA GAG AGC GCA CAG AGC GCC CCC CCT CTT TTC TCC CCC CCC CCG	22221222222222222222222222222222122212222222122222222222221222212221222222222222222222222222222222221	Neuron	36977
GCT CTT TTG TGC GCT CTT TTC TCC CCC CCG CGC GCT CTC TCT CTC TCT CTC TCT CTC TCC CCC CCC CCA CAT ATC TCT CTC TCC CCA CAC ACT CTT TTG TGA GAC ACC CCT CTT TTG TGT GTG TGG GGT GTG TGG GGT GTT TTC TCA CAC ACT CTC TCC CCA CAC ACT CTC TCC CCA CAC ACT CTG TGC GCC CCT CTT TTT TTC TCT CTT TTT TTC TCA CAG AGA GAG AGC GCA CAA AAA AAC ACA CAG AGC GCT CTC TCG CGC GCA CAG AGT GTG TGA GAT ATG TGA GAT ATC TCT CTG TGT GTG TGG GGC GCC CCC CCT CTA TAA AAG AGC GCC CCC CCA CAC ACT CTT TTT TTG TGC GCC CCA CAG AGG GGA GAC ACC CCG CGC GCT CTC TCC CCA CAG AGT GTT TTC TCA	222222222022222222222222222222222222222222222222222222222222222222222222222222222222220222222222222222222222222222222222222222202222222222	Heart-Cardio	25866
TGA GAT ATG TGG GGA GAA AAC ACA CAC ACG CGT GTT TTG TGA GAG AGG GGT GTG TGT GTT TTT TTG TGA GAA AAT ATG TGA GAC ACA CAG AGG GGG GGT GTT TTG TGC GCA CAC ACA CAT ATA TAC ACG CGA GAG AGC GCG CGA GAT ATG TGT GTT TTT TTA TAC ACA CAG AGG GGT GTA TAA AAG AGG GGA GAC ACT CTT TTA TAT ATG TGC GCT CTG TGC GCG CGA GAT ATG TGA GAG AGG GGC GCC CCT CTG TGG GGA GAT ATT TTT TTG TGG GGG GGT GTT TTT TTG TGG GGA GAG AGC GCA CAG AGG GGG GGC GCA CAT ATG TGT GTG TGC GCC CCC CCA CAG AGG GGA GAG AGA GAG AGA GAG AGA GAG AGC GCT CTA TAA AAG AGT GTA TAA AAG	22222222202222222222222222222222222222222212221222222222222222222222222222122222222222222222222222222222222222222222222222222222222222	Oligodend	26044
CAT ATT TTC TCT CTG TGA GAA AAA AAC ACG CGG GGA GAC ACT CTG TGT GTC TCT CTT TTA TAA AAG AGG GGC GCT CTT TTG TGC GCT CTT TTC TCA CAA AAT ATT TTT TTG TGC GCT CTG TGA GAC ACA CAC ACC CCG CGT GTG TGG GGG GGC GCT CTT TTC TCG CGA GAT ATG TGC GCT CTG TGT GTT TTG TGG GGT GTT TTC TCT CTA TAC ACA CAG AGT GTT TTC TCT CTC TCA CAG AGA GAA AAC ACG CGG GGT GTC TCC CCT CTG TGT GTC TCC CCC CCT CTG TGG GGC GCC CCT CTG TGA GAG AGT GTG TGT GTG TGG GGA GAT ATG TGG GGA GAC ACG CGA GAG AGA GAT ATC TCC CCT CTG TGG GGC GCA CAG AGG GGC GCC CCC CCA CAC ACC CCA CAG AGC GCT CTC TCT CTG TGC GCT CTC TCT CTA TAG AGC GCC CCC CCA CAA AAG AGT GTG TGC GCC CCT CTT TTC TCT CTT TTG TGT GTT TTG TGT GTG TGG GGC GCA CAT ATC TCA CAG AGC GCG CGG GGG GGC GCA CAC ACT CTC TCG CGT GTC TCC CCT CTC TCA CAT ATC TCG CGG GGC GCA CAC ACC CCC CCC CCC CCA CAG	222222222122222222222222222222222222222222222122222222122222222222222222222222222221222222222222222222222222222222022222222222222222222222222222222222222222222222222222222222221222222212222222212222222222	Heart-Cardio	37016
ACA CAG AGA GAG AGC GCC CCC CCC CCC CCG CGG GGA GAA AAC ACT CTG TGG GGC GCA CAT ATC TCT CTG TGC GCA CAG AGG GGG GGC GCG CGT GTG TGA GAG AGG GGT GTG TGG GGG GGT GTC TCT CTT TTT TTG TGG GGG GGC GCA CAC ACA CAC ACG CGG GGA GAG AGG GGG GGC GCA CAC ACC CCG	222222222122222222222222222220222222222222222222222212222222220	Heart-Cardio	34337
AGG GGA GAA AAA AAA AAC ACA CAG AGC GCG CGA GAG AGA GAT ATT TTC TCA CAC ACT CTA TAG AGG GGG GGA GAG AGG GGA GAC ACA CAT ATA TAA AAT ATT TTC TCT CTT TTC TCT CTG TGA GAC ACA CAG AGT GTG TGA GAC ACA CAG AGG GGG GGT GTC TCT CTC TCA CAT ATT TTC TCA CAC ACA CAG AGA GAA AAC ACC CCA CAG AGG GGA GAC ACT CTG TGA GAT ATG TGG GGT GTG TGC GCA CAT ATG TGC GCA CAC ACA CAG AGT GTC TCA CAG AGC GCG CGT GTG TGC GCC CCA CAA AAG AGC GCA CAG AGC GCA CAC ACA CAG AGG GGA GAC ACC CCT CTG TGG GGA GAT ATG TGC GCG CGG GGG GGT GTC TCC CCC CCT CTA TAA AAT ATG TGG GGT GTG TGA GAA AAC ACT CTG TGA GAG AGA GAT ATC TCA CAT ATT TTG TGC GCC CCG CGA GAG AGG GGA GAC ACA CAC ACT CTT TTG	22222222202222222222222222222222222222222222222222222222222222222222222222222222222222222222222122222222222222222222222222122222222222222222222222222222212222222222	Neuron	36842
ATA TAG AGA GAG AGG GGA GAG AGC GCC CCG CGG GGT GTG TGT GTT TTG TGG GGG GGC GCA CAG AGT GTG TGC GCA CAT ATT TTT TTC TCA CAG AGT GTA TAC ACT CTT TTA TAT ATT TTG TGT GTG TGG GGA GAT ATG TGT GTC TCA CAG AGT GTG TGC GCC CCC CCT CTC TCA CAT ATC TCC CCA CAC ACG CGT GTC TCC CCG CGC GCC CCT CTC TCT CTC TCC CCC CCC CCA CAT ATG TGC GCC CCC CCC CCC CCA CAT ATC TCC CCC CCA CAG AGC GCT CTA TAA AAG AGG GGC GCT CTC TCC CCC CCA CAA AAG AGC GCC CCG	2222222221222222222222222222222222222222222222222222222222222220222022222222222222222222222222222222222222220	Oligodend	36641
GCG CGT GTC TCA CAG AGC GCA CAG AGA GAC ACC CCC CCC CCG CGG GGT GTC TCA CAA AAC ACA CAC ACC CCA CAG AGC GCG CGG GGC GCA CAG AGC GCA CAT ATC TCA CAT ATC TCC CCG	0222222222222022222222222202222222222220	Neuron	25663
TAG AGG GGG GGG GGA GAC ACC CCC CCC CCG CGT GTC TCC CCA CAC ACC CCT CTC TCT CTC TCA CAG AGC GCT CTT TTC TCT CTT TTC TCG CGG GGG GGA GAC ACT CTC TCA CAG AGC GCT CTT TTT TTC TCC CCC CCC CCC CCC CCA CAT ATG TGT GTG TGA GAA AAA AAG AGG GGG GGG GGA GAG AGC GCC CCC CCA CAC ACG CGC GCT CTC TCA CAG AGC GCT CTC TCA CAG AGA GAG AGG GGG GGT GTG TGG GGG GGA GAG AGG GGA GAC ACA CAT ATG TGA GAG AGA GAC ACA CAG AGC GCG CGT GTC TCG CGA GAT ATG TGA GAT ATG TGC GCC CCA CAG AGG GGA GAG AGC GCT CTC TCC CCA CAC ACC CCC CCT CTG TGA GAG AGC GCT CTG TGA GAA AAG AGG GGG GGC GCC CCA CAT ATT TTC TCC CCA CAG AGG GGG GGC GCA CAC ACG CGG GGA GAC ACC CCC CCT CTG TGC GCA CAC	2222222221222222222222222222212222222222222222222222222222222222222122222222222222222222222222222222202202222222222222222222222222222222222222222222222212222222222	Heart-Cardio	34951
TCC CCT CTG TGG GGT GTG TGG GGC GCC CCG CGG GGA GAA AAC ACC CCA CAA AAA AAA AAT ATC TCA CAA AAG AGC GCT CTA TAT ATC TCG CGG GGC GCA CAG AGG GGA GAC ACT CTG TGT	2222222220222222222222222222202222222222	Oligodend	36910
GCT CTT TTA TAC ACG CGC GCA CAG AGA GAG AGC GCA CAG AGA GAG AGC GCA CAG AGA GAC ACG CGC GCT CTT TTG TGG GGA GAA AAA AAG AGC GCC CCC CCT CTT TTT TTT TTT TTA TAG AGA GAA AAA AAC ACC CCC CCA CAC ACA CAC ACC CCT CTG TGA GAC ACA CAC ACC CCC CCT CTC TCC CCG CGG GGA GAG AGC GCT CTC TCT CTC TCG CGA GAG AGG GGG GGA GAG AGA GAG AGT GTG TGT GTG TGC GCC CCG CGG GGA GAG AGC GCC CCG CGG GGC GCA CAG AGA GAG AGT GTG TGG GGG	2222122222222222222212222222222222222222222222222222222222222202222222212222222222222202222212222222222	Heart-Cardio	34817
TCC CCA CAC ACT CTC TCT CTG TGT GTC TCG CGG GGT GTG TGA GAT ATC TCT CTC TCC CCG CGC GCC CCA CAC ACC CCT CTC TCC CCT CTC TCT CTG TGC GCC CCG CGG GGC GCC CCG CGC GCC CCT CTG TGC GCT CTG TGC GCC CCG CGC GCC CCC CCC CCG CGG GGG GGA GAG AGC GCG CGG GGC GCT CTT TTC TCG CGG GGG GGA GAG AGG GGT GTG TGG GGC GCC CCT CTT TTC TCG CGA GAG AGT GTA TAC ACT CTG TGC GCC CCA CAG AGC GCG CGC GCC CCT CTC TCA CAT ATT TTG TGA GAG AGC GCA CAA AAA AAG AGT GTA TAA AAC ACC CCG CGA GAC ACG CGT GTG TGA GAG AGT GTC TCC CCC CCC CCC CCA CAC ACC CCC CCA CAG AGG GGG GGC GCA CAC ACT CTG TGG GGC GCC CCT CTC TCC CCC CCC CCA CAG AGG GGG GGC GCT CTC TCG CGA GAC ACG CGC GCA CAC ACC CCT CTG TGC GCT CTC TCT CTG TGC GCA CAA AAG AGG GGC GCC CCA CAC ACC CCT CTG TGA GAG AGG GGC GCC CCA CAG AGC GCA CAC ACA CAG AGC GCT CTT TTC TCC CCC CCT CTG TGA GAG AGC GCT CTA TAC ACT CTG TGC GCT CTC TCC CCA CAC ACA CAG AGA GAG AGG GGG GGG GGG GGT GTC TCC CCC CCT CTG TGG GGG GGT GTA TAG AGC GCC CCG CGG GGT GTT TTT TTG TGG GGA GAG AGC GCA	22222222212222222220222222222222221222122222222212222122222122222122222222222221222222222222022222222222222222222122122222222222222222222222222222222222222122122222222222222222222222222222222222222222222222222222222222222222222222222222212222222222	Neuron	25442
ATC TCT CTG TGC GCA CAG AGG GGG GGC GCG CGT GTG TGA GAG AGG GGT GTG TGG GGG GGT GTC TCT CTT TTT TTG TGG GGG GGC GCA CAC ACA CAC ACG CGG GGA GAG AGG GGG GGC GCA CAC ACC CCG	2222222220222222222222222222222202222222221	Neuron	34337
TAG AGG GGG GGC GCC CCT CTA TAG AGC GCG CGA GAG AGG GGG GGA GAA AAC ACC CCA CAG AGA GAG AGG GGG GGC GCC CCG CGG GGA GAG AGT GTC TCG	222222222022222222222222220222220	Oligodend	36274
TTC TCC CCA CAA AAA AAA AAC ACC CCC CCG CGA GAA AAT ATA TAT ATT TTG TGT GTC TCA CAT ATG TGA GAA AAA AAT ATG TGA GAA AAC ACC CCC CCA CAG AGT GTC TCC CCC CCA CAG AGG GGA GAC ACA CAA AAC ACA CAT ATT TTA TAA AAA AAG AGC GCT CTG TGC GCA CAT ATC TCT CTC TCA CAA AAC ACA CAA AAC ACC CCA CAA AAA AAA AAC ACA CAA AAT ATT TTC TCA CAG AGC GCC CCT CTA TAG AGC GCT CTC TCC CCC CCT CTC TCC CCA CAC ACA CAA AAC ACC CCT CTC TCT CTG TGA GAG AGT GTT TTC TCT CTG TGT GTC TCT CTG TGC GCA CAA AAC ACA CAG AGC GCC CCG CGG GGG GGC GCT CTG TGG GGC GCT CTG TGA GAG AGC GCA CAG AGC GCA CAG AGA GAC ACA CAC ACG CGC GCG CGG GGG GGC GCC CCT CTG TGT GTG TGA GAT ATG TGG GGA GAG AGC GCC CCA CAC ACC CCT CTG TGC GCC CCT CTT TTC TCA CAC ACA CAA AAA AAG AGG GGC GCC CCC CCA CAG AGA GAG AGC GCA CAG AGC GCT CTG TGA GAG AGA GAC ACC CCA CAT ATG TGT GTG TGG GGT GTC TCC CCC CCG CGG GGC GCC CCC	2222222221222222222222222222222222222222222222222222222222222222222222222222222222222222222222222222222222222222222222222221222222222222222222222120222222222222222222222222222222222222222222222222222222222222212222	Heart-Cardio	36664
ATC TCA CAA AAG AGG GGC GCA CAA AAC ACG CGG GGA GAA AAC ACA CAG AGG GGG GGC GCA CAG AGC GCA CAT ATC TCT CTG TGT GTC TCA CAC ACG CGA GAA AAT ATT TTT TTT TTG TGA GAT ATG TGC GCT CTG TGG GGG GGA GAC ACA CAG AGA GAC ACT CTT TTA TAG AGC GCG	22222222202222222222222222222220222222222222222222222222220	Oligodend	36364
GCT CTG TGT GTC TCC CCT CTC TCC CCC CCG CGC GCT CTG TGC GCC CCT CTG TGG GGG GGC GCC CCC CCC CCT CTC TCA CAG AGA GAG AGG GGC GCA CAG AGC GCT CTC TCA CAT ATG TGC GCT CTG TGA GAG AGC GCT CTG TGG GGA GAG AGA GAG AGC GCC CCA CAG AGC GCC CCT CTG TGC GCC CCT CTC TCT CTC TCA CAC ACA CAT ATT TTC TCT CTC TCC CCT CTC TCC CCC CCC CCG CGT GTC TCC CCC CCA CAG AGG GGC GCC CCA CAT ATC TCA CAG AGT GTT TTC TCC CCC CCA CAT ATG TGT GTC TCC CCT CTC TCT CTG TGC GCA CAT ATC TCT CTG TGC GCC CCC CCT CTG TGA GAA AAC ACA CAG AGC GCT CTC TCC CCA CAG AGG GGT GTC TCC CCA CAT ATC TCC CCC CCT CTG TGC GCT CTC TCT CTG TGC GCC CCC CCC CCA CAG AGC GCC CCT CTT TTA TAG AGA GAG AGC GCA CAG AGC GCC CCC CCC CCT CTC TCA CAG AGA GAC ACT CTG TGG GGG GGC GCT CTG TGC GCA CAC ACT CTC TCC CCC	222222222122222222222222222222222222222222222222222222222222222222222222222222221222222222222222222222222222222222222222222222222222222222222222222222222222222222222222222222222222222222222	Oligodend	25795
AGG GGT GTG TGA GAC ACA CAG AGC GCC CCG CGC GCC CCT CTG TGG GGC GCC CCT CTG TGC GCT CTG TGA GAG AGT GTG TGA GAC ACT CTC TCC CCG CGG GGG GGA GAG AGT GTC TCC CCT CTC TCG CGG GGG GGG GGA GAG AGC GCA CAG AGC GCA CAC ACC CCT CTC TCT CTG TGG GGG GGA GAG AGA GAG AGC GCT CTG TGG GGG GGC GCC CCA CAC ACT CTT TTG TGT GTC TCC CCA CAG AGG GGG GGT GTT TTC TCC CCA CAC ACC CCA CAG AGG GGC GCA CAG AGC GCG CGC GCT CTT TTG TGG GGT GTG TGA GAC ACA	222222222122222222222222222222212222222221222222222222222222222222222222222222222222222222222222212222222222	Oligodend	25839
GGC GCT CTC TCC CCC CCT CTG TGC GCC CCG CGC GCG CGC GCC CCA CAG AGC GCC CCA CAG AGA GAC ACA CAT ATC TCA CAA AAA AAG AGG GGC GCT CTG TGC GCC CCC CCC CCA CAT ATA TAC ACC CCA CAT ATC TCT CTT TTA TAC ACA CAT ATG TGC GCT CTC TCT CTT TTT TTA TAT ATC TCA CAG AGC GCT CTA TAA AAT ATC TCA CAG AGC GCC CCC CCA CAT ATT TTC TCT CTT TTC TCC CCC CCT CTA TAA AAA AAT ATA TAA AAA AAG AGC GCC CCC CCT CTG TGT GTT TTA TAA AAA AAT ATC TCC CCC CCC CCT CTG TGC GCT CTC TCA CAC ACA CAG AGG GGG GGG GGT GTA TAT ATC TCG CGT GTG TGG GGT GTC TCT CTT TTG TGG GGT	22222222202022222222222222222222222222222222222222222222222222222222222222222222222222222222222222222222222222222222222222202222222222	Neuron	36778
CTT TTT TTT TTT TTT TTC TCT CTC TCC CCG CGT GTA TAG AGA GAG AGA GAG AGT GTG TGA GAC ACC CCG CGA GAA AAG AGA GAA AAC ACA CAG AGT GTG TGT GTT TTT TTA TAT ATT TTG TGC GCC CCC CCT CTA TAA AAC ACG CGG GGT GTG TGA GAT ATT TTA TAG AGC GCC CCT CTT TTG TGT GTG TGG GGG GGG GGA GAC ACA CAG AGT GTT TTC TCT CTA TAT ATT TTC TCT CTT TTT TTC TCT CTC TCA CAT ATT TTC TCG CGG GGA GAA AAA AAC ACC CCA CAG AGA GAT	222222222122222222222212222222222222222222222221222222222222222222222222222222222222222212222222222	Neuron	25814
ATG TGC GCC CCC CCA CAG AGA GAC ACC CCG CGC GCC CCC CCA CAC ACT CTC TCT CTG TGG GGA GAC ACA CAG AGC GCC CCC CCA CAC ACA CAA AAT ATG TGC GCC CCT CTC TCC CCT CTC TCC CCG CGT GTC TCC CCT CTG TGC GCC CCA CAT ATG TGC GCC CCC CCA CAT ATT TTC TCG CGC GCA CAT ATG TGT GTG TGT GTC TCT CTT TTG TGT GTC TCC CCA CAT ATC TCT CTC TCC CCG CGC GCT CTC TCC CCT CTG TGT GTG TGA GAT ATG TGT GTG TGG GGG GGT GTC TCA CAG AGT GTC TCC CCT CTT TTT TTG TGT GTG TGG GGT GTG TGC GCC CCG CGC GCG CGT GTC TCC CCA CAG AGG GGG GGC GCT CTG TGC GCA CAG AGG GGG GGT GTC TCC CCC CCA CAC ACG CGT GTC TCA CAG AGT GTG TGA GAG AGC GCA	22222222202222222222222222222222222222222122222222222222222122222222222222222222022222222222222222222222222222222202022222222222222222222202222222222	Neuron	35100
GAA AAC ACA CAT ATG TGG GGC GCG CGC GCC CCT CTG TGG GGT GTG TGA GAA AAG AGC GCC CCA CAG AGA GAC ACA CAT ATT TTC TCT CTC TCC CCA CAT ATT TTA TAA AAG AGG GGG GGC GCT CTC TCT CTC TCA CAG AGG GGT GTT TTC TCC CCT CTT TTC TCC CCT CTG TGA GAC ACC CCC CCA CAA AAC ACT CTC TCC CCA CAG AGG GGC GCA CAG AGT GTA TAC ACA CAC ACT CTC TCT CTC TCG CGC GCT CTC TCA CAC ACA CAT ATC TCC CCA CAT ATT TTA TAT ATG TGT GTT TTC TCG CGT GTA TAT ATC TCG	22222220222222222222222222222222222222222222222222222222222222222222222222222222220222222222222222222022220	Heart-Cardio	25363
TTT TTC TCT CTC TCC CCT CTG TGT GTC TCG CGA GAC ACG CGA GAG AGC GCT CTT TTC TCA CAG AGC GCT CTG TGC GCT CTC TCC CCT CTC TCT CTT TTT TTT TTG TGC GCC CCC CCA CAG AGG GGC GCC CCA CAG AGA GAG AGC GCC CCT CTC TCG CGC GCC	222222222022022222222222222222222222222222222222222022	Oligodend	37006
GAA AAC ACT CTC TCT CTC TCG CGA GAC ACC CCT CTC TCA CAG AGG GGT GTG TGA GAT ATC TCC CCA CAC ACC CCT CTG TGC GCC CCT CTT TTG TGG GGC GCC CCT CTC TCC CCC CCA CAA AAA AAG AGT GTG TGA GAT ATG TGG GGG GGA GAT ATT TTA TAC ACA CAG AGG GGT GTG TGT GTG TGA GAG AGC GCC CCA CAC ACC CCG CGC GCA CAC ACC CCT CTG TGG GGT GTT TTG TGC GCT CTT TTT TTT TTT TTA TAA AAA AAA AAA AAT ATT TTT TTT TTA TAT ATT TTG TGG GGG GGA GAG AGG GGT GTT TTT TTT TTT TTT TTG TGT GTT TTG TGT GTT TTG TGT GTT TTT TTT TTG TGT GTT TTT TTT TTT TTT TTT TTG TGA GAG AGA GAC ACG CGG GGA GAG AGT GTC TCT CTT TTG TGC GCT CTC TCT CTG TGT GTC TCA CAC	2222220222222222222222222222222222222222222222222222222222222222222202222222222222222222222222222222222222222222222222222222222222222122222222222222222	Oligodend	37237
CAA AAC ACC CCA CAG AGA GAG AGT GTC TCG CGT GTC TCT CTG TGC GCT CTC TCC CCA CAT ATT TTC TCC CCT CTA TAA AAA AAT ATT TTC TCT CTC TCT CTA TAC ACT CTC TCA CAA AAC ACT CTT TTT TTC TCC CCT CTC TCA CAC ACG CGT GTA TAC ACC CCC CCT CTG TGA GAC ACG CGA GAA AAA AAC ACG CGT GTC TCC CCT CTT TTT TTT TTC TCT CTG TGT GTG TGC GCA CAA AAA AAC ACC CCT CTA TAA AAA AAT ATT TTT TTG TGT GTC TCC CCT CTG TGG GGT GTG TGC GCT CTT TTT TTT TTT TTA TAA AAT ATG TGC GCA CAT ATC TCT CTC TCC CCC CCA CAG AGC GCC CCC CCT CTC TCT CTC TCT CTA TAT ATT TTC TCT CTC TCA CAT ATG TGC GCT CTA TAC ACT CTT TTG TGC GCA CAA AAG AGC GCG CGA GAC ACC CCA CAA AAG AGG GGA GAG AGC GCC CCA CAG AGT GTC TCA CAC ACT CTC TCC CCA CAC ACC CCC CCA CAA AAT ATT TTC TCC CCT CTG TGG GGC GCC CCC CCT CTC TCT CTG TGG GGG GGC GCA CAC ACA CAC ACT CTG TGT GTG TGC GCA CAC ACC CCT CTT TTC TCC CCG	22222222212222222222222222222222222222222222222220222222222022220222222222222222222222222222222222222222222222222222222222222222222222222222222222220222222222222222222222222222222222222222222222222222222222220	Heart-Cardio	25858
CTA TAA AAA AAG AGA GAG AGC GCA CAC ACG CGG GGT GTG TGG GGG GGC GCA CAT ATG TGT GTT TTT TTC TCC CCA CAC ACA CAT ATC TCT CTG TGT GTG TGA GAA AAG AGG GGT GTC TCA CAA AAA AAA AAA AAT ATA TAG AGG GGC GCA CAA AAA AAA AAC ACG CGA GAA AAA AAT ATC TCT CTA TAT ATG TGG GGG GGA GAC ACG CGG GGG GGG GGG GGC GCT CTG TGG GGA GAG AGG GGG GGT GTG TGG GGC GCG CGT GTG TGG GGT GTA TAT ATT TTC TCA CAC ACT CTG TGA GAG AGA GAA AAG AGC GCG CGC GCT CTG TGA GAG AGA GAA AAG AGG GGG	2222222220222222222222222222222222222222222222222222221222222222222202222222222222222022222222222222222212222222222	Heart-Cardio	26102
ACC CCA CAG AGT GTG TGC GCC CCC CCC CCG CGG GGC GCC CCC CCC CCT CTA TAC ACC CCC CCC CCG CGA GAT ATG TGT GTC TCC CCC CCC CCT CTG TGG GGG GGA GAC ACA CAC ACT CTT TTT TTC TCC CCC CCC CCA CAG AGG GGT GTA TAA AAT ATT TTT TTC TCC CCC CCT CTT TTC TCC CCC CCA CAT ATT TTG TGT GTA TAT ATC TCT CTC TCC CCC CCA CAT ATC TCC CCT CTA TAG AGA GAG AGA GAC ACT CTG TGT GTC TCC CCT CTA TAG AGG GGG GGT GTA TAC ACC CCT CTT TTT TTC TCT CTC TCT CTT TTG TGC GCC CCA CAG AGA GAT ATC TCC CCC CCC CCA CAG AGA GAC ACC CCA CAT	22222222202222222222212222222222222222222222222222222222222222222222222222222222222222222222222222222222222222222222222222222	Neuron	25370
GGC GCG CGG GGC GCG CGT GTC TCT CTC TCT CTT TTC TCC CCT CTC TCA CAC ACT CTG TGC GCA CAG AGC GCC CCT CTG TGC GCA CAG AGG GGA GAC ACG CGC GCT CTG TGG GGC GCA CAT ATC TCG CGG GGA GAT ATT TTC TCA CAT ATC TCC CCT CTG TGG GGT GTG TGA GAT ATA TAG AGA GAC ACC CCG CGG GGC GCG CGA GAC ACG CGG GGG GGA GAC ACA CAA AAA AAT ATG TGG GGA GAC ACC CCT CTC TCC CCG CGT GTG TGA GAA AAG AGG GGC GCG CGT GTC TCC CCG CGT GTC TCC CCT CTG TGC GCG CGC GCA CAT ATC TCG CGC GCA CAG AGT GTA TAA AAG AGT GTG TGC GCC CCA CAC ACC CCC CCG CGG GGG GGG GGC GCT CTC TCT CTG TGC GCC	20220222222222222222222222222222022222222022222222222222222222202202202222222222222222022222220222022222202222022222222222222202222222222	Oligodend	34362
GGG GGC GCC CCT CTC TCC CCC CCG CGA GAC ACT CTC TCG CGC GCT CTG TGG GGG GGG GGA GAG AGA GAA AAA AAA AAG AGC GCC CCG CGG GGC GCC CCC CCT CTG TGG GGA GAG AGC GCC CCC CCA CAT ATC TCG CGG GGC GCC CCA CAG AGT GTT TTA TAT ATG TGA GAC ACC CCT CTG TGC GCG CGG GGG GGA GAG AGC	2222222022220222222222222222022222222222222202222222222222222022222	Heart-Cardio	25511
GCA CAC ACG CGG GGT GTG TGA GAC ACA CAC ACA CAG AGG GGC GCC CCC CCC CCT CTT TTC TCA CAG AGC GCA CAC ACT CTG TGA GAG AGG GGT GTC TCT CTC TCA CAT ATC TCT CTG TGG GGG GGG GGG GGA GAT ATG TGC GCG CGA GAA AAG AGA GAG AGG GGG GGG GGA GAG AGG GGG GGC GCA CAC ACC CCA CAG AGT GTT TTC TCT CTG TGG GGG GGG GGG GGT GTG TGG GGT GTG TGG GGC GCA CAT ATG TGG GGG GGA GAG AGG GGA GAG AGT GTG TGA GAG AGG GGT GTG TGG GGG GGG GGT GTT TTG TGC GCT CTT TTT TTC TCC CCT CTT TTC TCT CTG TGC GCT CTG TGC GCT CTG TGA GAT ATA TAG AGT GTC TCG CGT GTG TGG GGA GAT ATG TGT GTT TTT TTG TGC GCA CAC ACA CAC ACT CTT TTA TAC ACA CAA AAC ACT CTC TCT CTC TCG CGC GCT CTC TCA CAT ATT TTG TGG GGA GAA AAA AAA AAA AAG AGG GGA GAT ATT TTC TCC CCA CAG AGT GTG TGC GCT CTT TTC TCT CTG TGA GAT ATT TTT TTT TTT TTT TTT TTA TAA AAT ATC TCA CAA AAA AAA AAT ATC TCA CAT ATC TCT CTG TGG GGG GGT GTT TTG TGA GAG AGA GAA AAA AAC ACT CTG TGC GCC CCC CCT CTG TGT GTA TAA AAG AGT GTG TGA GAG AGA GAC ACG CGT GTA TAT ATC TCA CAT ATG TGC GCA CAG	22122222222222222222222222222222222222222222222122222222222222222222222222222222222222222222222222222222222222222222222222222222122222222222222222222222222122222222222222222222222222222222222222222222222222222222222222222222222222222222212222222222	Heart-Cardio	36493
TGC GCC CCA CAG AGG GGG GGG GGT GTT TTT TTT TTC TCA CAC ACT CTG TGT GTG TGA GAA AAG AGT GTG TGA GAC ACT CTG TGT GTT TTT TTT TTG TGC GCC CCC CCT CTT TTT TTA TAC ACA CAG AGA GAT ATG TGT GTC TCT CTC TCT CTT TTG TGG GGG GGG GGG GGA GAG AGG GGC GCC CCT CTT TTC TCC CCA CAA AAA AAT ATA TAC ACC CCC CCT CTG TGG GGG GGA GAC ACT CTC TCC CCT CTC TCA CAA AAG AGG GGT GTC TCT CTA TAG AGC GCA CAT ATT TTT TTT TTT TTT TTG TGC GCT CTA TAA AAT ATG TGT GTT TTG TGC GCC CCT CTG TGT GTG TGT GTT TTT TTA TAT ATT TTA TAC ACG CGG GGT GTG TGT GTT TTT TTG TGC GCC CCA	2222222222222222222222222222222222222222222222222222222222222222222222222222222222222222222222222222222222222222222222222222212222222222	Oligodend	25399
CCT CTG TGA GAA AAA AAT ATA TAT ATC TCG CGG GGC GCA CAT ATT TTA TAT ATC TCC CCT CTC TCC CCT CTA TAC ACT CTC TCA CAC ACA CAA AAC ACT CTA TAT ATG TGG GGC GCA CAA AAC ACA CAG AGC GCA CAT ATT TTC TCA CAT ATA TAG AGG GGC GCT CTA TAC ACA CAT ATG TGC GCT CTC TCC CCC CCA CAT ATG TGA GAG AGG GGC GCC CCA CAG AGA GAT ATA TAT ATC TCA CAT ATT TTC TCG CGG GGA GAG AGG GGC	222222222122222222222222222222222222222222222222222222222222222222222222222222222222122222	Neuron	25782
GAA AAG AGA GAT ATA TAC ACA CAG AGC GCG CGG GGT GTG TGC GCA CAT ATA TAG AGG GGA GAG AGG GGC GCT CTT TTG TGA GAC ACT CTG TGA GAC ACC CCT CTT TTG TGG GGA GAT ATA TAT ATC TCT CTC TCG CGT GTC TCC CCC CCA CAG AGA GAC ACA CAT ATT TTC TCC CCC CCC CCT CTC TCA CAC ACC CCT CTG TGG GGC GCA CAG AGC GCG CGG GGG GGG GGT GTG TGC GCA CAC ACC CCC	22222222212222222222222222222222222222222222122222222222222222222222222212222222222	Oligodend	34882
GAA AAG AGA GAT ATC TCA CAC ACG CGC GCC CCA CAC ACT CTG TGC GCA CAC ACT CTC TCC CCA CAG AGC GCC CCT CTG TGG GGG GGC GCA CAA AAC ACA CAG AGA GAG AGC GCG CGA GAG AGA GAC ACT CTC TCT CTG TGT GTC TCT CTC TCA CAT ATA TAA AAA AAT ATA TAA AAA AAT ATA TAA AAA AAT ATA TAA AAA AAT ATA TAA AAA AAT ATA TAA AAA AAT ATA TAA AAA AAT ATA TAA AAA AAT ATA TAA AAA AAT ATA TAA AAA AAG AGT GTG TGC GCT CTG TGG GGG GGA GAT ATT TTA TAC ACA CAG AGG GGC GCA CAT ATG TGA GAG AGC GCC CCA CAC ACC CCG CGC GCG CGC GCC CCC CCG CGG GGC GCT CTG TGA GAA AAA AAG AGA GAG AGT GTT TTA TAC ACG CGT GTC TCT CTT TTT TTG TGT GTT TTT TTA	222222202222222222222222222222222222202222222222222222222222222222222222222222222222222222222222222222222222222222222202022202222222222222202222222222	Oligodend	36816
AGC GCC CCA CAC ACA CAG AGG GGT GTC TCG CGG GGG GGC GCG CGT GTG TGG GGC GCT CTG TGC GCG CGG GGG GGG GGC GCC CCC CCT CTG TGT GTG TGG GGA GAG AGC GCG CGC GCA CAG AGC GCT CTT TTG TGT GTT TTT TTA TAT ATG TGC GCC CCC CCA CAA AAG AGC GCA CAG AGC GCC CCA CAA AAG AGG GGC GCA CAA AAG AGA GAC ACA CAA AAT ATG TGA GAG AGA GAC ACT CTT TTT TTC TCT CTT TTC TCC CCT CTT TTT TTC TCC CCA CAC ACG CGG GGT GTG TGC GCC CCC CCC CCT CTG TGT	222222222022212222222122222222222222122222222222222222222222222222222222222222222222222222222212222222222	Heart-Cardio	36513
TTA TAA AAG AGC GCA CAG AGA GAC ACC CCG CGA GAC ACG CGC GCA CAT ATG TGG GGG GGC GCA CAG AGG GGT GTG TGA GAC ACT CTG TGA GAC ACA CAG AGC GCC CCA CAT ATG TGG GGA GAT ATG TGC GCT CTA TAA AAC ACT CTT TTA TAG AGG GGA GAA AAG AGT GTG TGC GCC CCC CCG CGC GCT CTG TGG GGG GGC GCC CCT CTT TTA	22222222202202222222222222222222222222222222222222222222222212222222222	Oligodend	35199
AGG GGC GCT CTG TGC GCT CTG TGA GAC ACG CGG GGA GAG AGG GGA GAG AGG GGG GGG GGT GTG TGC GCT CTG TGG GGT GTC TCT CTG TGC GCC CCT CTT TTC TCT CTC TCT CTG TGT GTG TGA GAG AGC GCT CTG TGT GTG TGC GCC CCT CTT TTG TGG GGG GGT GTA TAC ACT CTG TGC GCA CAC ACC CCA CAT ATC TCC CCT CTG TGC GCT CTT TTT TTG TGC GCG	2222222220222222222222222222222222222222222222222222222222222222222222222220	Heart-Cardio	34864
CCC CCC CCA CAC ACA CAG AGC GCC CCC CCG CGA GAT ATG TGG GGC GCG CGG GGC GCT CTC TCA CAG AGA GAT ATG TGG GGA GAG AGA GAC ACT CTG TGC GCG CGG GGT GTA TAC ACT CTG TGG GGA GAT ATA TAT ATC TCC CCT CTG TGG GGG GGG GGG GGT GTA TAA AAC ACA CAT ATC TCA CAC ACA CAG AGC GCC CCA CAC ACA CAC ACC CCC CCT CTC TCC CCG CGC GCC CCA CAG AGG GGC GCT CTG TGG GGG GGG GGA GAC ACA CAG AGC GCT CTG TGC GCC CCC CCA CAT ATG TGG GGG GGC GCC CCG CGG GGG GGC GCC CCA CAG AGG GGC GCC CCA CAG AGT GTG TGC GCT CTG TGG GGG GGA GAT ATT TTA TAT ATG TGT GTC TCT CTG TGG GGG GGG GGC GCC CCA CAC ACC CCC CCA CAA AAC ACA CAA AAA AAA AAG AGA GAC ACC CCA CAC ACA CAA AAA AAT ATG TGG GGG GGG GGC GCA CAG AGC GCT CTG TGC GCA CAA AAA AAC ACA CAA AAC ACA CAG AGA GAA AAG AGT GTC TCT CTA TAT ATT TTT TTT TTC TCT CTC TCC CCG CGA GAG AGT GTC TCC CCT CTG TGG GGT GTG	2222222221222221222222222222222221222222222222222222222222222222222222222221222222222222222222222222222212222222222222222222222222222222222222222222222222222222222222222222222222222222222222222202222222222	Heart-Cardio	36910
TGG GGT GTG TGG GGC GCC CCT CTG TGC GCG CGT GTG TGG GGA GAC ACT CTG TGG GGG GGG GGG GGC GCC CCT CTG TGG GGG GGA GAA AAA AAC ACC CCA CAT ATG TGG GGG GGA GAA AAG AGG GGA GAT ATG TGT GTT TTG TGC GCG CGC GCT CTC TCT CTC TCT CTC TCC CCC CCA CAT ATG TGG GGG GGC GCC CCG CGT GTG TGG GGG GGA GAA AAG AGC GCC CCA CAC ACG	222222222122222222222222222222222222222222222222022222222222222221222222222221	Oligodend	35073
GGA GAT ATT TTA TAC ACA CAG AGG GGC GCG CGT GTG TGA GAG AGG GGC GCA CAC ACT CTG TGT GTG TGG GGC GCG CGG GGG GGC GCC CCT CTG TGA GAG AGA GAG AGT GTT TTA TAT ATT TTT TTT TTT TTA TAA AAA AAG AGC GCC CCA CAC ACC CCC CCT CTG TGC GCA CAG AGG GGG GGC GCC CCC CCT CTC TCC CCA CAG AGG GGC GCA CAT ATC TCC CCC CCA CAA AAT ATT TTT TTA TAA AAC ACC CCA CAT ATC TCC CCC CCC CCT CTC TCC CCA CAC ACT CTG TGC GCC CCA CAG AGT GTT TTT TTC TCT CTT TTC TCC CCG CGG GGA GAG AGG GGT GTA TAA AAG AGC GCG	222222222022222222222222022222222222222222222222222222222222222222222222222222222222222222222222222222222222202222222220	Heart-Cardio	25563
TGG GGA GAG AGG GGG GGT GTG TGG GGC GCG CGT GTG TGG GGT GTA TAT ATT TTC TCA CAC ACT CTG TGA GAG AGA GAA AAG AGC GCG CGC GCT CTG TGA GAG AGA GAA AAG AGG GGG GGA GAG AGC GCC CCT CTG TGC GCT CTG TGG GGG GGT GTG TGC GCT CTG TGA GAA AAA AAG AGT GTG TGT GTG TGC GCT CTC TCT CTG TGT GTC TCT CTC TCA CAA AAT ATC TCT CTG TGA GAG AGT GTG TGG GGC GCA CAA AAT ATG TGA GAC ACA CAC ACA CAG AGG GGT GTG TGT GTA TAT ATA TAT ATG TGT GTA TAT ATG TGA GAA AAA AAG AGA GAC ACA CAC ACG CGT GTA TAC ACT CTG TGA GAC ACC CCT CTG TGT GTA TAG AGT GTT TTG TGA GAG AGT GTT TTA TAT ATG TGA GAA AAC ACT CTT TTT TTA TAT ATG TGT GTA TAT ATG TGC GCT CTA TAT ATT TTC TCG CGG GGC GCC CCT CTT TTT TTA TAA AAA AAA AAC ACA CAA AAA AAA AAC ACC CCT CTT TTC TCG	222222222022222222222222222202222222222222222222222222222222222222222222222222222222222222222222222222222222222222202222222222222222222222222222222222222222221222222222222222222221	Heart-Cardio	26102
TGT GTG TGG GGA GAT ATG TGG GGA GAC ACG CGA GAG AGA GAT ATC TCC CCT CTG TGG GGC GCA CAG AGG GGC GCC CCC CCA CAC ACC CCA CAG AGC GCT CTC TCT CTG TGC GCT CTC TCT CTA TAG AGC GCC CCC CCA CAA AAG AGT GTG TGC GCC CCT CTT TTC TCT CTT TTG TGT GTT TTG TGT GTG TGG GGC GCA CAT ATC TCA CAG AGC GCG CGG GGG GGC GCA CAC ACT CTC TCG CGT GTC TCC CCT CTC TCA CAT ATC TCG CGG GGC GCA CAC ACC CCC CCC CCC CCA CAG AGC GCA CAG AGA GAT ATC TCC CCC CCT CTT TTG TGT GTG TGT GTG TGC GCT CTG TGA GAG AGG GGA GAG AGT GTG TGC GCT CTC TCA CAG AGG GGG GGA GAC ACT CTG TGA GAA AAG AGA GAA AAA AAG AGC GCG CGC GCT CTG TGC GCT CTT TTT TTG TGT GTT	2222222221222222222222222222222222222222222222222222222222222222222222212222222022222222122222222222222222222222222222222222222222222222222222202222222222	Heart-Cardio	37016
TAT ATG TGA GAA AAC ACA CAA AAA AAC ACG CGT GTG TGG GGG GGC GCT CTC TCT CTG TGT GTT TTA TAC ACA CAC ACT CTC TCC CCC CCG CGG GGG GGG GGC GCC CCC CCC CCC CCT CTC TCT CTA TAT ATG TGA GAA AAC ACA CAA AAA AAC ACG CGT GTG TGG GGG GGC GCT CTC TCT CTG TGT	22222222202222222222222222222122222222222222222222212222222222	Neuron	36771
ATG TGA GAT ATA TAT ATG TGG GGC GCC CCG CGA GAG AGC GCA CAG AGA GAT ATG TGC GCT CTA TAA AAC ACA CAA AAA AAA AAG AGC GCA CAG AGG GGC GCC CCT CTC TCC CCA CAA AAG AGC GCA CAG AGT GTT TTC TCT CTG TGT GTA TAC ACA CAA AAC ACC CCG CGC GCA CAT ATC	222222222122222222222222222222222222222222222222222222212222	Heart-Cardio	26085
CAC ACC CCC CCA CAA AAC ACT CTA TAC ACG CGG GGA GAA AAT ATG TGT GTG TGG GGC GCT CTT TTG TGA GAG AGA GAG AGC GCC CCC CCC CCA CAA AAC ACT CTC TCT CTT TTC TCA CAA AAC ACC CCA CAT ATC TCA CAA AAA AAC ACA CAA AAT ATA TAA AAA AAT ATT TTA TAC ACA CAC ACC CCG CGC GCG CGG GGG GGA GAG AGA GAG AGA GAG AGA GAA AAA AAA AAG AGA GAT ATG TGT GTC TCG CGC GCA CAT ATG TGG GGG GGA GAG AGC GCT	2222222220222222222222222222222222222222222222222222222222222202122222222222222222202222222222	Heart-Cardio	25621
TGC GCT CTT TTG TGA GAA AAC ACC CCC CCG CGG GGG GGT GTG TGG GGC GCA CAG AGA GAG AGG GGT GTT TTG TGC GCA CAG AGT GTG TGA GAG AGC GCC CCG CGA GAG AGA GAT ATC TCG CGC GCG CGC GCC CCA CAC ACT CTG TGC GCA CAC ACT CTC TCC CCA CAG AGC GCC CCT CTG TGG GGC GCC CCG CGA GAC ACA CAG AGA GAG AGT GTG TGA GAG AGA GAC ACT CTG TGC GCC CCT CTC TCC CCA CAA AAA AAA AAA AAT ATA TAA AAA AAA AAT ATA TAA AAA AAA AAA AAC ACA CAT ATC TCC CCC CCA CAG AGG GGC GCC CCC CCT CTT TTG TGA GAG AGA GAG AGC GCG CGT GTT TTG TGA GAT ATA TAT ATG TGT GTC	2222222220222222222222222222222220222221212222222222222222222221222222222222222222222222222222222222222222222222222222202222222222	Neuron	25333
CAC ACA CAT ATG TGA GAC ACC CCC CCC CCG CGC GCA CAT ATC TCC CCA CAC ACC CCC CCT CTC TCC CCT CTG TGG GGG GGT GTG TGC GCT CTC TCA CAT ATC TCC CCC CCA CAG AGG GGA GAA AAA AAG AGC GCA CAA AAA AAG AGA GAC ACT CTT TTA TAG AGG GGC GCT CTC TCA CAC ACA CAC ACG CGA GAA AAA AAT ATG TGC GCC CCT CTG TGG GGG GGC GCG CGC GCC CCG CGA GAC ACG CGC GCT CTC TCA CAT ATT TTT TTA TAC ACC CCT CTG TGT GTA TAA AAT ATA TAG AGC GCT CTA TAA AAA AAA AAA AAC ACT CTG TGG GGA GAA AAG AGT GTG TGA GAC ACC CCC CCA CAG AGG GGT GTG TGC GCC CCA CAT ATT TTC TCA CAG AGT GTG TGG GGC GCT CTG TGA GAG AGA GAG AGC GCT CTG TGA GAA AAA AAC ACT CTG TGG GGT GTG TGT GTA TAT ATC TCC CCT CTT TTA TAT ATC TCA CAC ACA CAG AGT GTG TGT GTT TTC TCT CTA TAC ACG CGC GCA CAG AGA GAA AAA AAT ATA TAG AGA GAA AAG AGA GAG AGC GCT CTG TGA GAA AAA AAC ACT CTG TGG GGT GTG TGT GTA TAT ATC TCC CCT CTT TTA TAT ATC TCA CAC ACG CGG GGC	222222222022222222222222222222222222222222222222222222222222220222222222222022022022222222222222222222222222222222222222222222222222222222222222222222222222222222222222222222222022222222222222222222222222222222222222022	Heart-Cardio	25541
GGG GGA GAC ACC CCG CGA GAG AGG GGC GCG CGC GCC CCT CTA TAC ACA CAG AGA GAC ACC CCC CCA CAC ACA CAG AGG GGG GGA GAG AGC GCC CCC CCA CAG AGG GGC GCC CCC CCC CCG CGC GCG CGG GGC GCG CGC GCC CCG CGG GGC GCT CTC TCA CAG AGG GGC GCT CTC TCC CCC CCC CCA CAC ACG CGT GTC TCT CTC TCC CCT CTC TCC CCG CGC GCT CTG TGG GGG GGG GGA GAT ATT TTC TCC CCA CAG AGG GGC GCT CTC TCT CTG TGA GAG AGA GAG AGG GGA GAG AGG GGG GGC GCA CAT ATC TCG CGG GGA GAT ATG TGA GAG AGC	22220222202222222222222222222222222222202022022022222222222222202222222202222222222222222222222222222222202222222	Heart-Cardio	25589
GGG GGC GCA CAC ACG CGG GGT GTG TGG GGC GCT CTC TCA CAC ACG CGC GCC CCT CTG TGT GTA TAA AAT ATC TCC CCC CCA CAG AGC GCA CAC ACT CTT TTC TCG CGG GGG GGG GGG GGG GGC GCA CAG AGA GAG	222212222222221222222222222222222202222222222	Oligodend	26251
GGA GAC ACG CGA GAT ATG TGT GTT TTG TGA GAT ATG TGC GCA CAC ACC CCA CAG AGG GGA GAG AGC GCA CAC ACA CAG AGG GGC GCC CCG CGG GGC GCG CGG GGC GCG CGG GGC GCC CCG CGT GTG TGG GGA GAC ACT CTT TTG TGG GGA GAG AGC GCG CGG GGA GAT ATG TGA GAA AAC ACT CTC TCG CGG GGG GGG GGT GTC TCG CGA GAA AAC ACG CGT GTC TCG CGG GGG GGT GTT TTG TGC GCC CCT CTT TTG TGG GGT GTA TAG AGG GGG GGC GCC CCT CTA TAG AGC GCG CGA GAG AGG GGG GGA GAA AAC ACC CCA CAG AGA GAG AGG GGG GGC GCC CCG CGG GGA GAG AGT GTC TCG	22122222222222222222222222222122122122212222222222221222222222122222122202212222222222222222222222122222222222222221222221	Heart-Cardio	36274
GCG CGC GCC CCA CAC ACT CTG TGC GCA CAC ACT CTC TCC CCA CAG AGC GCC CCT CTG TGG GGC GCA CAA AAC ACA CAG AGA GAG AGC GCA CAA AAG AGA GAC ACT CTC TCC CCA CAT ATC TCT CTA TAA AAA AAA AAA AAA AAA AAA AAA AAG AGA GAG AGT GTT TTG TGA GAA AAA AAT ATG TGT GTA TAT ATA TAA AAG AGC GCG CGG GGG GGT GTG TGT GTA TAG AGT GTC TCG CGT GTA TAC ACG CGA GAT ATA TAA AAG AGA GAT ATG TGT GTG TGC GCA CAG AGA GAG AGA GAA AAA AAT ATT TTG TGA GAA AAG AGT GTT TTC TCT CTT TTT TTT TTG TGT GTT TTT TTT TTG TGT GTC TCT CTT TTA TAA AAT ATG TGT GTG TGA GAC ACC CCC CCA CAT ATA TAA AAT ATT TTA TAT ATG TGT GTA TAC ACA CAA AAT ATC TCC CCA CAA AAT ATA TAA AAT ATC TCT CTA	1222222222222222222222222222222222222222222222222222222222222222222212222222221222122222222222222222222222222222222222222222222222222222222222222222222222222222	Neuron	25342
TCT CTG TGC GCC CCT CTG TGC GCC CCC CCG CGG GGC GCC CCC CCC CCT CTT TTG TGG GGC GCT CTT TTT TTC TCC CCC CCT CTG TGC GCC CCA CAC ACC CCA CAA AAG AGA GAG AGC GCA CAG AGC GCC CCC CCT CTG TGC GCT CTG TGC GCC CCT CTT TTC TCT CTG TGT GTC TCC CCC CCC CCC CCA CAG AGG GGT GTC TCC CCT CTG TGA GAA AAG AGG GGC GCT CTG TGC GCT CTT TTT TTC TCT CTC TCT CTC TCG CGT GTT TTC TCA CAC ACA CAC ACA CAT ATC TCA CAA AAA AAA AAC ACA CAA AAA AAG AGT GTC TCA CAC ACA CAG AGC GCG CGT GTC TCA CAG AGG GGT GTC TCC CCC CCG CGT GTC TCC CCA CAC ACC CCC CCT CTC TCT CTG TGT GTC TCT CTC TCA CAT ATG TGC GCC CCA CAG AGT GTC TCT CTT TTC TCT CTG TGT GTC TCC CCA CAC ACA CAC ACT CTG TGA GAC ACC CCA CAT ATG TGT GTC TCT CTT TTC TCA CAC ACT CTC TCC CCA CAG AGG GGC GCC CCT CTG TGC GCT CTG TGG GGC GCT CTT TTT TTT TTG TGC GCC CCT CTG TGC GCG CGT GTT TTC TCC CCT CTG TGC GCA CAG AGC	2222222221222222222222222222222222222222222222222222222222222222222222222222222222222212222222222222222222222222212222222221222222222222222222222222222222222222222222222222222222222222222222222222222212222222222	Oligodend	26026
GCG CGT GTG TGA GAT ATG TGA GAT ATG TGC GCG CGG GGC GCT CTC TCA CAG AGC GCC CCT CTC TCT CTC TCA CAT ATC TCC CCC CCG CGC GCA CAT ATC TCT CTC TCC CCT CTC TCC CCA CAG AGC GCA CAG AGC GCC CCC CCA CAA AAG AGC GCA CAG AGC GCC CCC CCT CTG TGC GCC CCT CTT TTG TGA GAA AAG AGA GAA AAC ACA CAC ACC CCT CTG TGC GCA CAG AGG GGC GCA CAA AAG AGG GGG GGG GGT GTA TAG AGA GAT ATG TGC GCA CAA AAC ACA CAG AGG GGC GCC CCG	02222222220222222222222222220222222222222222222222222222222222222222222222222222222222222222222222220	Heart-Cardio	25698
TAC ACT CTC TCA CAA AAA AAA AAG AGC GCG CGC GCC CCT CTA TAA AAT ATG TGC GCA CAA AAA AAG AGT GTG TGG GGC GCT CTG TGT GTT TTG TGA GAA AAA AAG AGT GTA TAG AGC GCA CAA AAG AGG GGT GTG TGT GTC TCT CTC TCC CCT CTC TCC CCA CAG AGT GTC TCT CTG TGT GTC TCC CCC CCG CGG GGT GTG TGG GGA GAC	2222222220222222222222222222222222222222222222222222222222222220222222	Heart-Cardio	25525
CAT ATA TAC ACA CAT ATG TGA GAA AAC ACG CGA GAG AGT GTC TCA CAA AAC ACT CTT TTA TAA AAC ACA CAC ACG CGC GCA CAT ATT TTA TAC ACC CCG	222222222122222222222222122222221	Oligodend	25321
AGA GAT ATA TAC ACA CAA AAT ATG TGC GCG CGC GCT CTC TCC CCC CCA CAG AGC GCG CGT GTC TCT CTT TTT TTC TCC CCT CTT TTG TGT GTC TCT CTG TGT GTG TGA GAG AGG GGA GAG AGC GCT CTG TGT GTG TGC GCT CTG TGT GTG TGC GCC CCG	22222222212222222202222222222222222222222222222222220	Oligodend	34782
GGG GGG GGC GCG CGT GTC TCA CAT ATC TCT CTG TGG GGT GTT TTC TCT CTG TGC GCA CAT ATC TCT CTG TGG GGA GAT ATT TTT TTG TGG GGA GAG AGA GAT ATG TGG GGA GAA AAT ATT TTT TTG TGA GAA AAA AAA AAC ACA CAC ACA CAC ACA CAG AGG GGC GCA CAG AGG GGT GTT TTA TAT ATG TGA GAG AGA GAA AAC ACT CTG TGC GCC CCA CAC ACT CTT TTG TGT GTA TAA AAG AGA GAA AAT ATG TGC GCA CAA AAG AGT GTG TGA GAG AGT GTG TGT GTG TGA GAG AGA GAT ATA TAG AGA GAA AAA AAG AGG GGC GCC CCC CCG	2221222222222222222222222222222222222222222222222222222222222222222222222222222222222222222222222222222222222221	Neuron	26258
CTG TGC GCC CCA CAG AGT GTC TCA CAG AGG GGG GGA GAA AAC ACA CAG AGC GCT CTG TGA GAG AGC GCT CTC TCT CTC TCA CAC ACA CAG AGG GGG GGA GAG AGA GAC ACT CTC TCA CAG AGC GCA CAG AGC GCA CAT ATG TGT GTG TGG GGA GAC ACA CAC ACT CTG TGG GGC GCT CTG TGG GGT GTG TGC GCT CTG TGC GCT CTC TCA CAC ACA CAC ACG CGA GAG AGC GCG CGG GGG GGC GCG CGC GCC CCC CCA CAC ACC CCC CCG CGC GCT CTC TCT CTC TCT CTC TCC CCA CAG AGA GAG AGG GGC GCT CTG TGT GTG TGT GTG TGT GTT TTG TGC GCA CAA AAG AGC GCC CCC CCT CTC TCA CAC ACT CTT TTC TCC CCC CCG CGG GGG GGC GCT CTG TGT GTG TGT GTC TCC	22222222222222222222222222222222222222222222222222222222222222222222222220222022202222222022222222222222222222222222222222222222202222222222	Neuron	35059
AAA AAG AGA GAA AAT ATG TGC GCC CCC CCG CGA GAG AGA GAA AAC ACT CTT TTA TAG AGT GTG TGG GGC GCA CAC ACT CTA TAA AAA AAC ACC CCT CTT TTT TTG TGT GTA TAG AGG GGG GGT GTG TGC GCT CTG TGC GCA CAT ATA TAT ATC TCA CAT ATA TAT ATA TAA AAA AAG AGA GAG AGT GTT TTT TTA TAG AGA GAC ACT CTT TTC TCA CAA AAT ATC TCT CTG TGA GAG AGG GGT GTG TGT GTA TAT ATG TGG GGG GGG GGA GAC ACA CAT ATT TTA TAC ACT CTG TGA GAA AAA AAG AGA GAT ATT TTT TTT TTA TAA AAG AGA GAG AGA GAT ATG TGC GCG CGT GTA TAC ACT CTT TTT TTG TGA GAC ACA CAC ACG CGC GCA CAT ATT TTT TTC TCA CAG AGA GAA AAA AAC ACC CCT CTC TCA CAC ACC CCT CTT TTG TGT GTA TAT ATT TTT TTC TCA CAG AGA GAG AGT GTT TTG TGA GAG AGT GTA TAG AGA GAT ATT TTG TGG GGA GAA AAT ATG TGG GGA GAA AAT ATA TAG AGA GAT ATT TTG TGG GGA GAA AAT ATG	222222222022222222222222222222222222222222222222222222222222222222222222222222222222222222222222222222222222222222221222222222221222222222222222222222222222222222222222222222222222222222222222	Oligodend	26260
GCA CAG AGG GGA GAG AGA GAA AAT ATC TCG CGC GCT CTT TTG TGA GAA AAC ACC CCC CCG CGG GGG GGA GAG AGA GAC ACG CGG GGA GAA AAG AGT GTT TTG TGC GCA CAG AGT GTG TGA GAG AGC GCC CCG CGA GAG AGA GAT ATC TCG CGC GCG CGC GCC CCA CAC ACT CTG TGC GCA CAC ACC CCC CCC CCA CAG AGC GCC CCT CTG TGG GGG GGC GCG CGA GAC ACA CAA AAA AAG AGT GTG TGA GAG AGA GAC ACT CTC TCC CCG CGT GTC TCT CTG TGG GGA GAA AAA AAA AAA AAA AAA AAA AAA AAA AAA AAA AAA AAA AAA AAA AAA AAA AAA AAG AGT GTG TGC GCG CGT GTC TCC CCA CAG AGA GAC ACT CTG TGG	222222222122222222212222221222222222222222212222202122222222222222222222212222222222222221222222222222222222222222222212222222222	Neuron	25344
GAC ACA CAC ACT CTT TTC TCC CCG CGC GCT CTC TCC CCT CTG TGG GGA GAC ACT CTT TTC TCA CAG AGT GTC TCA CAC ACG	222222212222222222222222220	Heart-Cardio	25423
TTG TGC GCT CTT TTT TTA TAG AGG GGC GCA CAG AGA GAC ACA CAG AGT GTA TAA AAG AGC GCG CGA GAA AAG AGG GGG GGT GTC TCC CCC CCA CAG AGA GAC ACA CAG AGC GCC CCT CTC TCC CCA CAG AGC GCC CCC CCA CAT ATG TGT GTT TTT TTT TTG TGT GTG TGC GCA CAG AGA GAT ATA TAG AGG GGG GGG GGA GAA AAC ACT CTT TTG TGC GCT CTC TCA CAG AGG GGG GGG GGG GGC GCT CTT TTG TGC GCC CCT CTA TAA AAA AAC ACA CAT ATG TGC GCT CTC TCA CAC ACA CAG AGT GTA TAG AGA GAC ACT CTG TGA GAG AGG GGG GGT GTC TCC CCC CCC CCA CAT ATA TAC ACA CAC ACA CAT ATG TGG GGG GGG GGG GGA GAA AAT ATG TGG GGG GGG GGT GTG TGG GGA GAG AGC GCC CCA CAC ACC CCA CAG AGA GAA AAA AAT ATT TTC TCG CGC GCT CTC TCC CCT CTT TTA TAT ATG TGC	22222222222222222222022222222222222222222222222222222222222222222222222222222222222222222222222222222222222222222222222222222222222222222222222222222222222212222222222	Oligodend	37005
CAG AGC GCA CAA AAG AGG GGG GGG GGC GCG CGT GTG TGT GTT TTA TAG AGA GAG AGG GGG GGG GGC GCC CCC CCA CAC ACT CTA TAC ACC CCC CCA CAG AGG GGC GCC CCC CCT CTT TTA TAC ACA CAC ACT CTG TGC GCG CGG GGC GCA CAG AGC GCC CCT CTA TAC ACC CCT CTA TAA AAG AGT GTA TAT ATG TGC GCA CAC ACA CAG AGC GCG CGC GCA CAC	222222222022222222222222222222222222222222222212222222222222222222222220222	Heart-Cardio	25939
GAC ACA CAA AAG AGC GCT CTC TCG CGC GCT CTT TTG TGG GGC GCC CCT CTC TCC CCT CTG TGG GGC GCG CGC GCC CCA CAT ATA TAC ACG CGT GTG TGG GGC GCC CCC CCA CAT ATG TGG GGC GCT CTC TCT CTC TCA CAA AAA AAG AGC GCG CGT GTC TCA CAA AAC ACT CTG TGT GTC TCA CAG AGA GAG AGC GCC CCC CCC CCT CTG TGG GGA GAG AGT GTG TGT GTG TGT GTG TGC GCG CGA GAG AGG GGC GCC CCT CTG TGG GGG GGT GTG TGA GAC ACA CAT ATC TCC CCG CGG GGG GGG GGA GAT ATG TGG GGG GGG GGC GCC CCA CAG AGG GGC GCC CCC CCT CTC TCC CCT CTG TGC GCC CCC CCA CAG AGC GCA CAG AGG GGG GGT GTG TGC GCT CTG TGA GAT ATG TGG GGG GGG GGA GAA AAT ATC TCA CAG AGG GGG GGC GCA CAA AAG AGA GAG AGC GCC CCT CTA TAG AGA GAG AGT GTG TGC GCT CTC TCG CGG GGC GCA CAG AGC	222222202222222222222202222220222222222222222222220222222222222222222222222222220222222222222222220222222222222222222222222222222222222222222222222222222222222222222222022222	Heart-Cardio	25278
GAT ATT TTT TTC TCA CAG AGC GCC CCC CCG CGC GCA CAT ATC TCT CTA TAC ACT CTG TGA GAG AGC GCC CCC CCA CAT ATC TCC CCC CCA CAT ATG TGC GCA CAT ATC TCC CCC CCC CCC CCT CTA TAT ATG TGC GCT CTG TGA GAG AGT GTC TCC CCT CTT TTC TCA CAT ATA TAG AGG GGC GCT CTC TCA CAC ACA CAG AGG GGA GAG AGC GCT CTC TCC CCC CCA CAA AAG AGA GAG AGG GGC GCA CAG AGG GGT GTA TAC ACC CCA CAT ATG TGA GAT ATG TGC GCC CCC CCA CAT ATC TCC CCT CTA TAC ACA CAG AGA GAT ATG TGA GAG AGG GGA GAA AAA AAC ACT CTG TGA GAG AGA GAC ACC CCC CCT CTG TGG GGA GAG AGG GGT GTT TTA TAG AGA GAT ATG TGC GCC CCT CTT TTG TGC GCC CCC CCA CAA AAG AGG GGT GTC TCA CAC ACA CAC ACA CAT ATT TTC TCA CAG AGA GAA AAA AAG AGG GGG GGC GCA CAG AGC GCA CAG AGC GCT CTG TGT GTT TTA TAG AGA GAC ACT CTC TCC CCA CAA AAA AAG AGC GCC CCC CCA CAA AAT ATT TTC TCC CCT CTA TAA AAT ATC TCT CTC TCG	222222222022222222222222222222222222222222222222222222222222222222222222222222222222222222222222222222222222222222222222222222222222222222222222222222222222222222222222222222222222222222222222222222222222220	Neuron	34756
AAC ACT CTG TGG GGG GGG GGC GCA CAC ACG CGA GAT ATG TGT GTG TGT GTA TAT ATC TCG CGC GCG CGA GAG AGG GGC GCC CCC CCT CTT TTC TCT CTC TCA CAG AGA GAA AAC ACC CCC CCT CTG TGC GCT CTC TCT CTC TCC CCT CTG TGA GAG AGG GGC GCC CCC CCG	222222222022222222202022222222222222222222222222222222220	Neuron	34559
GAC ACG CGA GAC ACA CAA AAC ACA CAG AGG GGT GTC TCT CTA TAT ATT TTT TTT TTA TAA AAA AAA AAG AGA GAT ATA TAC ACA CAA AAT ATG TGC GCG CGC GCT CTC TCC CCC CCA CAG AGC GCG CGT GTC TCT CTT TTT TTC TCC CCT CTT TTG TGT GTC TCT CTG TGT GTG TGA GAG AGG GGA GAG AGC GCT CTG TGT GTG TGC GCT CTG TGT GTG TGC GCC CCG	2022222222222222222222222222222212222222202222222222222222222222222222222220	Heart-Cardio	34782
GGC GCG CGC GCC CCT CTG TGA GAG AGC GCT CTC TCT CTC TCA CAG AGG GGG GGG GGG GGA GAC ACG CGA GAG AGG GGA GAA AAC ACA CAC ACC CCA	21222222222222222222212222222222	Oligodend	34426
GGC GCG CGG GGC GCG CGG GGA GAT ATC TCT CTT TTC TCG CGA GAT ATG TGC GCT CTG TGT GTC TCG CGG GGC GCT CTT TTC TCA CAC ACC CCT CTT TTC TCC CCC CCC CCA CAA AAT ATC TCG CGT GTC TCT CTC TCC CCT CTG TGA GAC ACC CCA CAC ACC CCA CAA AAG AGG GGA GAG AGG GGC GCG CGC GCC CCG CGG GGA GAT ATG TGG GGC GCT CTG TGC GCC CCC CCT CTG TGA GAC ACC CCA CAT ATG TGT GTT TTC TCT CTG TGC GCG CGG GGG GGC GCT CTT TTT TTG TGG GGG GGT	212212222222122222222122222222222222222212222222222222222222221221222222222222222222222222212222222222	Neuron	35128
TGT GTA TAA AAT ATT TTG TGG GGA GAA AAT ATG TGG GGA GAA AAA AAT ATA TAA AAG AGC GCA CAA AAG AGT GTG TGT GTT TTG TGG GGC GCT CTG TGT GTT TTA TAT ATT TTT TTA TAT ATG TGG GGT GTT TTA TAG AGA GAC ACT CTC TCA CAG AGG GGA GAG AGT GTA TAT ATG TGT GTA TAT ATT TTT TTA TAT ATA TAT ATG TGA GAT ATG TGT GTT TTT TTA TAG AGA GAT ATA TAT ATC TCT CTT TTT TTT TTT TTT TTT TTT TTT TTT TTT TTT TTA TAA AAA AAA AAC ACA CAG AGA GAA AAA AAT ATG TGT GTG TGG GGA GAT ATT TTT TTT TTC TCA CAG AGA GAA AAC ACT CTT TTT TTA TAT ATT TTC TCA CAT ATG TGG GGC GCA CAA AAA AAG AGA GAG AGA GAA AAA AAG AGA GAA AAA AAA AAG AGT GTA TAA AAA AAG AGA GAC ACA CAG AGA GAA AAT ATT TTT TTT TTG TGC GCC CCT CTT TTC TCA CAT ATG TGA GAT ATG TGG GGA GAC ACC CCT CTC TCC CCT CTT TTA TAT ATG TGC GCA CAA AAA AAC ACG	222222222222222222222222222222222222222222222222222222222222222222222222222222222222222222222222222222222222222222222222222222222222222222222222222222222222222222222222222222222222222222222221	Heart-Cardio	26260
TAT ATT TTT TTA TAA AAT ATC TCT CTT TTA TAT ATT TTA TAT ATA TAA AAA AAT ATG TGT GTT TTA TAC ACA CAG AGC GCT CTG TGA GAG AGG GGG GGA GAT ATG TGG GGA GAG AGC GCC CCA CAA AAG AGC GCC CCA CAG AGG GGT GTT TTC TCC CCA CAT ATA TAA AAC ACC CCT CTT TTC TCC CCC CCA CAA AAG AGG GGT GTT TTA TAC ACT CTG TGG GGG GGG GGA GAG AGT GTC TCA CAA AAC ACC CCC CCA CAG AGG GGC GCA CAG AGG GGT GTT TTG TGA GAC ACT CTT TTT TTG TGG GGA GAG AGG GGA GAT ATG TGT GTG TGC GCC CCA CAG AGA GAC ACC CCA CAC ACT CTA TAC ACC CCC CCT CTC TCC CCT CTG TGC GCC CCC CCA CAG AGG GGA GAC ACT CTG TGA GAC ACT CTT TTC TCC CCG	22222222222222222222222222222222222222222222222222222222222222222222222222222222222222222222222222222222222222222222222222222222222222222222222221	Neuron	25302
AAC ACT CTG TGG GGC GCA CAG AGA GAC ACG CGC GCC CCC CCC CCC CCC CCG CGT GTC TCA CAG AGC GCT CTC TCC CCC CCA CAC ACT CTG TGA GAG AGC GCC CCC CCA CAC ACA CAG AGC GCC CCC CCT CTG TGG GGC GCC CCT CTC TCC CCC CCA CAG AGG GGG GGA GAG AGA GAT ATG TGC GCT CTG TGC GCC CCA CAG AGC GCA CAC ACC CCC CCA CAC ACA CAC ACT CTT TTT TTG TGA GAC ACC CCA CAG AGC GCC CCG CGG GGG GGG GGT GTG TGT GTG TGA GAA AAA AAA AAG AGC GCT CTT TTC TCA CAG AGT GTG TGG GGG GGA GAC ACA CAG AGG GGC GCT CTT TTG TGC GCT CTC TCT CTT TTC TCT CTC TCA CAC ACA CAG AGG GGT GTC TCA CAG AGC GCG CGG GGC GCC CCG CGG GGC GCA CAG AGA GAG AGC GCT CTG TGC GCT CTT TTC TCT CTG TGG GGC GCT CTT TTT TTC TCC CCA CAT ATT TTT TTC TCG	22222222212222220222222222222222222222222222222222222222222222222222222222222222222222212222222222222222222222222222222222222222222222222122202222222222222222222222222221	Neuron	35120
GCT CTC TCT CTT TTT TTG TGT GTT TTC TCG CGG GGC GCT CTG TGT GTG TGT GTG TGA GAA AAT ATG TGT GTG TGA GAA AAG AGG GGG GGT GTG TGG GGA GAA AAT ATC TCT CTC TCC CCG CGA GAT ATG TGA GAT ATC TCT CTC TCA CAC ACC CCA CAT ATT TTT TTC TCC CCT CTA TAT ATT TTT TTA TAT ATT TTC TCT CTA TAT ATA TAC ACT CTT TTA TAC ACC CCT CTG TGA GAA AAT ATG TGC GCA CAC ACC CCA CAT ATG TGT GTC TCT CTT TTG TGC GCA CAG AGC GCT CTT TTT TTT TTT TTA TAA AAT ATG TGC GCA CAT ATA TAT ATG TGC GCA CAA AAA AAC ACC CCA CAC ACT CTA TAA AAA AAA AAT ATG TGT GTC TCC CCT CTT TTT TTT TTG TGT GTG TGA GAG AGA GAC ACA CAC ACT CTT TTT TTG TGC GCT CTA TAA AAA AAA AAG AGA GAC ACC CCG	222222222122222222222222222222222222222022222222222222222222222222222222222222222222222222222222222222222222222222222222222222222222222222222222222222222222220	Oligodend	36402
TTT TTT TTC TCT CTT TTA TAA AAT ATC TCG CGC GCC CCT CTC TCT CTC TCG CGA GAC ACT CTG TGT GTC TCT CTG TGT GTT TTA TAA AAT ATT TTA TAG AGG GGA GAG AGC GCC CCG CGT GTG TGC GCT CTT TTT TTG TGC GCT CTA	2222222221222222122222222222222222222212222222222	Neuron	35209
AGG GGC GCC CCA CAA AAA AAC ACA CAC ACG CGT GTC TCA CAA AAA AAG AGC GCT CTA TAC ACT CTT TTG TGG GGG GGC GCC CCC CCA CAG AGC GCG CGT GTT TTG TGT GTA TAA AAC ACA CAA AAA AAG AGT GTG TGT GTT TTG TGT GTT TTT TTA TAT ATG TGA GAG AGT GTT TTC TCA CAG AGA GAA AAG AGA GAA AAA AAA AAT ATA TAA AAA AAG AGA GAC ACT CTT TTC TCC CCC CCT CTG TGC GCT CTG TGT GTG TGG GGG GGA GAC ACT CTG TGA GAA AAA AAA AAC ACC CCA CAA AAA AAG AGA GAA AAG AGG GGC GCA CAG AGA GAG AGA GAT ATC TCA CAA AAC ACT CTA TAT ATA TAC ACT CTG TGG GGA GAA AAA AAA AAC ACA CAA AAT ATT TTA TAA AAA AAG AGC GCT CTT TTT TTT TTC TCA CAG AGT GTA TAT ATG TGT GTT TTC TCA CAT ATG TGA GAA AAC ACA CAT ATT TTA TAT ATT TTT TTA TAG AGA GAA AAG AGA GAT ATG TGC GCT CTG TGA GAT ATT TTG TGG GGT GTT TTT TTT TTT TTG TGA GAA AAA AAG AGC GCA CAG AGA GAT ATG TGA GAT ATG TGA GAC ACA CAC ACG CGT GTA TAT ATG TGT GTC TCA CAT ATA TAC ACT CTA TAG AGA GAC ACA CAA AAT ATT TTT TTG TGA GAG AGG GGT GTG TGG GGC GCT CTT TTC TCT CTT TTT TTC TCA CAA AAA AAA AAT ATA TAC ACG	2222222220222222222222222222222022222222222222222222222222222222222222222222222222222222222222222222222222222222222222222222222222222222222222222222222222222222222222222222222222222222222222222222222222222202222222222222222222222222222222222222222221	Neuron	36318
GCT CTG TGT GTT TTG TGA GAT ATG TGA GAG AGG GGG GGA GAA AAC ACC CCA CAA AAG AGA GAC ACT CTC TCA CAG AGA GAG AGA GAG AGG GGG GGG GGA GAA AAG AGT GTG TGA GAC ACT CTC TCC CCC CCA CAA AAG AGA GAC ACC CCT CTT TTG TGC GCA CAG AGA GAC ACA CAG AGG GGA GAT ATG TGT GTG TGG GGG GGG GGG GGA GAG AGC GCT CTT TTC TCC CCC CCT CTT TTG TGA GAA AAC ACC CCC CCA CAA AAG AGG GGC GCT CTA TAC ACC CCT CTG TGG GGC GCC CCC CCC CCC CCA CAG AGG GGC GCT CTC TCC CCC CCT CTT TTG TGA GAT ATC TCT CTG TGG GGC GCC CCT CTG TGA GAG AGG GGT GTG TGC GCA CAC ACA CAG AGG GGG GGC GCT CTA TAC ACT CTG TGT GTG TGC GCC CCT CTG TGT GTG TGC GCT CTT TTT TTT TTC TCA CAG AGC GCC CCT CTG TGA GAC ACT CTG TGA GAG AGG GGC GCT CTG TGA GAA AAA AAG AGG GGC GCT CTC TCC CCA CAG AGC GCT CTC TCC CCC CCA CAA AAG AGA GAC ACA CAA AAT ATC TCA CAG AGC GCC CCT CTG TGG GGA GAC ACC CCC CCT CTT TTT TTC TCT CTG TGG GGC GCA CAT ATC TCT CTC TCC CCG CGG GGT GTT TTC TCC CCC CCT CTC TCT CTG	2222222222222222222222222222222222222222222222222222222222222222222222222222222222222222222222222222222222222222222222222222222222222222222222222222222222222222222222222222222222222222222222222222222222222222222222222222202222222222	Neuron	36982
TTG TGG GGA GAA AAA AAA AAC ACC CCC CCG CGG GGG GGA GAG AGC GCA CAT ATG TGT GTC TCT CTG TGA GAA AAA AAT ATG TGT GTC TCC CCT CTG TGT GTG TGA GAG AGT GTG TGC GCT CTG TGA GAC ACC CCT CTG TGA GAA AAA AAT ATG TGC GCA CAG AGG GGT GTC TCA CAC ACC CCG CGA GAT ATG TGC GCC CCC CCC CCC CCA CAG AGA GAC ACC CCT CTC TCA CAA AAT ATG TGC GCG CGG GGT GTC TCT CTG TGA GAG AGC GCA CAC ACA CAG AGT GTT TTA TAC ACA CAT ATG TGA GAA AAC ACA CAA AAA AAC ACC CCT CTT TTT TTC TCC CCA CAG AGC GCC CCA CAG AGC GCG CGT GTT TTG TGA GAA AAA AAG AGA GAT ATC TCA CAT ATC TCG CGC GCC CCT CTC TCC CCG	2222222220222222222222222222222222222222222222222222222222220222222222222222222220222222222222222222222222222222222222222122222222222221222220	Oligodend	35016
GAC ACG CGG GGG GGC GCA CAG AGG GGC GCT CTA TAT ATG TGC GCA CAA AAT ATG TGG GGA GAA AAG AGA GAG AGA GAT ATG TGA GAT ATT TTC TCC CCA CAG AGA GAA AAA AAT ATG TGG GGA GAA AAC ACA CAC ACT CTG TGC GCT CTT TTA TAT ATC TCA CAT ATT TTT TTC TCA CAA AAT ATA TAT ATC TCT CTT TTT TTG TGT GTT TTT TTT TTC TCC CCG CGT GTT TTC TCT CTT TTT TTA TAT ATG TGG GGC GCT CTG TGA GAG AGT GTA TAC ACC CCA CAG AGA GAG AGA GAG AGA GAA AAG AGG GGG GGA GAA AAA AAC ACA CAT ATG TGT GTT TTT TTG TGT GTC TCA CAG AGT GTA TAG AGG GGA GAG AGT GTA TAA AAG AGG GGA GAA AAA AAC ACA CAT ATA TAG AGT GTG TGC GCC CCT CTT TTT TTG TGT GTC TCT CTA TAA AAA AAA AAA AAC ACA CAC ACT CTA TAG AGC GCG CGA GAC ACT CTG TGT GTC TCC CCG CGC GCC CCT CTT TTC TCT CTG TGA GAC ACC CCA CAG AGT GTA TAT ATT TTG TGA GAT ATG TGG GGT GTT TTA TAA AAC ACA CAA AAA AAG AGG GGA GAG AGC GCC CCC CCT CTT TTC TCA CAG AGC GCT CTT TTG TGG GGG GGG GGG GGC GCC CCA CAA AAG AGT GTG TGG GGG GGC GCT CTG TGC GCA CAG AGC GCT CTC TCG CGT GTC TCT CTA TAG AGG GGC GCA CAG AGC	202222222222222222222222222222222222222222222222222222222222222222222222220222222222222222222222222222222222222222222222222222222222222222222222222222222222222222022222220222222222222222222222222222222222222222222222222222222222222222222202222222222	Oligodend	36409
AGC GCT CTG TGG GGG GGT GTG TGT GTC TCG CGG GGG GGG GGG GGG GGC GCC CCT CTG TGG GGG GGC GCC CCC CCA CAT ATT TTT TTG TGC GCC CCT CTG TGG GGA GAC ACG CGC GCT CTG TGC GCG CGG GGG GGC GCA CAC ACC CCC CCT CTG TGC GCC CCC CCC CCT CTC TCT CTG TGG GGC GCT CTC TCC CCC CCC CCG CGG GGG GGG GGT GTC TCC CCT CTG TGG GGG GGC GCC CCT CTC TCT CTC TCG CGC GCG CGG GGG GGC GCA CAG AGG GGA GAA AAT ATG TGC GCC CCA CAT ATC TCT CTG TGT GTG TGC GCC CCA CAT ATC TCT CTG TGA GAC ACC CCA CAG AGG GGG GGC GCT CTC TCC CCC CCC	22222222212222222222222222222222222212222122222222222222222222222212222222222222222121222222222222222222222222222222222222222	Heart-Cardio	36767
CAA AAA AAA AAA AAT ATA TAA AAT ATC TCG CGC GCG CGG GGT GTT TTT TTA TAT ATA TAC ACC CCA CAA AAA AAT ATG TGA GAA AAT ATT TTT TTA TAT ATT TTA TAA AAT ATT TTC TCA CAA AAA AAT ATC TCG CGT GTC TCA CAT ATC TCT CTG TGG GGC GCA CAC ACA CAA AAA AAC ACC CCG CGC GCG CGA GAT ATT TTA TAC ACT CTT TTT TTT TTG TGC GCA CAT ATT TTA TAA AAC ACC CCT CTA TAA AAT ATA TAT ATG TGA GAC ACT CTC TCC CCA CAT ATT TTT TTA TAT ATA TAT ATG TGA GAA AAA AAT ATC TCT CTC TCT CTA TAG AGA GAA AAT ATA TAG AGG GGC GCA CAA AAA AAT ATC TCT CTA TAT ATA TAG AGA GAG AGA GAC ACA CAG AGA GAA AAA AAG AGG GGT GTT TTA TAG AGA GAG AGG GGT GTT TTG TGT GTC TCC CCA CAG AGG GGG GGC GCT CTG TGG GGG GGG GGC GCT CTG TGG GGG GGG GGG GGA GAG AGA GAT ATA TAC ACT CTA TAG AGG GGT GTA TAT ATG TGT GTG TGG GGG GGA GAC ACA CAC ACA CAT ATG TGG GGG GGG GGA GAA AAT ATT TTA TAT ATT TTG TGT GTT TTA TAA AAT ATG TGG GGG GGT GTA TAC ACG CGT GTG TGA GAT ATT TTT TTC TCT CTT TTT	2222222220212222222222222222222222222222222212222222222222222021222222222222222222222222222222222222222222222222222222222222222222222222222222222222222222222222222222222222222222222222222222222222222222222222222222222212222222222	Heart-Cardio	37228
TGT GTC TCT CTC TCC CCT CTG TGT GTC TCG CGC GCT CTC TCT CTT TTA TAC ACT CTT TTT TTC TCA CAT ATC TCC CCT CTT TTG TGT GTC TCA CAT ATT TTC TCT CTC TCT CTA TAC ACC CCC CCC CCC CCT CTG TGG GGT GTT TTT TTT TTC TCC CCT CTG TGG GGT GTA TAT ATT TTT TTA TAA AAA AAG AGT GTC TCC CCA CAG AGG GGT GTA TAG AGA GAG AGA GAA AAG AGA GAT ATT TTT TTT TTG TGA GAC ACT CTG TGG GGA GAG AGG GGT GTG TGG GGT GTT TTA TAG AGG GGT GTG TGA GAG AGG GGC GCT CTC TCT CTC TCC CCC CCC CCC CCC CCA CAC ACC CCT CTC TCA CAA AAC ACC CCC CCC CCC CCT CTG TGC GCC CCA CAT ATT TTA TAG AGT GTT TTC TCA CAC ACT CTG TGG GGG GGA GAG AGC GCC CCT CTC TCC CCC CCC CCC CCT CTT TTT TTC TCC CCT CTC TCC CCG CGC GCA CAA AAG AGG GGA GAG AGC GCA CAA	222222222022222222222222222222222222222222222222222222222222222222222222222222222222222222222222222222222222222222222222222222222222222222222222222222222222222222212222222222	Oligodend	26036
AAG AGG GGG GGC GCT CTC TCT CTG TGC GCG CGT GTC TCA CAC ACT CTT TTC TCT CTG TGT GTT TTT TTA TAC ACA CAG AGC GCC CCG CGG GGG GGG GGG GGC GCT CTC TCT CTC TCT CTG TGC GCA CAG AGG GGT GTC TCT CTT TTA TAT ATG TGT GTT TTC TCA CAT ATG TGT GTG TGC GCA CAT ATG TGT GTA TAC ACA CAG AGA GAT ATA TAC ACA CAA AAG AGG GGA GAG AGC GCC CCA CAG AGC GCA CAC ACA CAG AGG GGC GCC CCA CAA AAA AAC ACG CGC GCA CAT ATG TGA GAG AGA GAA AAG AGG GGC GCA CAT ATG TGC GCT CTG TGC GCG	222222222022222222222222222202222222222222222222222222222222222222222222222222222222222222222202222222222222222220	Heart-Cardio	25728
CTA TAG AGA GAG AGC GCA CAC ACT CTC TCG CGC GCT CTG TGG GGC GCT CTA TAT ATT TTT TTA TAT ATT TTT TTC TCA CAC ACT CTT TTT TTT TTC TCC CCC CCC CCT CTA TAT ATC TCA CAA AAG AGC GCA CAA AAA AAG AGA GAC ACA CAT ATT TTT TTA TAC ACT CTA TAA AAA AAT ATT TTT TTT TTG TGC GCT CTT TTT TTA TAT ATG TGT GTT TTG TGT GTC TCA CAC ACA CAG AGG GGA GAT ATT TTC TCC CCT CTT TTT TTG TGA GAA AAA AAA AAG AGC GCA CAC ACC CCC CCT CTG TGT GTT TTT TTG TGG GGA GAG AGC GCC CCG CGG GGC GCT CTG TGA GAA AAA AAA AAG AGG GGT GTT TTG TGG GGC GCA CAA AAA AAG AGG GGC GCG	22222222212222222222222222222222222222222222222222222222222222222222222222222222222222222222222222222222222222212222222222222222222221	Heart-Cardio	34877
GGC GCA CAC ACC CCA CAG AGC GCG CGC GCG CGA GAT ATT TTC TCT CTA TAT ATG TGT GTG TGC GCC CCA CAC ACT CTG TGC GCC CCT CTA TAT ATT TTC TCA CAC ACC CCA CAG AGC GCC CCT CTC TCT CTG TGG GGC GCA CAG AGT GTG TGC GCG	2222222121222222222222222222222222222222222222222221	Neuron	36497
GAG AGA GAA AAC ACC CCG CGC GCC CCT CTG TGG GGA GAC ACC CCC CCA CAC ACG CGT GTC TCC CCC CCC CCT CTA TAT ATT TTC TCC CCT CTG TGC GCC CCA CAG AGC GCC CCA CAC ACA CAG AGG GGG GGC GCA CAC ACA CAA AAT ATT TTA TAG AGG GGG GGC GCG CGG GGC GCG CGG GGA GAG AGA GAT ATA TAC ACA CAG AGC GCC CCC CCT CTG TGG GGC GCC CCC CCT CTG TGG GGA GAG AGT GTC TCA CAG AGG GGA GAG AGT GTC TCA CAG AGG GGG GGT GTC TCT CTT TTG TGC GCT CTC TCC CCC CCG CGA GAA AAA AAT ATG TGT GTG TGA GAT ATC TCT CTG TGT GTG TGA GAC ACT CTG TGA GAG AGT GTG TGA GAC ACC CCC CCA CAA AAG AGA GAT ATC TCA CAA AAC ACC CCT CTG TGT GTG TGC GCT CTC TCA CAC ACA CAT ATT TTC TCC CCT CTG TGC GCT CTC TCT CTA TAA AAG AGT GTT TTT TTC TCT CTA TAG AGG GGG GGG GGT GTC TCG CGA GAA AAA AAG AGT GTC TCC CCT CTT TTG TGA GAA AAA AAA AAT ATC TCT CTT TTT TTT TTA TAA AAA AAA AAA AAC ACT CTA TAA AAC ACA CAG AGT GTG TGG GGT GTC TCT CTC TCT CTC TCC CCG CGG GGG GGA GAA AAC ACA CAC ACC CCG CGA GAC	2222202222222222202222222222222222222222222222222222222022022222222222222222222222222222222222222222222220222222222222222222222222222222222222222222222222222222222222222222222220222222222222222222222222222222222222222222022222222122	Heart-Cardio	25892
CCT CTA TAG AGG GGC GCA CAG AGA GAC ACG CGT GTT TTC TCT CTT TTT TTC TCC CCT CTC TCT CTA TAT ATT TTC TCC CCC CCC CCT CTG TGC GCT CTG TGG GGT GTT TTC TCT CTC TCA CAG AGT GTG TGT GTC TCT CTA TAA AAG AGA GAG AGG GGA GAT ATC TCT CTC TCT CTA TAA AAA AAA AAG AGC GCT CTG TGT GTG TGA GAG AGT GTC TCT CTG TGC GCT CTC TCC CCA CAG AGA GAA AAA AAT ATA TAA AAA AAC ACA CAA AAG AGT GTT TTG TGC GCT CTG TGA GAG AGA GAC ACC CCA CAG AGT GTG TGC GCC CCC CCT CTG TGA GAG AGA GAG AGC GCC CCG CGT GTC TCC CCC CCC CCC CCT CTC TCA CAT ATC TCA CAG AGT GTT TTC TCT CTG TGT GTT TTT TTG TGT GTT TTG TGC GCT CTG TGT GTT TTG TGC GCT CTG TGC GCT CTG TGA GAC ACA CAG AGG GGG GGT GTA TAA AAT ATG TGA GAT ATA TAA AAG AGA GAA AAT ATG TGG GGC GCC CCC CCA CAC ACA CAG AGC GCT CTA TAT ATG TGC GCC CCG CGT GTA TAG AGT GTC TCC CCT CTT TTG TGT	222222222022222222222222222222222222222222222222222222222222222222222222222222222222222222222222222222222222222222222022222222222222222222222222222222222222222222222222222222222222222222222202222222222	Neuron	25649
CCA CAG AGG GGG GGT GTG TGG GGG GGC GCG CGA GAA AAA AAA AAC ACA CAG AGC GCT CTC TCC CCC CCA CAC ACT CTA TAT ATC TCT CTC TCT CTG TGT GTG TGG GGA GAG AGC GCA CAC ACA CAC ACG CGA GAC ACA CAA AAG AGC GCT CTC TCG CGC GCT CTT TTG TGG GGC GCC CCT CTC TCC CCT CTG TGG GGC GCG CGC GCC CCA CAT ATA TAC ACG CGT GTG TGG GGC GCC CCC CCA CAT ATG TGG GGC GCT CTC TCT CTC TCA CAA AAA AAG AGC GCG CGT GTC TCA CAA AAC ACT CTG TGT GTC TCA CAG AGA GAG AGC GCC CCC CCC CCT CTG TGG GGA GAG AGT GTG TGT GTG TGT GTG TGC GCG CGA GAG AGG GGC GCC CCT CTG TGG GGG GGT GTG TGA GAC ACA CAT ATC TCC CCG CGG GGG GGG GGA GAT ATG TGG GGG GGG GGC GCC CCA CAG AGG GGC GCC CCC CCT CTC TCC CCT CTG TGC GCC CCC CCA CAG AGC GCA CAG AGG GGG GGT GTG TGC GCT CTG TGA GAT ATG TGG GGG GGG GGA GAA AAT ATC TCA CAG AGG GGG GGC GCA CAA AAG AGA GAG AGC GCC CCT CTA TAG AGA GAG AGT GTG TGC GCT CTC TCG CGG GGC GCA CAG AGC	22222222202222222222222222222222222222222212222222212222222222222212222221222222222222222222221222222222222222222222222222221222222222222222221222222222222222222222222222222222222222222222222222222222222222222222122222	Oligodend	25278
GCT CTG TGG GGG GGG GGC GCT CTC TCG CGA GAA AAT ATC TCC CCA CAT ATG TGG GGC GCC CCT CTG TGA GAC ACC CCC CCG CGC GCT CTC TCG CGC GCC CCT CTG TGG GGG GGC GCA CAA AAG AGC GCG CGC GCT CTT TTC TCC CCC CCT CTA TAG AGG GGA GAA AAG AGG GGG GGG GGG GGT GTA TAG AGG GGG GGA GAG AGT GTG TGG GGG GGG GGG GGT GTG TGA GAG AGG GGG GGG GGG GGC GCA CAC ACA CAT ATG TGT GTG TGA GAT ATC TCT CTC TCT CTC TCC CCC CCA CAG AGG GGC GCC CCA CAA AAT ATG TGG GGG GGC GCT CTA TAA AAG AGC GCG CGG GGG GGC GCC CCA CAG AGA GAG AGT GTT TTT TTG TGG GGC GCA CAG AGC GCC CCC CCC CCA CAG AGC GCG CGC GCC CCC CCA CAT ATC TCC CCA CAT ATC TCA CAC ACC CCC CCC CCC CCC CCA CAA AAG AGC GCA CAT ATT TTA TAG AGC GCA CAT ATG TGA GAC ACA CAA AAA AAG AGA GAC ACA CAC ACT CTT TTC TCA CAA AAT ATC TCA CAC ACC CCC CCG CGC GCA CAG AGC GCC CCC CCA CAT ATC TCC	2222222202222222222222222202220222222222220222222222222222222222222222222222222222222222222222222222222222222222222022222222222222222222222022222222222222222222222222222222222222222222222222202222222222	Oligodend	34845
GCC CCG CGC GCA CAT ATT TTT TTT TTT TTC TCG CGG GGT GTT TTT TTC TCT CTA TAA AAG AGT GTG TGT GTA TAC ACA CAT ATA TAT ATG TGA GAA AAC ACC CCT CTT TTA TAC ACC CCA CAG AGC GCC CCC CCG CGA GAA AAG AGT GTG TGT GTA TAA AAC ACG CGC GCA CAA AAA AAT ATC TCA CAA AAA AAT ATT TTA TAA AAT ATA TAC ACA CAT ATG TGC GCC CCG CGT GTA TAT ATC TCT CTG TGG GGG GGA GAT ATA TAT ATT TTT TTT TTA TAT ATT TTA TAG AGA GAC ACT CTC TCG CGG GGC GCA CAT ATA TAA AAT ATG TGG GGT GTT TTT TTG TGG GGT GTT TTA TAT ATT TTT TTG TGG GGT GTA TAG AGT GTA TAA AAA AAT ATT TTT TTA TAT ATT TTT TTC TCA CAG AGT GTG TGG GGT GTA TAA AAC ACT CTT TTA TAT ATG TGG GGC GCT CTA TAA AAC ACA CAG AGC GCA CAT ATT TTT TTG TGG GGG GGG GGA GAT ATC TCT CTG TGG GGG GGA GAA AAT ATG TGG GGA GAT ATC TCC CCA CAC ACC CCC CCA CAC ACT CTT TTT TTC TCC CCA CAG AGG GGA GAC ACT CTA TAA AAG AGG GGA GAA AAC ACT CTG TGC GCT CTA TAG AGA GAA AAC ACC CCC CCT CTT TTG TGC GCG CGG GGG GGG GGG GGT GTA TAG AGA GAT ATG	20222222221222222222222222222222222222222222122222222212222222222222222222220222222222222222222222222022222222222222222222222222222222222222222222222222222222222222222222222222222222222222222222222222222222222222222222222222202222222222	Oligodend	34478
GAA AAG AGG GGC GCA CAC ACA CAG AGC GCG CGA GAT ATG TGA GAG AGA GAG AGG GGG GGA GAA AAT ATG TGG GGG GGA GAG AGC GCA CAT ATG TGG GGA GAG AGG GGT GTG TGT GTC TCA CAG AGA GAG AGA GAA AAC ACC CCC CCT CTG TGA GAT ATG TGG GGG GGA GAG AGG GGC GCG CGA GAC ACG CGG GGA GAC ACA CAT ATG TGG GGA GAA AAG AGG GGT GTG TGA GAA AAG AGA GAG AGA GAG AGA GAG AGG GGG GGG GGC GCA CAC ACA CAG AGA GAG AGA GAG AGG GGA GAG AGA GAG AGG GGA GAC ACA CAT ATG TGA GAA AAT ATA TAG AGG GGA GAG AGG GGA GAC ACA CAG AGG GGT GTA TAT ATG TGT GTG TGA GAG AGG GGT GTG TGT GTT TTG TGA GAG AGA GAG AGC GCA CAC ACA CAG AGG GGG GGA GAT ATG TGG GGG GGA GAT ATG TGA GAG AGA GAT ATG TGG GGG GGA GAC ACA CAG AGG GGA GAT ATG TGG GGG GGA GAT ATG TGG	22222222202222222222222222222222222222222222222222222222222022022222222222222222222222222222222222222222222222222222222222222222222222222222222222222222222222222222222222222222	Neuron	34682
CTT TTC TCC CCT CTA TAG AGC GCA CAC ACG CGT GTA TAG AGC GCG CGC GCT CTG TGT GTC TCT CTG TGA GAG AGA GAT ATT TTG TGC GCC CCT CTT TTA TAT ATT TTA TAT ATT TTG TGT GTA TAT ATT TTG TGT GTG TGT GTG TGT GTT TTT TTG TGA GAA AAT ATT TTC TCT CTC TCT CTC TCT CTC TCT CTC TCC CCC CCT CTA TAG AGA GAA AAG AGG GGG GGA GAG AGG GGC GCT CTT TTC TCA CAA AAA AAT ATA TAA AAG AGG GGA GAG AGC GCC CCT CTC TCT CTC TCT CTG TGT GTT TTT TTT TTC TCT CTC TCT CTT TTC TCT CTG TGT GTG TGT GTC TCC CCG	2222222221222202222222222222222222222222222222222222222222222222222222222222222222222222222222222222222222222222222221	Neuron	37211
GCC CCG CGG GGC GCC CCG CGC GCC CCC CCC CCC CCA CAT ATT TTC TCT CTC TCT CTG TGC GCT CTG TGC GCG CGT GTA TAG AGA GAT ATG TGC GCC CCC CCT CTG TGG GGC GCC CCC CCA CAG AGG GGG GGC GCC CCC CCT CTG TGA GAC ACT CTC TCC CCT CTC TCC CCA CAT ATT TTC TCC CCC CCG CGC GCC CCA CAG AGT GTA TAG AGC GCT CTG	2022202222222222222222202222222222222222222222222222222222222202222222222	Oligodend	37014
GCA CAC ACT CTT TTG TGT GTC TCA CAC ACG CGA GAC ACT CTG TGC GCC CCA CAG AGC GCG CGC GCT CTG TGA GAG AGG GGA GAC ACC CCT CTT TTG TGC GCT CTG TGC GCT CTG TGC GCT CTG TGG GGG GGG GGA GAG AGC GCA CAG AGC GCT CTA TAC ACG CGT GTA TAG AGG GGT GTC TCA CAA AAG AGA GAG AGG GGA GAT ATC TCC CCT CTT TTG TGG GGC GCA CAT ATG TGA GAA AAC ACT CTC TCC CCA CAC ACA CAG AGG GGC GCA CAC ACA CAG AGG GGC GCG CGC GCT CTT TTG TGC GCC CCT CTT TTC	2222222221222222222122222222222222222222222222222222212222222222222222222222222222222222222222221222222222	Neuron	26192
GAG AGA GAA AAG AGA GAC ACA CAA AAC ACG CGA GAG AGA GAA AAA AAA AAA AAG AGG GGA GAG AGA GAG AGA GAT ATC TCC CCA CAC ACA CAT ATC TCA CAA AAT ATC TCC CCT CTG TGT GTT TTC TCC CCA CAT ATC TCC CCC CCT CTT TTC TCT CTC TCC CCG CGG GGA GAG AGG GGC GCA CAC ACA CAC ACA CAG AGC GCT CTC TCT CTG TGG GGG GGC GCT CTG TGA GAT ATC TCC CCC CCT CTG TGG GGG GGA GAT ATC TCA CAG AGC GCT CTG TGA GAT ATT TTC TCA CAC ACT CTG TGG GGC GCT CTG TGT GTG TGC GCC CCC CCT CTC TCT CTT TTG TGG GGT GTG TGC GCC CCC CCG CGC GCC CCG CGC GCC CCT CTG TGC GCC CCT CTG TGG GGA	222222222022222222222222222222222222222222222222222222022222222222222222222222222222222222222222222222222222222222222222202202222222222	Neuron	34737
CTG TGC GCC CCC CCA CAC ACC CCT CTC TCG CGG GGC GCC CCT CTC TCC CCC CCA CAA AAA AAA AAT ATG TGC GCT CTG TGG GGG GGA GAT ATT TTA TAC ACA CAG AGG GGT GTG TGT GTG TGA GAG AGC GCC CCA CAC ACC CCG CGC GCA CAC ACC CCT CTG TGG GGC GCC CCC CCT CTA TAA AAA AAG AGT GTT TTC TCT CTT TTT TTC TCT CTA TAA AAG AGA GAT ATG TGC GCT CTC TCC CCA CAA AAA AAT ATA TAG AGT GTA TAG AGA GAA AAA AAC ACA CAT ATT TTT TTG TGA GAA AAA AAA AAT ATT TTT TTA TAA AAT ATT TTT TTC TCA CAT ATT TTA TAG AGA GAA AAA AAG AGT GTT TTG TGG GGC GCA CAT ATG TGA GAA AAA	222222222122222222222222222222222222222222222221222222222222222222222222222222222222222222222222222222222222222222222222222222222222	Oligodend	25800
TTG TGG GGA GAG AGT GTG TGT GTC TCA CAC ACA CAA AAA AAG AGG GGA GAC ACT CTA TAA AAC ACA CAA AAC ACG CGC GCT CTG TGG GGC GCT CTG TGG GGG GGA GAC ACA CAA AAA AAA AAC ACC CCT CTA TAC ACA CAG AGC GCT CTT TTC TCT CTC TCT CTA TAA AAA AAT ATG TGC GCT CTG TGA GAG AGG GGG GGG GGC GCC CCC CCC CCT CTA TAT ATG TGG GGA GAG AGA GAA AAA AAT ATG TGG GGC GCC CCC CCA CAG AGT GTG TGT GTG TGT GTT TTT TTC TCT CTC TCA CAT ATG TGG GGG GGT GTG TGT GTC TCT CTC TCC CCT CTC TCC CCA CAC ACT CTT TTC TCC CCC CCC CCA CAC ACA CAG	222222222222222222222222122222222222222222222222222222222222222222222222222222222222222222222222222222222222222222222222222222	Oligodend	25653
CAA AAA AAG AGT GTC TCC CCA CAC ACC CCG CGC GCA CAG AGC GCT CTG TGC GCA CAT ATC TCC CCT CTC TCC CCA CAA AAG AGC GCC CCT CTC TCC CCA CAA AAC ACT CTA TAC ACA CAA AAT ATC TCG CGT GTA TAG AGC GCA CAT ATT TTC TCT CTC	22222222212222222222222222222222222222222212222222222	Heart-Cardio	36298
TCA CAT ATG TGG GGA GAG AGA GAG AGC GCG CGG GGC GCT CTA TAC ACA CAC ACC CCC CCG CGC GCA CAT ATT TTC TCC CCA CAG AGT GTG TGT GTT TTT TTG TGA GAA AAG AGG GGG GGG GGA GAG AGC GCG CGC GCT CTC TCC CCA CAA AAT ATA TAT ATC TCG CGT GTG TGG GGA GAC ACC CCT CTG TGC GCT CTG TGT GTT TTT TTG TGT GTC TCA CAA AAA AAG AGA GAC ACT CTT TTG TGG GGC GCC CCT CTT TTC TCG	2222222220222222222022222222222222222222222022222222221222222222222222222222222222222220	Neuron	34804
GCG CGA GAC ACA CAG AGG GGG GGC GCC CCT CTG TGT GTC TCA CAC ACA CAG AGG GGA GAT ATC TCA CAG AGA GAT ATG TGG GGC GCG CGG GGT GTG TGC GCC CCG CGT GTC TCA CAC ACT CTT TTT TTG TGG GGG GGT GTC TCT CTA TAA AAT ATT TTC TCT CTT TTC TCC CCT CTT TTG TGA GAC ACT CTT TTT TTT TTC TCT CTG TGT GTA TAA AAC ACT CTG TGT GTA TAG AGT GTA TAG AGC GCT CTG TGG GGC GCA CAC ACA CAT ATA TAT ATC TCG CGA GAA AAT ATG TGC GCC CCC CCA CAG AGT GTG TGG GGC GCA CAT ATT TTG TGT GTT TTA TAT ATC TCC CCC CCC CCG CGA GAT ATT TTT TTA TAT ATG TGC GCA CAA	0222222222222222222222222222022222022222222222222222222222222222222222222222222222222222222220222222222222222222222222212222222222	Oligodend	36863
AGT GTC TCA CAG AGG GGA GAT ATC TCC CCG CGC GCA CAT ATC TCT CTG TGC GCC CCT CTC TCC CCG CGT GTC TCG CGG GGC GCT CTT TTC TCT CTT TTC TCA CAG AGC GCC CCT CTG TGT GTG TGC GCA CAT ATT TTT TTT TTC TCC CCA CAG AGT GTG TGC GCA CAC ACC CCA CAA AAG AGC GCC CCG CGC GCT CTG TGG GGT GTC TCC CCC CCA CAG AGC GCC CCC CCA CAA AAA AAG AGT GTG TGT GTG TGG GGT GTG TGC GCT CTC TCC CCA CAA AAG AGC GCC CCT CTG TGT GTC TCC CCT CTC TCC CCT CTG TGT GTT TTC TCT CTC TCT CTG TGG GGC GCC CCC CCT CTC TCC CCT CTT TTT TTC TCT CTT TTT TTC TCC CCT CTC TCT CTC TCA CAC ACC CCT CTG TGT GTC TCA CAC ACA CAC ACT CTT TTT TTC TCA CAG AGA GAC ACA CAG AGT GTC TCA CAC ACC CCA CAG AGG GGA GAA AAG AGC GCA CAG AGG GGC GCA CAT ATA TAA AAA AAC ACC CCT CTT TTG TGC GCG	22222222212222222222212212222222222222222222222222222222222222122222222222222222222222222222222222222222222222222222222222222222222222222222222222222222222222222222222222222222222221	Neuron	37181
TTC TCT CTA TAC ACA CAC ACT CTG TGC GCG CGG GGC GCA CAT ATC TCA CAT ATG TGT GTC TCA CAG AGT GTG TGC GCT CTC TCA CAA AAA AAA AAT ATG TGT GTG TGT GTC TCA CAT ATT TTT TTT TTG TGA GAA AAG AGC GCG CGT GTT TTT TTT TTG TGT GTT TTT TTT TTT TTT TTT TTG TGG GGA GAT ATT TTA TAA AAG AGG GGA GAT ATG TGC GCT CTC TCA CAA AAT ATC TCT CTG TGG GGG GGC GCT CTC TCA CAA AAT ATT TTA TAC ACA CAC ACT CTG TGG GGT GTT TTT TTC TCA CAA AAC ACG	222222222122222222222222222222222222222222222220222222222222222222222222222222222222222222222222222222220	Oligodend	37170
GAC ACG CGC GCC CCT CTG TGA GAG AGA GAA AAC ACA CAA AAT ATG TGA GAC ACG CGC GCC CCT CTG TGT GTG TGT GTC TCA CAC ACC CCA CAC ACC CCA CAG AGT GTC TCA CAA AAT ATG TGG GGC GCT CTG TGC GCC CCT CTC TCA CAG AGT GTG TGC GCC CCT CTT TTG TGT GTC TCC CCC CCT CTA TAA AAT ATA TAG AGA GAC ACT CTC TCT CTC TCA CAC ACT CTG TGA GAA AAC ACG CGT GTC TCG CGG GGT GTC TCA CAG AGT GTT TTA TAG AGC GCT CTG TGA GAG AGT GTG TGA GAT ATA TAT ATT TTG TGA GAG AGG GGT GTT TTG TGG GGG GGT GTC TCT CTT TTG TGT GTG TGA GAC ACT CTC TCT CTG TGC GCT CTT TTA TAA AAA AAG AGA GAC ACC CCA CAT ATT TTT TTC TCT CTA TAA AAC ACA CAC ACC CCT CTC TCC CCA CAC ACT CTG TGC GCC CCG CGA GAA AAT ATT TTT TTA TAA AAA AAA AAA	2122222222222222212222222222222222222222222222222222222222222222222222222222222212212222222222222222222222222222222222222222222222222222222222222222222222222212222222222	Neuron	36619
GAG AGG GGA GAA AAT ATA TAA AAT ATC TCG CGT GTT TTT TTG TGG GGC GCT CTA TAA AAT ATG TGA GAG AGC GCT CTT TTT TTG TGA GAA AAA AAC ACA CAT ATT TTA TAA AAG AGA GAG AGA GAA AAA AAA AAG AGA GAG AGG GGT GTT TTT TTT TTT TTT TTC TCC CCG CGT GTT TTA TAA AAT ATC TCG CGC GCT CTC TCT CTG TGG GGT GTG TGC GCG CGA GAC ACT CTG TGC GCA CAT ATG TGG GGA GAT ATG TGG GGA GAT ATT TTA TAC ACA CAA AAA AAA AAG AGA GAC ACA CAG AGC GCA CAA AAT ATA TAG AGG GGA GAA AAC ACG CGC GCA CAG AGT GTA TAC ACA CAA AAA AAG AGG GGG GGG GGG GGG GGG GGA GAC ACC CCT CTC	2222222221222222222222222222222222222222222222222222222212222221222222222122222222222222222222222222222222222221222222222222222222222	Oligodend	34298
CAA AAG AGA GAC ACA CAG AGA GAA AAT ATT TTC TCA CAA AAA AAT ATA TAA AAA AAT ATA TAA AAT ATA TAC ACT CTC TCT CTT TTG TGT GTA TAC ACC CCT CTT TTC TCC CCT CTT TTT TTT TTG TGG GGC GCT CTT TTA TAA AAC ACA CAT ATT TTT TTA TAG AGC GCT CTT TTC TCA CAT ATT TTC TCT CTT TTA TAA AAA AAG AGC GCT CTC TCT CTT TTC TCA CAG AGT GTC TCA CAA AAT ATG TGA GAA AAT ATA TAA AAA AAG AGC GCT CTG TGT GTG TGT GTC TCA CAC ACA CAA AAA AAA AAT ATT TTC TCA CAT ATC TCT CTC TCC CCT CTT TTT TTT TTC TCT CTC TCA CAT ATT TTA TAG AGC GCA CAT ATA TAA AAT ATC TCT CTA TAT ATA TAT ATA TAA AAT ATT TTT TTG TGG GGC GCC CCG	22222222222222222222222222222222222222222222222222222222222222222222222222222222222222222222222222222222222222222222222222222222222222222222222221	Heart-Cardio	36369
GTC TCA CAG AGA GAA AAT ATA TAA AAC ACG CGC GCT CTG TGC GCT CTT TTG TGC GCG CGC GCA CAA AAA AAG AGG GGA GAC ACA CAA AAG AGG GGG GGA GAC ACC CCA CAT ATC TCT CTC TCT CTA TAA AAG AGA GAC ACA CAC ACA CAC ACA CAG AGC GCT CTG TGG GGT GTG TGA GAG AGC GCG CGG GGA GAT ATC TCG	2222222221222222220222222222222222222222222222222222222222222122220	Heart-Cardio	36313
TAA AAA AAT ATG TGC GCA CAA AAC ACC CCG CGC GCC CCT CTG TGA GAG AGT GTT TTA TAT ATT TTC TCA CAG AGG GGG GGT GTG TGC GCC CCT CTG TGT GTG TGT GTG TGA GAA AAT ATG TGT GTC TCC CCA CAC ACC CCA CAT ATC TCA CAG AGT GTC TCT CTG TGC GCT CTA TAG AGC GCC CCA CAG AGG GGG GGG GGC GCC CCG CGC GCA CAT ATG TGC GCC CCA CAC ACA CAC ACG CGG GGG GGC GCA CAG AGC GCA CAC ACT CTG TGT GTC TCT CTC TCA CAG AGT GTG TGT GTC TCC CCA CAC ACT CTG TGC GCA CAC ACT CTG TGA GAC ACT CTC TCC CCG CGT GTC TCT CTT TTC TCC CCA CAG AGC GCA CAG AGC GCC CCC CCT CTG TGC GCA CAG AGA GAA AAC ACA CAG AGC GCA CAG AGC GCT CTC TCT CTC TCA CAC ACT CTC TCC CCT CTA TAC ACC CCC CCG CGT GTG TGT GTA TAT ATG TGC GCA CAT ATT	2222222220222222222222222222222222222222222222222222222222222222222212222222222122222222222222222222222222222222222022222222222222222222222222222222222222222202222222222	Oligodend	36980
TCT CTG TGC GCC CCT CTG TGC GCC CCC CCG CGG GGC GCC CCC CCC CCT CTT TTG TGG GGC GCT CTT TTT TTC TCC CCC CCT CTG TGC GCC CCA CAC ACC CCA CAA AAG AGA GAG AGC GCA CAG AGC GCC CCC CCT CTG TGC GCT CTG TGC GCC CCT CTT TTC TCT CTG TGT GTC TCC CCC CCC CCC CCA CAG AGG GGT GTC TCC CCT CTG TGA GAA AAG AGG GGC GCT CTG TGC GCT CTT TTT TTC TCT CTC TCT CTC TCG CGT GTT TTC TCA CAC ACA CAC ACA CAT ATC	2222222221222222222222222222222222222222222222222222222222222222222222222222222222222212222222222	Oligodend	26026
CCT CTG TGT GTG TGG GGT GTC TCC CCC CCG CGG GGC GCT CTA TAC ACT CTC TCG CGG GGG GGT GTG TGG GGC GCT CTG TGA GAG AGG GGC GCA CAG AGG GGA GAG AGA GAA AAT ATG TGG GGC GCG CGT GTG TGA GAA AAC ACC CCC CCA CAG AGG GGA GAG AGG GGC GCG CGG GGA GAG AGC GCT CTT TTG TGC GCA CAG AGT GTG TGA GAG AGC GCC CCG CGA GAG AGA GAT ATC TCG CGT GTG TGC GCC CCA CAC ACT CTG TGC GCC CCC CCT CTC TCC CCA CAG AGC GCC CCT CTG TGG GGG GGT GTG TGA GAT ATA TAG AGA GAG AGC GCG CGA GAG AGA GAC ACT CTC TCT CTG TGT GTC TCT CTA TAA AAA AAA AAA AAA AAA	2222222220222222202222222222222222222222202222222222222202222222222222222022222022222222222222222222222222222220222222222222222222	Heart-Cardio	25302
TTG TGA GAG AGA GAA AAT ATT TTT TTC TCG CGT GTC TCT CTC TCT CTC TCC CCA CAG AGT GTC TCA CAC ACT CTC TCA CAC ACA CAT ATG TGG GGG GGG GGG GGG GGC GCG CGA GAG AGG GGA GAC ACA CAG AGC GCT CTC TCT CTT TTG TGG GGC GCT CTC TCC CCG CGC GCG CGT GTC TCT CTC TCG CGC GCC CCC CCG CGG GGC GCT CTG TGC GCA CAT ATC TCT CTG TGA GAT ATG TGC GCC CCT CTC TCC CCC CCT CTG TGG GGG GGC GCT CTG TGA GAA AAG AGC GCT CTG TGC GCA CAT ATC TCT CTC TCA CAT ATG TGA GAA AAA AAC ACA CAG AGA GAC ACG	222222222022222222222222222222222222122222222222222222212122221222122222222222222222222222222222222222222222222222221	Neuron	25702
TGC GCA CAG AGG GGG GGC GCT CTC TCC CCG CGA GAG AGG GGC GCC CCA CAC ACA CAT ATC TCT CTG TGT GTC TCC CCT CTT TTC TCG CGT GTC TCC CCC CCT CTA TAG AGG GGC GCC CCT CTT TTC TCC CCA CAG AGG GGC GCC CCC CCA CAT ATA TAT ATG TGC GCA CAG AGT GTC TCC CCA CAG AGT GTC TCA CAT ATC TCT CTT TTC TCC CCC CCT CTC TCC CCA CAC ACC CCC CCC CCG	222222222122222222222222222212222222222222222222222222222222222222222222222222221	Neuron	34886
AGT GTG TGT GTA TAG AGT GTG TGG GGC GCG CGC GCA CAA AAT ATC TCT CTC TCG CGG GGC GCT CTC TCA CAC ACT CTG TGC GCA CAA AAC ACC CCT CTC TCT CTA TAC ACC CCT CTC TCC CCT CTG TGG GGG GGT GTT TTC TCA CAA AAG AGC GCA CAG AGT GTT TTC TCT CTC TCT CTG TGC GCT CTT TTC TCA CAG AGC GCT CTT TTC TCC CCC CCA CAA AAA AAT ATA TAG AGC GCT CTG TGG GGG GGA GAT ATT TTA TAC ACA CAG AGG GGC GCA CAC ACC CCC CCG CGC GCC CCA CAC ACC CCA CAG AGA GAC ACC CCC CCG	2222222221222222212222222222222222222222222222222222222222222222222222222222222222222222222222221222222222221	Neuron	25823
GAC ACA CAG AGC GCC CCA CAG AGC GCG CGA GAG AGG GGC GCC CCG CGT GTG TGC GCG CGC GCA CAG AGC GCC CCT CTG TGG GGA GAG AGA GAT ATG TGT GTG TGG GGC GCA CAG AGG GGG GGG GGG GGC GCA CAC ACT CTT TTG TGC GCC CCT CTC TCC CCC CCT CTG TGG GGG GGC GCT CTG TGG GGC GCC CCC CCC CCA CAG AGA GAG AGC GCA CAG AGG GGG GGA GAG AGG GGC GCC CCA CAC ACT CTC TCA CAC ACC CCA CAC ACT CTC TCC CCA CAG AGG GGC GCT CTG TGT GTC TCC CCC CCC CCC CCT CTG TGG GGT GTG TGC GCA CAG AGC GCG CGC GCA CAC ACG CGC GCA CAG AGG GGG GGC GCG CGG GGC GCA CAT ATC TCC CCG CGG GGG GGT GTT TTC TCT CTG TGG GGT GTC TCG CGT GTG TGG GGA GAG AGA GAT ATA TAG AGA GAT ATG TGG GGA GAG AGG GGC GCG CGG GGC GCC CCA CAT ATG TGA GAG AGC GCA CAG AGG GGA GAA AAG AGG GGT GTG TGG GGT GTG TGT GTT TTG TGG GGT GTC TCA CAC ACG CGT GTC TCC CCA CAC ACG CGC GCT CTC TCC CCT CTG TGC GCT CTC TCA CAT ATC TCT CTC TCT CTC TCG CGG GGT GTC TCC CCA CAG AGC GCT CTC	2222222212222212221222222222222222222222222222222222222222222222222222222222222222222222222222222222222222222222212221222222122222212222222222122222222222222222122222222222222222222222222222122222122222222222222221222222222	Neuron	36973
GCT CTG TGT GTT TTA TAT ATT TTT TTC TCG CGA GAG AGC GCT CTG TGC GCA CAT ATT TTT TTT TTG TGC GCC CCG CGA GAT ATT TTT TTT TTT TTT TTA TAT ATT TTT TTC TCT CTT TTC TCC CCA CAA AAG AGC GCT CTC TCA CAT ATG TGT GTC TCA CAT ATC TCT CTT TTC TCA CAT ATC TCT CTA TAG AGA GAA AAA AAC ACG CGC GCC CCC CCT CTC TCA CAC ACG CGG GGA GAA AAA AAT ATG TGG GGA GAA AAT ATT TTG TGC GCT CTG TGC GCC CCT CTG TGT GTG TGA GAG AGG GGA GAC ACA CAA AAC ACA CAA AAG AGG GGA GAG AGC GCA CAC ACT CTT TTC TCA CAG AGT GTG TGA GAT ATG TGG GGG GGA GAA AAC ACG CGA GAC ACA CAG AGG GGA GAA AAG AGC GCC CCA CAC ACG CGG GGA GAG AGC GCT CTG TGC GCT CTC TCC CCG CGC GCC CCC CCC CCA CAT ATC TCC CCA CAT ATG TGA GAC ACC CCA CAA AAC ACT CTG TGC GCC CCG CGT GTG TGA GAC ACC CCC CCC CCA CAG AGC GCA CAA AAC ACA CAG AGC GCA CAA AAC ACT CTC TCT CTT TTA TAT ATA TAC ACC CCC CCA CAA AAA AAA AAC ACC CCT CTC TCC CCC CCC CCA CAC ACT CTC TCC CCA CAT ATC TCC CCG CGC	222222222122222222222222122222222222222222222222222222222222222222221222222212222222222222222222222222222222222222222222222222222212222222222221222222222212222222222222222222221222222222222222222222222222222222222222222222222212	Neuron	34872
CTG TGA GAA AAG AGG GGC GCC CCC CCC CCG CGG GGT GTC TCC CCC CCC CCC CCA CAA AAG AGG GGG GGA GAG AGG GGA GAC ACA CAG AGC GCT CTT TTG TGT GTG TGA GAG AGG GGG GGC GCT CTC TCA CAC ACC CCG CGA GAA AAG AGG GGA GAA AAC ACA CAC ACA	22222222202222222222222222222222222222222222212222222222	Oligodend	25366
GAG AGT GTG TGT GTG TGA GAT ATC TCC CCG CGA GAT ATT TTT TTT TTT TTC TCT CTG TGT GTT TTA TAC ACA CAC ACT CTA TAA AAG AGG GGC GCA CAA AAG AGA GAA AAC ACC CCC CCC CCG CGG GGG GGA GAT ATA TAC ACA CAG AGA GAA AAA AAG AGG GGC GCC CCT CTC TCT CTG TGT GTC TCC CCT CTT TTT TTG TGA GAG AGC GCT CTG TGA GAT ATT TTA TAA AAC ACG CGT GTC TCT CTA TAA AAT ATT TTG TGA GAG AGC GCT CTG TGA GAT ATT TTA TAA AAC ACA CAC ACA CAA AAG AGC GCT CTG TGC GCC CCT CTA TAT ATG TGG GGA GAT ATG TGG GGC GCT CTA TAA AAA AAC ACT CTG TGA GAA AAA AAG AGA GAG AGC GCA CAC ACA CAC ACT CTG TGT GTA TAA AAC ACA CAC ACA CAT ATG TGC GCC CCC CCA CAG AGT GTG TGG GGG GGG GGC GCT CTT TTT TTG TGG GGG GGA GAG AGC GCT CTG TGT GTA TAA AAA AAC ACA CAC ACT CTC TCA CAA AAA AAC ACC CCT CTA TAG AGA GAC ACA CAC ACT CTG TGC GCC CCG	222222222122222222222222222222222222222212222222222222222222222222222222222222022222222222222222222222222222222222222222222222222222222222222222222222222222222222222222222222222222222222222222221	Oligodend	36787
CAG AGA GAC ACT CTA TAG AGC GCC CCC CCG CGG GGC GCC CCT CTG TGC GCC CCC CCT CTT TTC TCA CAG AGT GTC TCC CCG CGT GTT TTC TCA CAC ACC CCA CAC ACC CCT CTT TTG TGT GTG TGC GCA CAG AGC GCC CCC CCT CTG TGG GGC GCC CCC CCA CAG AGC GCT CTT TTG TGG GGC GCC CCT CTT TTG TGG GGA GAC ACA CAA AAG AGG GGA GAC ACC CCC CCT CTA TAC ACC CCC CCC CCC CCG	222222222122222222222222220222222222222222222222222222222222222222222222222222222221	Oligodend	25499
TTC TCA CAT ATG TGT GTG TGG GGA GAC ACG CGT GTG TGG GGT GTG TGA GAT ATA TAC ACA CAA AAC ACA CAC ACG CGA GAC ACA CAC ACT CTA TAT ATT TTT TTC	22222222202222222222222202222222222	Oligodend	35228
TGG GGG GGA GAT ATC TCC CCA CAC ACC CCG CGG GGG GGG GGG GGT GTG TGC GCC CCG CGG GGG GGG GGG GGT GTG TGC GCC CCT CTG TGG GGT GTG TGC GCC CCT CTT TTC TCC CCT CTT TTT TTC TCT CTC TCT CTA TAA AAC ACA CAG AGG GGC GCC CCT CTG TGG GGA GAC ACT CTC TCC CCA CAT ATC TCT CTC TCC CCA CAG AGC GCG CGA GAT ATC TCC CCT CTG TGA GAT ATG TGC GCG CGT GTG TGA GAG AGG GGT GTG TGG GGC GCA CAT ATT TTG TGG GGC GCC CCC CCT CTG TGG GGT GTG TGC GCC CCA CAG AGC GCG	22222222202222222212222222222222222222222222222222222222222222222222221222222222212222222222222222222222222221	Heart-Cardio	36882
TTG TGA GAT ATG TGT GTG TGC GCA CAC ACG CGT GTC TCA CAC ACT CTG TGG GGA GAT ATT TTC TCA CAA AAG AGG GGC GCT CTA TAA AAC ACC CCC CCT CTC TCC CCG CGT GTT TTT TTA TAG AGG GGA GAT ATG TGA GAT ATA TAT ATT TTA TAT ATC TCT CTG TGG GGA GAC ACA CAC ACA CAC ACT CTT TTA TAA AAC ACT CTA TAC ACG CGT GTC TCT CTG TGC GCA CAA AAA AAG AGA GAC ACC CCG CGT GTT TTT TTT TTG TGA GAC ACG CGT GTG TGC GCA CAC ACG	22222222212222222222222222222222222122222222222222222222222222222222221222222222222122222221222221	Neuron	25721
TGG GGA GAG AGC GCA CAG AGG GGG GGC GCG CGG GGA GAC ACC CCC CCT CTC TCC CCC CCG CGG GGA GAG AGG GGC GCC CCC CCC CCT CTG TGT GTG TGC GCT CTG TGG GGC GCC CCT CTG TGG GGT GTG TGG GGC GCC CCT CTG TGT GTG TGG GGT GTT TTC TCC CCA CAT ATC TCT CTG TGA GAG AGG GGA GAT ATT TTC TCG CGG GGA GAC ACC CCC CCT CTG TGC GCT CTG TGG GGA GAG AGA GAT ATG TGA GAC ACC CCC CCC CCT CTC TCC CCG CGT GTT TTT TTC TCC CCG CGT GTC TCA CAT ATT TTC TCT CTC TCT CTT TTT TTC TCT CTG TGG GGC GCG CGT GTC TCC CCG CGT GTG TGT GTG TGT GTT TTC TCC CCT CTC TCT CTT TTG TGT GTT TTT TTC TCT CTC TCT CTT TTT TTT TTA TAA AAG AGG GGT GTG TGA GAA AAA AAG AGC GCA CAG AGT GTG TGT GTT TTT TTT TTA TAA AAG AGT GTT TTA TAA AAA AAA AAG AGG GGA GAG AGC GCG CGC	2222222221222222222122222222222222222222222222222222222222222222222122222222222222222222222212222212222222222222222122212222222222222222222222222222222222222222222222222222222212	Heart-Cardio	36447
GCT CTG TGG GGA GAG AGT GTA TAC ACC CCG CGT GTG TGA GAC ACA CAT ATG TGA GAT ATC TCT CTC TCG CGG GGC GCT CTC TCA CAC ACT CTG TGC GCA CAG AGC GCC CCT CTC TCC CCA CAC ACC CCT CTC TCC CCC CCA CAG AGT GTT TTT TTC TCA CAA AAG AGT GTG TGA GAT ATT TTC TCT CTA TAC ACT CTG TGC GCC CCT CTC TCA CAG AGC GCC CCT CTC TCC CCA CAG AGA GAA AAT ATA TAG AGC GCT CTC TCG CGG GGA GAC ACT CTA TAC ACA CAG AGA GAG AGA GAG AGA GAT ATG TGC GCC CCA CAC ACG	222222222022222222222202222222222222222222222222222222222222222222222222222222222222222022222222222222222220	Neuron	36701
GCT CTT TTG TGC GCT CTG TGT GTA TAC ACG CGC GCC CCT CTG TGG GGT GTC TCC CCA CAG AGC GCC CCG CGC GCA CAG AGC GCC CCT CTT TTA TAT ATA TAC ACA CAA AAA AAA AAC ACT CTG TGG GGC GCA CAC ACC CCT CTG TGT GTG TGT GTA TAG AGG GGC GCA CAC ACC CCT CTG TGG GGA GAG AGC GCT CTG TGC GCC CCT CTG TGC GCT CTG TGC GCA CAC ACC CCA CAC ACA CAA AAC ACA CAG AGC GCC CCA CAG AGA GAG AGC GCG CGC GCC CCT CTT TTG TGT GTT TTG TGT GTG TGC GCG CGC GCA CAG AGT GTG TGG GGC GCT CTG TGG GGA GAT ATC TCC CCT CTA TAC ACA CAC ACT CTT TTG TGC GCT CTC TCG CGC GCT CTT TTA TAA AAC ACA CAC ACC CCC CCC CCT CTC TCG CGT GTA TAG AGC GCC CCC CCC CCA CAC ACA CAC ACT CTT TTG TGG GGC GCT CTC TCA CAC ACT CTC TCT CTC TCA CAC ACC CCA CAG AGG GGC GCC CCT CTG TGG GGG GGT GTT TTC TCC CCG CGG GGG GGC GCT CTG TGT GTT TTA TAG AGC GCG CGG GGG GGA GAG AGC GCC CCA CAA AAA AAT	22222222212222222222220222222222222222222222222222222222222222222222222222222222222222222221222222222221222222222222222222222222212222222222222122222222222222222222222222222222222222221222222222212222222222	Heart-Cardio	25927
TAC ACA CAG AGA GAA AAA AAT ATA TAA AAA AAG AGA GAG AGT GTA TAT ATC TCA CAC ACA CAG AGT GTC TCA CAT ATG TGC GCT CTC TCT CTG TGA GAA AAG AGC GCA CAA AAG AGA GAA AAG AGT GTC TCA CAA AAT ATT TTA TAT ATA TAG AGG GGG GGA GAG AGG GGT GTA TAG AGG GGC GCG CGG GGA GAT ATT TTC TCA CAG AGT GTG TGA GAG AGA GAG AGA GAG AGG GGA GAG AGG GGA GAA AAA AAG AGC GCA CAG AGA GAC ACC CCC CCA CAC ACA CAC ACT CTG TGT GTG TGG GGC GCA CAG AGA GAT ATG TGA GAG AGA GAC ACA CAC ACA CAC ACA CAC ACA CAC ACT CTC TCA CAC ACC CCA CAG AGT GTG TGG GGT GTG TGA GAC ACA CAA AAA AAG AGG GGA GAG AGT GTA TAG AGC GCC CCA CAC ACG CGC GCT CTC TCA CAG AGT GTG TGA GAG AGG	22222222222222222222222222222222222222222222222222222222222221222222222222222222222222222222222222222222222222222222222222222222222222222222222222212222222222	Oligodend	25657
GGG GGC GCC CCA CAA AAA AAC ACG CGC GCA CAG AGT GTC TCT CTT TTT TTG TGC GCA CAT ATG TGA GAG AGT GTG TGT GTG TGG GGC GCC CCC CCT CTG TGG GGC GCT CTG TGT GTG TGG GGG GGA GAG AGC GCC CCG CGA GAA AAG AGC GCA CAC ACA CAG AGC GCC CCA CAC ACC CCA CAC ACG CGC GCG CGC GCG CGC GCC CCG CGG GGA GAG AGC GCG CGC GCA CAG AGG GGG GGA GAG AGA GAG AGT GTC TCG CGC GCC CCT CTG TGC GCA CAT ATC TCG CGT GTC TCC CCA CAA AAC ACC CCC CCT CTC TCC CCT CTC TCT CTT TTA TAA AAA AAA AAA AAA AAA AAA AAA AAA AAA AAA AAA AAC ACA CAA AAA AAA AAA AAA AAA AAA AAA AAA AAA AAC ACG CGC GCT CTT TTT TTC TCT CTT TTC TCG	22222221222222222222222222222222222222222222212222222222222221202122122221222222222221222222221222222222222222222222222222222222222222221222222220	Heart-Cardio	34788
TGC GCA CAG AGT GTG TGA GAG AGC GCC CCG CGA GAG AGA GAT ATT TTG TGG GGG GGC GCC CCA CAC ACT CTG TGC GCA CAC ACT CTC TCC CCA CAG AGC GCC CCT CTG TGG GGG GGT GTG TGA GAC ACA CAC ACA CAG AGT GTG TGA GAG AGA GAC ACT CTC TCT CTG TGT GTC TCT CTC TCA CAA AAA AAA AAC ACA CAA AAA AAA AAG AGA GAA AAA AAA AAA AAA AAC ACC CCA CAT ATA TAT ATT TTC TCA CAG AGA GAT ATC TCT CTT TTG TGA GAT ATG TGG GGG GGA GAT ATT TTT TTG TGA GAA AAT ATT TTC TCT CTT TTC TCC CCT CTG TGA GAA AAG AGT GTA TAG AGA GAA AAT ATA TAT ATA TAA AAA AAG AGC GCC CCA CAT ATA TAT ATT TTC TCA CAG AGA GAT ATA TAC ACA CAC ACA CAA AAC ACC CCA CAT ATA TAT ATT TTC TCA CAG AGA GAT ATC TCT CTG TGC GCT CTC TCA CAA AAA AAA AAA AAC ACG CGA GAG AGA GAC ACA CAA AAA AAG AGA GAA AAA AAA AAA AAT ATA TAG AGT GTT TTA TAA AAC ACA CAG AGA GAA AAA AAG AGG GGA GAA AAT ATA TAC ACA CAA AAA AAA AAA AAC ACT CTT TTA TAT ATT TTC TCA CAG AGA GAT ATC TCT CTC TCG	22222222212222222222222222222222222222222222222222222222222222222222222222222222222222222222222222222222222222222222222222222222222222222222222222222222222222222222222222022222222222222222222222222222222222222222222222222221	Heart-Cardio	36749
GTT TTG TGC GCC CCA CAA AAA AAG AGC GCG CGC GCC CCT CTC TCT CTC TCT CTC TCG CGA GAA AAG AGC GCA CAC ACA CAG AGT GTA TAA AAG AGA GAT ATG TGC GCA CAG AGT GTG TGT GTG TGT GTT TTG TGC GCA CAG AGG GGG GGC GCT CTG TGG GGG GGA GAA AAA AAG AGG GGA GAC ACA CAG AGC GCT CTC TCG CGG GGG GGC GCA CAT ATA TAG AGT GTT TTA TAT ATG TGG GGG GGA GAC ACA CAC ACA CAT ATT TTG TGC GCT CTG TGA GAT ATA TAT ATT TTG TGT GTA TAG AGT GTT TTG TGT GTT TTG TGA GAC ACC CCT CTA TAG AGA GAA AAA AAA AAA AAA AAA AAG AGA GAA AAT ATT TTG TGT GTG TGA GAC ACC CCG	222222222122222222122222222222222222222222222222222222222222222222022222222222222222222222222222222222222222222222222222222222222221	Oligodend	25900
GCG CGG GGT GTA TAA AAT ATA TAG AGA GAT ATT TTT TTC TCT CTC TCT CTG TGT GTC TCT CTC TCT CTT TTT TTC TCC CCC CCT CTG TGA GAT ATT TTT TTT TTT TTG TGT GTC TCT CTG TGG GGC GCT CTC TCT CTC TCC CCC CCG	0222222222222222222222222222222222222222222222220	Heart-Cardio	25787
GCC CCC CCC CCG CGT GTT TTT TTC TCC CCA CAT ATG TGG GGC GCA CAA AAC ACC CCG CGC GCC CCT CTC TCC CCC CCC CCA CAT ATC TCT CTT TTC TCC CCA CAG AGA GAG AGC GCC CCT CTC TCT CTC TCT CTC TCC CCG CGG GGT GTC TCC CCT CTG TGC GCC CCC CCG CGC GCC CCC CCC CCC CCT CTC TCC CCT CTC TCT CTC TCC CCA CAC ACC CCA CAC ACC CCC CCT CTC TCC CCG CGC	2220222222222222220222222222222222222222222222122222222202222222222222222222222202	Neuron	34618
AAA AAC ACA CAC ACC CCA CAC ACT CTC TCG CGG GGA GAT ATG TGA GAG AGT GTA TAA AAC ACA CAC ACC CCA CAT ATT TTC TCA CAG AGG GGC GCC CCC CCC CCA CAG AGA GAG AGA GAA AAA AAC ACG CGC GCT CTT TTC TCT CTC TCC CCG CGT GTG TGT GTC TCT CTC TCT CTT TTG TGT	2222222221222222222222222222222222222222221222222212222222222	Neuron	36929
ATG TGG GGT GTG TGG GGT GTC TCA CAC ACG CGT GTC TCC CCC CCA CAT ATG TGG GGT GTC TCC CCC CCA CAT ATG TGT GTG TGG GGC GCT CTG TGT GTG TGG GGA GAG AGG GGT GTC TCG CGT GTG TGT GTG TGT GTG TGA GAC ACT CTA TAT ATG TGG GGA GAG AGG GGT GTC TCT CTC TCG CGT GTC TCC CCA CAC	222222222122222222222222222222222222222122222222222222222222022222	Oligodend	26201
AAT ATA TAT ATT TTA TAC ACC CCT CTC TCG CGT GTG TGG GGA GAG AGT GTT TTG TGT GTT TTA TAG AGG GGA GAG AGG GGA GAT ATT TTG TGA GAA AAT ATA TAA AAA AAA AAT ATA TAA AAT ATG TGC GCA CAT ATG TGT GTA TAA AAA AAA AAT ATG TGC GCT CTT TTA TAC ACG CGC GCT CTA TAG AGT GTG TGT GTT TTG TGG GGA GAC ACA CAC ACA CAC ACA CAC ACG	222222222122222222222222222222222222222222222222222222222212222222222222222221	Neuron	25719
GGT GTC TCG CGG GGC GCC CCC CCA CAT ATC TCC CCC CCT CTG TGC GCC CCT CTG TGG GGT GTA TAC ACC CCA CAC ACC CCA CAG AGG GGA GAG AGG GGG GGG GGC GCC CCG CGT GTC TCC CCT CTG TGA GAA AAC ACC CCA CAC ACA CAG AGG GGG GGG GGA GAA AAC ACC CCA CAC ACA CAG AGA GAA AAG AGC GCT CTC TCC CCG CGA GAC ACA CAG AGG GGA GAG AGC GCA CAC ACG CGG GGG GGG GGT GTC TCC CCG CGG GGA GAG AGC GCC CCT CTA TAG AGA GAG AGC GCA CAG AGG GGA GAA AAG AGC GCC CCC CCC CCG CGC	22022222222222222222222222222222222202222222222222222222222222222222022222222220222222022222222222222222222202	Neuron	36462
AAA AAG AGA GAA AAG AGC GCA CAC ACC CCG CGA GAA AAG AGG GGA GAA AAG AGA GAA AAA AAA AAG AGC GCA CAC ACT CTA TAG AGC GCA CAA AAC ACT CTT TTC TCA CAA AAA AAG AGC GCC CCG CGA GAC	22222222202222222222222222222222222222222022	Heart-Cardio	25491
GAC ACA CAG AGA GAG AGC GCG CGA GAG AGA GAC ACT CTC TCC CCG CGT GTC TCT CTC TCA CAA AAA AAA AAA AAT ATA TAA AAA AAT ATA TAA AAA AAT ATA TAA AAA AAT ATA TAA AAA AAT ATA TAT ATT TTT TTT TTC TCC CCT CTC TCA CAT ATT TTG TGT GTG TGA GAT ATG TGT GTG TGA GAT ATG TGT GTG TGA GAG AGG GGT GTT TTT TTC TCT CTC TCA CAG AGC GCC CCT CTC TCA CAC ACA CAC ACG CGT GTG TGA GAT ATA TAA AAG AGT GTG TGC GCA CAC ACA CAA AAT ATC TCC CCT CTC TCC CCT CTG TGT GTC TCC CCC CCC CCT CTC TCC CCC CCT CTA TAG AGA GAT ATC TCT CTC TCA CAT ATT TTG TGT GTT TTT TTC TCC CCA CAG AGA GAA AAC ACA CAA AAA AAG AGA GAT ATG TGG GGA GAT ATC TCT CTG TGT GTC TCC CCA CAG AGC GCA CAC ACA CAG AGC GCC CCT CTT TTT TTA TAG AGA GAC ACT CTC TCT CTG TGA GAA AAT ATC TCC CCC CCG CGG GGA GAT ATG TGG GGC GCT CTA TAA AAC	222222022222220222222222222222222222222222222222222222222222222222222222222222222222202222222222222222222222222222222222222222222222222222222222222222222222222222222222222222222222202222222222	Neuron	36587
GTG TGA GAG AGC GCC CCA CAC ACC CCG CGC GCG CGC GCC CCG CGG GGG GGC GCA CAC ACC CCT CTT TTC TCA CAA AAG AGG GGT GTT TTT TTT TTG TGT GTT TTA TAA AAT ATT TTT TTT TTG TGG GGA GAT ATA TAA AAT ATG TGC GCT CTA TAC ACA CAA AAT ATC TCC CCA CAT ATT TTG TGC GCT CTG TGC GCA CAA AAA AAG AGA GAA AAC ACT CTC TCG CGA GAA AAA AAA AAT ATG TGC GCA CAC ACA CAC ACG CGC GCC CCA CAA AAC ACA CAT ATA TAG AGG GGA GAG AGT GTT TTC TCT CTT TTT TTT TTT TTA TAT ATG TGC GCC CCC CCC CCC CCA CAA AAA AAC ACA CAC ACT CTA TAA AAG AGT GTC TCT CTC TCT CTC TCA CAT	2222222212122122222222222222222222222222222222222222222222222222222222222212222222222212222222222222222222222222222222222222222222222	Heart-Cardio	37165
CAA AAG AGC GCC CCT CTA TAG AGA GAC ACG CGG GGT GTG TGC GCG CGG GGC GCT CTG TGC GCC CCG CGC GCA CAC ACA CAC ACC CCA CAG AGG GGC GCC CCC CCT CTG TGT GTG TGG GGT GTA TAC ACA CAG AGC GCC CCT CTG TGT GTC TCA CAA AAT ATT TTC TCC CCA CAG AGG GGC GCC CCC CCC CCA CAA AAG AGC GCC CCT CTG TGC GCA CAT ATA TAC ACC CCA CAT ATG TGT GTT TTG TGC GCT CTG TGT GTG TGC GCG CGG GGG GGA GAC ACG	2222222221222202222220222222222222222222222222222222222222222222222222222222222222222222022220	Oligodend	36312
GAG AGG GGG GGT GTG TGA GAG AGG GGC GCG CGG GGA GAG AGG GGA GAT ATG TGC GCA CAG AGT GTG TGA GAG AGC GCC CCG CGA GAC ACA CAT ATC TCG CGC GCG	22222222202222222222222222122222120	Neuron	25344
GAT ATG TGA GAG AGC GCC CCA CAA AAC ACG CGA GAA AAC ACA CAC ACA CAC ACC CCA CAA AAC ACC CCT CTC TCA CAC ACC CCT CTC TCC CCT CTT TTC TCA CAA AAA AAG AGA GAA AAG AGA GAT ATA TAG AGT GTG TGT GTG TGT GTC TCT CTA TAG AGA GAT ATT TTG TGA GAG AGT GTC TCT CTA TAC ACT CTT TTA TAG AGC GCA CAC ACC CCT CTC TCT CTT TTT TTC TCC CCC CCG CGA GAA AAG AGA GAC ACT CTG TGT GTC TCG CGG GGG GGT GTG TGT GTA TAT ATG TGG GGA GAG AGA GAG AGG GGC GCG CGC GCC CCT CTG TGG GGG GGG GGG GGA GAT ATG TGA GAG AGC GCA CAA AAA AAT ATG TGC GCT CTG TGT GTG TGT GTG TGG GGG GGG GGA GAG AGC GCT CTG TGA GAA AAC ACA CAA AAG AGA GAA AAG AGC GCT CTG TGT GTG TGG GGA GAG AGC GCA CAC ACA CAC ACG CGG GGA GAG AGG GGC GCT CTT TTC TCA CAC ACA CAC ACC CCA CAT ATG TGA GAG AGA GAC ACA CAG AGA GAC ACG	222222222122222222222222222222222222222222222222222222222222222222222222222222221222222222122222222222222212222222222222222222222222222222222222222222222222222222212222222222222222222222221	Oligodend	26188
GGT GTT TTT TTT TTC TCA CAG AGG GGC GCG CGC GCT CTT TTG TGG GGG GGG GGC GCT CTA TAC ACC CCA CAG AGC GCC CCC CCG CGT GTC TCC CCT CTG TGA GAA AAC ACC CCC CCA CAA AAC ACA CAC ACA CAG AGA GAG AGC GCT CTC TCT CTG TGA GAG AGC GCT CTG TGG GGC GCC CCA CAG AGC GCT CTG TGA GAG AGG GGG GGG GGG GGC GCC CCA CAC ACA CAT ATC TCA CAC ACC CCG CGG GGA GAC ACT CTC TCC CCC	22222222212222222222222222212222222222222222222222222222222222222222222222222222202222222	Oligodend	25780
ATG TGG GGC GCC CCA CAG AGT GTG TGC GCG CGG GGG GGA GAA AAC ACT CTG TGT GTG TGT GTG TGA GAC ACT CTC TCA CAG AGT GTC TCT CTC TCG CGG GGT GTC TCC CCC CCA CAT ATC TCT CTC TCC CCT CTC TCG CGT GTC TCT CTC TCT CTG TGT GTC TCC CCT CTC TCT CTC TCA CAG AGA GAT ATC TCA CAC ACA CAC ACA CAT ATA TAG AGT GTC TCC CCT CTG TGT GTT TTT TTC TCA CAA AAT ATC TCA CAC ACT CTA TAA AAT ATC TCG	222222222022222222222222222222202222222222222022222222222222222222222222222222222222222222220	Heart-Cardio	25926
GAA AAG AGG GGC GCT CTC TCC CCA CAC ACG CGG GGA GAC ACC CCA CAT ATA TAG AGA GAG AGG GGG GGC GCT CTG TGT GTG TGT GTC TCG CGG GGG GGA GAG AGC GCA CAG AGT GTG TGA GAG AGT GTC TCT CTG TGA GAC ACA CAT ATT TTC TCC CCT CTA TAA AAT ATG TGA GAC ACC CCT CTA TAG AGG GGA GAC ACA CAA AAT ATG TGA GAC ACG CGT GTG TGT GTG TGT GTG TGT GTT TTC TCA CAC ACC CCA CAC ACG CGT GTG TGA GAC ACA CAT ATG TGC GCA CAC ACA CAA AAC ACT CTG TGA GAG AGA GAG AGA GAC ACA CAG AGA GAG AGC GCT CTG TGG GGC GCT CTT TTT TTC TCT CTG TGA GAG AGG GGA GAA AAG AGG GGG GGG GGG GGG GGC GCG CGG GGG GGC GCA CAC ACA CAG AGC GCT CTG TGC GCA CAA AAG AGG GGC GCA CAC ACG CGG GGG GGG GGG GGA GAC ACC CCC CCC CCT CTC TCC CCA CAC ACC CCG CGC GCC CCA CAG AGC GCA CAG AGG GGC GCA CAG AGG GGC GCG CGG GGA GAA AAC	2222222220222222222222222222202222222222222222222222222222222222222222220222222222222220222222222222222222222222222222222222222222222222022222222222222222202222222222222220222222222222202222	Oligodend	36375
CCT CTG TGG GGG GGT GTT TTC TCA CAC ACG CGC GCC CCA CAT ATT TTC TCA CAC ACC CCT CTG TGC GCC CCT CTC TCA CAG AGC GCC CCT CTC TCC CCT CTG TGA GAG AGT GTA TAG AGC GCT CTG TGG GGG GGA GAC ACT CTA TAC ACA CAG AGG GGT GTG TGC GCC CCC CCG CGC GCC CCA CAC ACC CCA CAT ATG TGT GTC TCT CTA TAG AGC GCT CTA TAA AAC ACT CTT TTT TTT TTT TTT TTG TGT GTA TAT ATT TTT TTT TTC TCA CAG AGT GTA TAG AGA GAG AGA GAC ACG CGG GGG GGG GGT GTT TTT TTC TCA CAC ACC CCA CAT ATG TGT GTT TTA TAG AGC GCC CCA CAG AGG GGA GAT ATG TGG GGT GTG TGC GCC CCG CGA GAT ATC TCT CTC TCC CCT CTG TGA GAC ACC CCT CTC TCG CGT GTG TGA GAT ATC TCT CTG TGC GCC CCC	22222222212222222222222222222222222222222222222222222222212222222222222222222222222222222222222222212222222222222222222222222222221222222222222212222222222	Neuron	37113
GAT ATG TGA GAA AAG AGC GCA CAA AAC ACG CGG GGA GAG AGT GTG TGC GCT CTG TGT GTG TGT GTG TGG GGT GTG TGT GTA TAT ATT TTC TCA CAG AGT GTA TAG AGT GTG TGA GAC ACG CGA GAA AAG AGC GCA CAA AAC ACG CGG GGA GAG AGA GAC ACT CTC TCA CAA AAG AGA GAC ACA CAG AGA GAC ACT CTG TGC GCC CCT CTG TGG GGG GGA GAT ATC TCA CAT ATA TAT ATC TCC CCA CAA AAG AGC GCA CAG AGT GTA TAC ACG CGA GAC ACC CCT CTC TCG	2222222220222222222222222222222222222220222222212222222222222222222222222222222222222222220222221	Oligodend	37238
TCT CTG TGC GCA CAG AGC GCT CTC TCC CCG CGG GGC GCA CAC ACT CTT TTT TTG TGA GAG AGC GCA CAG AGG GGG GGC GCT CTT TTC TCC CCG CGG GGG GGA GAG AGG GGT GTG TGA GAG AGT GTG TGG GGC GCC CCC CCT CTG TGG GGG GGT GTG TGG GGA GAG AGC GCC CCG CGG GGC GCA CAG AGC GCC CCG CGC GCC CCC CCT CTG TGA GAT ATG TGC GCT CTC TCA CAC ACG CGG GGG GGG GGC GCC CCT CTC TCC CCT CTG TGT GTG TGC GCC CCT CTG TGC GCG CGC GCC CCC CCT CTG TGG GGT GTC TCC CCC CCA CAG AGT GTG TGC GCC CCG CGG GGG GGA GAG AGC GCT CTG TGA GAG AGC GCC CCG CGT GTG TGC GCC CCA CAC ACC CCC CCA CAG AGT GTT TTG TGA GAC ACT CTT TTT TTG TGG GGC GCT CTT TTA TAA AAT ATG TGC GCA CAG AGA GAA AAA AAA AAG AGT GTC TCT CTC TCC CCG CGC GCT CTT TTG TGC GCC CCA CAG AGG GGT GTG TGG GGA GAG AGC GCC CCT CTG TGT GTG TGA GAG AGA GAT ATT TTA TAA AAG AGT GTC TCA CAG AGG GGC GCT CTG TGA GAG AGC GCC CCT CTT TTG TGA GAA AAA AAT ATG TGC GCA CAC ACG CGA GAT ATT TTG TGA GAT ATG TGA GAC ACT	2222222220222222222222222222220222222222222222222222222220222222022222222222220222222222222222220222222222222222202222222222202222222222222222222222222222222222222222022222222222222222222222222222222222222222222222222202222222222	Neuron	34919
GTC TCT CTC TCG CGG GGC GCC CCT CTT TTC TCA CAC ACT CTG TGT GTG TGC GCT CTG TGT GTG TGC GCG CGG GGG GGG GGC GCC CCC CCG CGC GCA CAC ACC CCG CGA GAC ACC CCT CTC TCC CCC CCG CGG GGA GAC ACA CAG AGG GGC GCA CAT ATG TGT GTG TGT GTG TGC GCT CTG TGC GCG	22212222222222222222220222222022221222222202222222222222222221	Oligodend	36635
TGT GTG TGC GCC CCA CAC ACC CCA CAC ACG CGC GCC CCC CCA CAA AAC ACT CTA TAA AAT ATT TTT TTT TTG TGT GTA TAT ATT TTT TTT TTT TTA TAG AGT GTA TAG AGA GAG AGA GAT ATG TGG GGG GGG GGT GTT TTT TTC TCT CTC TCC CCA CAT ATG TGT GTT TTG TGG GGT GTC TCA CAG AGG GGC GCT CTG TGG GGT GTC TCT CTT TTG TGA GAA AAC ACT CTT TTC TCC CCG CGA GAC ACC CCT CTC TCA CAG AGG GGT GTG TGA GAT ATC TCC CCG CGC GCC CCC CCA CAC ACC CCT CTT TTG TGG	222222222122222222222222222222222222222222222222222222222222222222222222222222212222222222222212222222222	Neuron	26067
GAA AAC ACT CTT TTC TCA CAT ATG TGC GCG CGC GCC CCA CAC ACA CAG AGA GAA AAG AGG GGG GGC GCA CAT ATT TTT TTT TTG TGG GGT GTC TCA CAG AGG GGG GGA GAT ATG TGG GGA GAC ACC CCA CAC ACA CAG AGA GAT ATA TAA AAC ACC CCA CAC ACT CTG TGT GTG TGG GGT GTC TCC CCC CCG CGT GTA TAG AGA GAT ATT TTA TAG AGA GAA	22222222212222222222222222222222222222222222222222222222222222212222222222	Oligodend	25905
ACC CCT CTT TTT TTC TCC CCC CCT CTC TCG CGT GTG TGC GCC CCG CGG GGA GAT ATG TGG GGC GCC CCG CGA GAG AGA GAT ATG TGG GGG GGC	2222222221222212222222122222222	Heart-Cardio	36707
TAC ACT CTC TCA CAA AAA AAA AAG AGC GCG CGC GCC CCT CTA TAA AAT ATG TGC GCA CAA AAA AAG AGT GTG TGG GGC GCT CTG TGT GTT TTG TGA GAA AAA AAG AGT GTA TAG AGC GCA CAA AAG AGG GGT GTG TGT GTC TCT CTC TCC CCT CTC TCC CCA CAG AGT GTC TCT CTG TGT GTC TCC CCC CCG CGG GGT GTG TGG GGA GAC ACG	22222222212222222222222222222222222222222222222222222222222222202222220	Heart-Cardio	25525
TGA GAG AGA GAG AGT GTC TCC CCT CTC TCG CGT GTC TCT CTC TCC CCA CAG AGC GCC CCC CCC CCA CAC ACC CCT CTC TCC CCA CAC ACT CTA TAC ACC CCA CAC ACT CTA TAT ATT TTT TTT TTG TGT GTC TCT CTC TCT CTC TCC CCT CTA TAT ATC TCT CTG TGG GGA GAA AAA AAC ACT CTC TCT CTG TGA GAA AAG AGC GCG CGC GCT CTT TTG TGA GAT ATA TAT ATT TTT	2222222221222222222222222222222222222222222222222222222222222222222212222222222	Neuron	26253
GGG GGC GCG CGG GGG GGG GGC GCG CGG GGT GTC TCA CAA AAA AAG AGG GGC GCA CAG AGA GAT ATG TGC GCT CTG TGG GGG GGC GCG CGT GTG TGT GTC	220222202222222222222222222202222	Oligodend	36376
AGA GAG AGA GAG AGC GCC CCA CAG AGC GCG CGA GAG AGA GAG AGA GAA AAA AAG AGG GGC GCG CGG GGA GAG AGG GGA GAC ACT CTG TGC GCC CCG	22222222202222222222022222222221	Oligodend	34689
GGA GAG AGG GGA GAG AGC GCC CCC CCC CCG CGC GCC CCG CGA GAG AGC GCG CGC GCC CCG CGA GAG AGA GAG AGG GGC GCA CAT ATA TAT ATG TGT GTG TGC GCG CGC GCA CAC ACC CCA CAC ACA CAT ATG TGC GCC CCA CAC ACA CAA AAA AAC ACA CAC ACA CAA AAG AGC GCT CTC TCC CCG CGA GAG AGT GTC TCC CCT CTA TAA AAA AAC ACG CGA GAA AAT ATC TCA CAC ACA CAC ACC CCA CAG AGG GGA GAT ATG TGG GGA GAG AGA GAT ATT TTG TGC GCA CAG AGG GGA GAT ATG TGG GGC GCG CGT GTG TGT GTT TTT TTC TCC CCA CAT ATC	2222222221221222122122222222222222122222222222222222222222222122222222221222222222222222222222222222222212222222222	Heart-Cardio	34640
TAG AGA GAT ATG TGT GTG TGC GCA CAC ACG CGG GGA GAT ATG TGG GGT GTC TCT CTC TCA CAG AGG GGC GCC CCT CTG TGA GAC ACG CGG GGG GGA GAT ATT TTG TGG GGC GCC CCA CAG AGC GCT CTA TAG AGG GGC GCA CAT ATG TGT GTG TGC GCA CAG AGG GGG GGC GCT CTC TCA CAG AGT GTA TAA AAA AAT ATC TCC CCC CCA CAA AAT ATG TGA GAC ACC CCT CTA TAA AAT ATG TGC GCT CTG TGG GGT GTA TAG AGC GCC CCC CCC CCT CTC TCC CCA CAT ATA TAG AGA GAC ACC CCC CCC CCA CAA AAT ATC TCT CTG TGG GGT GTA TAG AGG GGA GAC ACC CCA CAG AGG GGG GGC GCT CTC TCT CTG TGT GTG TGG GGG GGA GAA AAC ACG CGT GTC TCT CTC TCC CCC CCT CTT TTC TCC CCC CCG CGT GTC TCC CCC CCC CCA CAC ACC CCA CAC ACA CAC ACC CCC CCA CAG AGT GTT TTC TCA CAC ACC CCT CTG TGC GCT CTT TTT TTG TGG GGC GCC CCG CGG GGC GCC CCC CCG CGG GGC GCT CTG TGA GAG AGT GTG TGG GGC	222222222122222222222222222212222222222222222222222222222222222222222222222222222222222222222222222222222222222222222222222222222222221222222222221222222222222222222222222222222221222212222222222	Heart-Cardio	35152
GGG GGC GCT CTG TGA GAA AAC ACC CCC CCG CGG GGG GGG GGA GAC ACA CAC ACC CCC CCC CCA CAG AGA GAG AGC GCC CCC CCT CTG TGT GTA TAA AAC ACA CAC ACG CGC GCA CAG AGC GCC CCA CAG AGC GCA CAG AGT GTC TCT CTG TGC GCT CTG TGA GAG AGC GCT CTC TCG CGT GTT TTG TGT GTG TGC GCA CAG AGA GAC ACG CGA GAC ACA CAA AAA AAG AGG GGG GGA GAA	22222222202222222222222222222222222122222222222222222222221222222222202222222222	Heart-Cardio	37151
GGA GAG AGG GGC GCG CGA GAT ATG TGT GTC TCA CAC ACA CAA AAA AAC ACA CAG AGG GGA GAT ATT TTA TAT ATG TGA GAC ACT CTT TTA TAA AAG AGA GAG AGC GCC CCC CCA CAG AGA GAT ATT TTT TTG TGC GCA CAT ATC TCT CTC TCA CAC ACA CAC ACC CCC CCA CAC ACT CTA TAC ACT CTT TTA TAC ACG CGC GCG CGC GCC CCA CAG AGG GGC GCG	222212222222222222222222222222222222222222222222222222222222222220202222220	Heart-Cardio	25848
GTG TGT GTT TTA TAA AAT ATT TTA TAC ACG CGG GGC GCA CAG AGG GGG GGT GTA TAA AAC ACC CCT CTT TTT TTT TTT TTT TTC TCT CTT TTT TTT TTT TTT TTA TAA AAA AAT ATT TTC TCA CAA AAA AAG AGT GTG TGT GTG TGA GAG AGG GGT GTT TTT TTA TAA AAA AAA AAA AAT ATA TAG AGG GGA GAG AGT GTG TGT GTG TGT GTG TGT GTC TCC CCG CGG GGG GGC GCA CAC ACG CGG GGT GTG TGG GGC GCT CTC TCA CAT ATG TGC GCC CCT CTG TGT GTA TAA AAT ATC TCC CCC CCA CAG AGC GCA CAC ACT CTC TCT CTG TGG GGG GGA GAG AGG GGC GCC CCA CAA AAG AGG GGC GCG CGG GGG GGC GCA CAA AAA AAT ATC TCA CAC ACA CAA AAG AGG GGT GTC TCA CAG AGG GGA GAG AGT GTT	222222222022222222222222222222222222222222222222222222222222222222222222220222220222222222222222222222222222222222222222222022222222222222222222222	Heart-Cardio	25930
CTG TGA GAA AAG AGC GCA CAA AAC ACC CCG CGC GCA CAA AAA AAT ATC TCC CCA CAG AGA GAC ACA CAC ACA CAA AAA AAA AAA AAT ATA TAC ACA CAG AGT GTG TGG GGA GAA AAC ACG CGT GTA TAT ATT TTC TCG CGC GCA CAT ATC TCT CTC TCA CAA AAG AGC GCA CAC ACG CGT GTC TCC CCA CAA AAA AAT ATG TGT GTC TCT CTC TCG CGG GGC GCC CCA CAA AAT ATG TGT GTG TGA	2222222220222222222222222222222222222220222220222222222222022222222222202222222222	Oligodend	34389
AAA AAG AGT GTC TCA CAA AAA AAG AGC GCG CGA GAA AAA AAG AGT GTC TCA CAC ACG CGT GTT TTC TCT CTC TCG CGG GGT GTG TGG GGT GTT TTG TGG GGG GGT GTG TGG GGC GCC CCG CGT GTG TGG GGT GTG TGG GGC GCA CAT ATC	22222222202222222202222202222222222222202222222222	Heart-Cardio	25712
TTA TAC ACT CTG TGA GAG AGC GCA CAC ACG CGT GTA TAC ACT CTA TAT ATA TAT ATA TAA AAC ACA CAG AGG GGT GTA TAG AGT GTT TTG TGT GTT TTT TTT TTG TGT GTT TTT TTC TCC CCT CTT TTA TAT ATA TAA AAC ACA CAC ACT CTC TCA CAT ATG TGT GTC TCC CCA CAC ACC CCT CTA TAA AAA AAA AAA AAC ACC CCC CCT CTA TAA AAA AAA AAG AGT GTA TAC ACA CAT ATG TGC GCT CTA TAT ATT TTG TGG GGC GCA CAC ACA CAT ATT TTT TTT TTC TCT CTA TAT ATT TTG TGA GAA AAG AGC GCA CAA AAG AGT GTG TGA GAC ACA CAT ATT TTT TTA TAG AGA GAG AGA GAG AGG GGT GTT TTG TGA GAG AGA GAA AAT ATT TTT TTG TGT GTC TCC CCA CAA AAG AGG GGT GTC TCA CAC ACA CAG AGG GGG GGT GTC TCG CGG GGC GCA CAG AGG GGT GTG TGA GAC ACA	2222222221222222222222222222222222222222222222222222222222222222222222222222222222222222222222222222222222222222222222222222222222222222222222222222222202222222222	Heart-Cardio	35059
CCC CCC CCT CTG TGA GAG AGG GGA GAC ACG CGA GAT ATG TGA GAG AGA GAT ATT TTG TGA GAA AAG AGA GAG AGC GCA CAT ATC TCA CAA AAC ACA CAA AAG AGA GAA AAG AGA GAC ACC CCA CAG AGG GGA GAC ACG CGA GAG AGT GTA TAC ACT CTG TGA GAG AGG GGG GGC GCG CGG GGC GCC CCG CGC GCA CAG AGC GCC CCC CCT CTG TGG GGC GCT CTG TGA GAC ACT CTG TGC GCA CAC ACA CAG AGC GCT CTT TTC TCC CCC CCC CCG CGT GTG TGC GCC CCT CTC TCC CCC CCT CTC TCC CCC CCT CTG TGC GCT CTC TCC CCA CAC ACT CTC TCC CCC CCA CAC ACA CAT ATT TTA TAT ATA TAG AGT GTC TCC CCT CTT TTT TTC TCC CCT CTA TAA AAC ACA CAC ACG CGG GGT GTC	22222222202222222222222222222222222222222222202222222222220222022222222222222222222222222220222222222222222222222222222222222222222222222221222	Neuron	35089
GCA CAA AAG AGC GCG CGT GTT TTC TCC CCA CAA AAT ATT TTT TTC TCT CTC TCC CCA CAC ACA CAT ATC TCC CCT CTC TCA CAA AAC ACA CAC ACT CTT TTG TGT GTT TTA TAT ATC TCT CTT TTC TCT CTG TGC GCA CAT ATT TTA TAT ATC TCT CTG TGT GTT TTT TTT TTA TAT ATA TAA AAT ATA TAG AGC GCT CTG TGT GTC TCT CTT TTA TAA AAT ATG TGG GGG GGT GTG TGT GTG TGA GAA AAG AGT GTG TGG GGC GCG CGG GGG GGT GTG TGA GAA AAA AAA AAC ACT CTT TTT TTT TTG TGC GCC CCC CCA CAT ATC TCC CCT CTG TGG GGA GAA AAC ACC CCC CCA CAA AAA AAG AGA GAC ACA CAG AGT	2222122222222222222222222222222222222222222222222222222222222222222222222222222222222222122222222222222222222222222222222222222	Neuron	26050
CAA AAA AAT ATT TTG TGC GCA CAG AGC GCG CGA GAG AGA GAG AGG GGT GTG TGA GAT ATC TCA CAT ATC TCA CAT ATC TCA CAC ACC CCT CTC TCT CTT TTT TTA TAT ATG TGG GGC GCT CTG TGT GTG TGA GAA AAT ATG TGG GGG GGT GTG TGC GCA CAG AGG GGC GCG CGC GCC CCG CGG GGT GTG TGA GAC ACT CTT TTG TGG GGC GCC CCA CAG AGG GGT GTC TCA CAC ACA CAG AGG GGG GGC GCC CCA CAG AGG GGA GAT ATT TTC TCA CAA AAA AAT ATG TGG GGG GGA GAG AGC GCT CTT TTG TGA GAG AGG GGG GGA GAC ACT CTC TCC CCA CAG AGA GAC ACC CCT CTG TGT GTG TGT GTT TTC TCT CTG TGT GTC TCA CAG AGC GCC CCA CAC ACA CAC ACA CAC ACT CTG TGG GGC GCT CTC TCT CTG TGC GCT CTC TCC CCT CTC TCG CGC GCT CTG TGA GAC ACC CCA CAG AGC GCC CCC CCC CCA CAC ACC CCA CAC ACT CTG TGC GCG CGC GCC CCT CTG TGA GAC ACT CTC TCC CCC	22222222202222222222222222222222222222222222222222222222022022222222222222222222222222222222222222222222222222222222222222222222222222222222222222222222202222222222222222222202222222222	Heart-Cardio	26101
GGT GTG TGG GGC GCG CGG GGG GGC GCG CGC GCC CCT CTA TAT ATA TAG AGT GTC TCC CCC CCA CAG AGC GCT CTA TAC ACT CTC TCG CGG GGG GGA GAG AGG GGC GCT CTG TGA GAG AGG GGC GCA CAG AGG GGA GAG AGA GAA AAT ATG TGG GGC GCG CGG GGT GTG TGA GAA AAC ACC CCC CCG CGG GGG GGA GAG AGG GGC GCG CGG GGA GAG AGC GCT CTT TTG TGC GCA CAG AGT GTG TGA GAG AGC GCC CCG CGA GAG AGA GAT ATC TCG CGC GCG CGC GCC CCA CAC ACT CTG TGC GCG CGC GCT CTG TGC GCA CAG AGC GCC CCT CTG TGG GGG GGT GTG TGA GAC ACA CAA AAA AAG AGC GCG CGA GAG AGA GAC ACT CTC TCC	22221222122222222222222222221222222222222222222222221222222220222222122222222222222221222221212222222122222222222222222222212222222	Neuron	26147
CAT ATG TGT GTC TCA CAC ACT CTG TGC GCG CGA GAA AAG AGG GGG GGG GGA GAT ATC TCT CTG TGC GCC CCT CTA TAA AAA AAA AAA AAG AGG GGC GCA CAA AAC ACT CTA TAG AGG GGC GCT CTG TGG GGT GTG TGC GCT CTG TGG GGG GGG GGA GAC ACA CAC ACT CTG TGG GGA GAG AGA GAG AGG GGG GGA GAC ACA CAA AAT ATC TCA CAA AAG AGT GTC TCC CCA CAG AGG GGA GAA AAG AGA GAA AAA AAG AGC GCA CAC ACT CTT TTC TCT CTC TCC CCC CCT CTG TGC GCA CAG AGA GAG AGG GGC GCC CCT CTG TGG GGA GAC ACG CGC GCT CTC TCC CCC CCA CAC ACC CCT CTT TTT TTG TGG GGC GCT CTC TCG CGC GCC	22222222212222222222222222222222222222222222222222222222222222222222222222222222222222222222222222222222222222212222222222222222122	Neuron	26106
GCA CAG AGC GCC CCG CGG GGG GGC GCG CGC GCG CGC GCT CTG TGG GGC GCC CCC CCA CAG AGG GGG GGG GGC GCC CCG CGG GGT GTT TTG TGG GGG GGG GGT GTT TTC TCA CAC ACC CCT CTC TCG CGA GAT ATG TGC GCT CTG TGA GAG AGC GCT CTG TGC GCA CAT ATG TGC GCG CGC GCC CCA CAG AGT GTG TGC GCA CAG AGC GCG CGT GTC TCT CTG TGC GCA CAG AGG GGA GAT ATG TGA GAT ATC TCA CAT ATG TGT GTC TCG CGT GTT TTG TGG GGT GTG TGG GGA GAG AGG GGT GTG TGT GTT TTG TGG GGT GTG TGG GGC GCC CCA CAC ACC CCA CAG AGC GCC CCA CAG AGG GGT GTG TGG GGT GTG TGA GAA AAG AGC GCT CTC TCT CTG TGG GGT GTC TCC CCC CCG CGG GGT GTA TAG AGA GAT ATA TAT ATT TTG	222202221212222222222222212222222222222221222222222222222202222222222122222222222222222221222222222222222222222222222222222222222222222222212222222222	Neuron	26239
TTT TTA TAA AAA AAT ATC TCC CCA CAC ACG CGT GTT TTT TTA TAC ACC CCA CAC ACA CAC ACG CGG GGC GCA CAC ACT CTC TCC CCA CAG AGC GCC CCT CTG TGT GTG TGT GTG TGC GCA CAT ATG TGG GGC GCC CCT CTG TGC GCT CTG TGT GTG TGT GTG TGG GGG GGA GAC ACA CAC ACT CTG TGT GTG TGA GAC ACA CAG AGC GCA CAG AGC GCA CAG AGG GGC GCT CTG TGG GGG GGG GGG GGA GAC ACC CCC CCG CGT GTG TGG GGC GCC CCT CTC TCA CAC ACT CTG TGG GGG GGG GGG GGA GAT ATG TGG GGT GTG TGA GAA AAA AAG AGA GAC ACG CGT GTT TTT TTA TAA AAA AAG AGA GAC ACA CAC	222222222122222222221222222222222222222222222222222222222222222222222222222222222222221222222222222222222222222222122222222222	Oligodend	26215
GGT GTC TCT CTC TCC CCT CTG TGT GTC TCG CGC GCC CCC CCA CAG AGC GCG CGG GGG GGT GTA TAA AAA AAT ATG TGC GCA CAG AGT GTG TGG GGT GTG TGC GCG	22222222202222220222222222222222220	Heart-Cardio	25489
CCA CAT ATA TAG AGA GAA AAG AGC GCC CCG CGT GTC TCA CAC ACC CCA CAG AGA GAG AGA GAT ATG TGT GTC TCA CAG AGC GCA CAG AGA GAG AGA GAC ACC CCA CAA AAT ATA TAC ACC CCA CAT ATA TAT ATT TTG TGC GCA CAG AGA GAA AAG AGC GCA CAT ATC TCT CTG TGA GAG AGA GAC ACT CTG TGA GAG AGA GAC ACC CCC CCC CCA CAG AGA GAC ACT CTT TTC TCT CTT TTA TAA AAC ACT CTC TCT CTC TCT CTG TGA GAA AAA AAG AGC GCC CCA CAA AAC ACA CAG AGC GCC CCC CCT CTG TGA GAG AGA GAC ACC CCA CAT ATG TGA GAA AAT ATT TTC TCT CTA TAG AGT GTG TGT GTC TCG CGC GCA CAG AGC GCC CCA CAT ATC TCG CGC GCT CTA TAA AAG AGA GAC ACA CAA AAC ACG CGC GCT CTT TTT TTA TAT ATG TGT GTT TTA TAA AAT ATC TCT CTG TGG GGA GAC ACA CAT ATC TCT CTG TGT GTC TCG	2222222221222222222222222222222222222222222222222222222222222222222222222222222222222222222222222222222222222222222222222222212222222212222222222122222222222222222222222221	Neuron	36287
TGG GGC GCT CTG TGG GGC GCT CTC TCC CCG CGG GGC GCT CTG TGA GAA AAG AGT GTT TTG TGG GGC GCT CTT TTC TCT CTT TTC TCG CGG GGT GTG TGC GCA CAA AAT ATT TTC TCC CCT CTG TGG GGG GGG GGA GAG AGG GGA GAA AAC ACA CAC ACG CGA GAT ATA TAG AGA GAA AAA AAT ATA TAA AAG AGC GCC CCT CTG TGA GAC ACG CGG GGT GTT TTC TCA CAT ATC TCC CCT CTT TTC TCC CCG	222222222122222222222222222212222222222222222222222202222222222222222202222222222221	Oligodend	35202
GGG GGG GGC GCT CTC TCC CCG CGT GTG TGC GCT CTG TGA GAG AGC GCA CAA AAG AGT GTC TCG CGA GAG AGA GAG AGG GGA GAG AGG GGT GTG TGA GAG AGA GAA AAA AAG AGT GTC TCA CAA AAA AAC ACA CAG AGA GAC ACT CTG TGT GTC TCA CAA AAT ATG TGC GCC CCG CGC GCC CCT CTC TCC CCC CCC CCC CCG	2222221222222222222212222222222222222222222222222222222221222222221	Neuron	36390
GTG TGG GGT GTG TGC GCT CTC TCG CGA GAG AGT GTG TGT GTG TGG GGG GGC GCT CTC TCA CAG AGC GCA CAG AGG GGT GTC TCT CTG TGG GGT GTC TCT CTC TCC CCT CTG TGG GGC GCG CGC GCC CCC CCA CAC ACT CTC TCA CAC ACT CTC TCC CCC CCT CTG TGG GGC GCC CCA CAT ATC TCT CTC TCC CCC CCC CCA CAC ACC CCT CTC TCC CCC CCT CTC TCA CAC ACA CAT ATG TGG GGC GCA CAG AGG GGG GGG GGG GGA GAA AAG AGT GTG TGG GGA GAA AAC ACG CGT GTG TGC GCG CGG GGC GCC CCA CAC ACT CTG TGC GCT CTC TCC CCC CCA CAC ACC CCG CGT GTC TCC CCC CCT CTC TCA CAC ACA CAG AGC GCA CAC ACA CAG AGG GGC GCT CTG TGG	222222212222222222222222222222222222222022222222222222222222222222222222222222222222222222222222212220222222222222222122222222222222222222	Heart-Cardio	35035
GCA CAG AGC GCG CGT GTA TAC ACG CGG GGA GAG AGA GAG AGA GAG AGG GGG GGG GGT GTG TGG GGG GGA GAA AAG AGG GGA GAG AGC GCA CAG AGC GCC CCC CCT CTT TTC TCC CCC CCC CCG	22212221222222222222222222222222222222221	Heart-Cardio	36977
ATT TTT TTA TAA AAA AAT ATA TAC ACC CCG CGT GTA TAG AGA GAA AAC ACC CCA CAT ATC TCC CCC CCT CTG TGT GTT TTA TAC ACA CAG AGG GGT GTT TTT TTC TCC CCT CTT TTT TTG TGG GGG GGA GAT ATG TGC GCT CTC TCT CTT TTG TGA GAC ACG CGC GCA CAG AGG GGA GAA AAA AAT ATA TAT ATG TGG GGC GCT CTT TTA TAT ATT TTC TCT CTC TCA CAT ATA TAA AAA AAT ATA TAC ACT CTT TTT TTG TGA GAG AGA GAT ATG TGT GTA TAC ACT CTT TTC TCA CAG AGT GTT TTT TTC TCT CTC TCC CCA CAA AAA AAC ACT CTT TTT TTA TAT ATG TGC GCA CAT ATA TAA AAC ACA CAA AAC ACA CAC ACG CGA GAC ACT CTG TGT GTA TAA AAC ACA CAA	2222222221222222222222222222222222222222222222222222212222222222222222222222222222222222222222222222222222222222222222222222222212222222222	Neuron	26055
GCA CAG AGG GGG GGA GAG AGA GAT ATC TCG CGC GCT CTA TAG AGA GAG AGC GCC CCT CTG TGG GGG GGA GAA AAG AGT GTT TTG TGA GAG AGG GGT GTG TGC GCA CAG AGT GTG TGA GAG AGC GCC CCA CAC ACG CGA GAT ATT TTG TGC GCA CAC ACA CAA AAC ACT CTG TGC GCA CAC ACT CTC TCC CCA CAG AGC GCC CCT CTG TGG GGG GGT GTG TGA GAC ACA CAG AGA GAG AGC GCA CAA AAG AGA GAC ACC CCC CCT CTG TGT GTC TCA CAG AGT GTC TCA CAT ATT TTC TCA CAT ATT TTC TCA CAT ATC TCC CCA CAT ATT TTC TCA CAT ATA TAA AAA AAA AAA AAC ACA CAA AAT ATT TTA TAA AAT ATT TTA TAA AAT ATT TTA TAA AAA AAA AAA AAT ATG TGA GAG AGA GAT ATG TGG GGG GGG GGT GTC TCT CTC TCA CAT ATT TTA TAT ATG TGT GTT TTG TGC GCC CCC CCA CAA AAG AGC GCT CTG TGG GGT GTC TCT CTC TCG CGA GAA AAC ACT CTC TCC CCT CTG TGG GGG	2222222221222222222222222222222222222222222212222222222222222222222222222222222222222222222222222222222222222222222222222222222222222222222222222222222222222222222222222222202222222222	Neuron	25326
CCT CTC TCC CCC CCT CTT TTC TCC CCC CCG CGG GGC GCC CCT CTT TTT TTC TCG CGC GCC CCG CGG GGG GGA GAG AGC GCC CCT CTG TGC GCT CTC TCC CCC CCT CTG TGC GCC CCT CTG TGC GCC CCC CCG	22222222202222222122022222222222222222222220	Neuron	34963
GGC GCC CCT CTG TGG GGA GAG AGC GCC CCG CGA GAA AAG AGC GCA CAC ACT CTC TCT CTG TGC GCC CCA CAG AGC GCT CTC TCT CTT TTT TTT TTC TCA CAT ATA TAA AAA AAC ACG CGC GCA CAG AGA GAA AAG AGC GCA CAA AAA	2222222221222222222222222222222222222202222222222	Heart-Cardio	34715
TGG GGA GAG AGG GGG GGT GTG TGG GGC GCG CGT GTG TGG GGT GTA TAT ATT TTC TCA CAC ACT CTG TGA GAG AGA GAA AAG AGC GCG CGC GCT CTG TGA GAG AGA GAA AAG AGG GGG GGA GAG AGC GCC CCT CTG TGC GCT CTG TGG GGG GGT GTG TGC GCT CTG TGA GAA AAA AAG AGT GTG TGT GTG TGC GCT CTC TCT CTG TGT GTC TCT CTC TCA CAA AAT ATC TCT CTG TGA GAG AGT GTG TGG GGC GCA CAA AAT ATG TGA GAC ACA CAC ACA CAG AGG GGT GTG TGT GTA TAT ATA TAT ATG TGT GTA TAT ATG TGA GAA AAA AAG AGA GAC ACA CAC ACG CGT GTA TAC ACT CTG TGA GAC ACC CCT CTG TGT GTA TAG AGT GTT TTG TGA GAG AGT GTT TTA TAT ATG TGA GAA AAC ACT CTT TTT TTA TAT ATG TGT GTA TAT ATG TGC GCT CTA TAT ATT TTC TCG CGG GGC GCC CCT CTT TTT TTA TAA AAA AAA	2222222220222222222222222222122222222222222222222222222222222222222222222222222222222222222222222222222222222222222122222222222222222222222222222222222222222202222222222	Heart-Cardio	26102
GTG TGG GGA GAC ACC CCT CTC TCC CCC CCG CGG GGC GCT CTC TCG CGG GGC GCG CGG GGC GCT CTT TTC TCT CTA TAT ATG TGA GAG AGG GGT GTC TCT CTG TGC GCC CCT CTC TCC CCT CTG TGC GCT CTC TCC CCA CAA AAG AGG GGG GGG GGA GAA AAG AGG GGC GCG CGC GCT CTG TGC GCA CAC ACC CCT CTC TCG CGT GTA TAT ATG TGT GTC TCC CCA CAA AAA AAA AAG AGC GCA CAC ACC CCG CGA GAC ACT CTG TGT GTG TGG GGG GGC	222222222122220220222222222222222222222222222222222222220222222222022222222222222220222222222	Neuron	34872
GAA AAG AGA GAA AAA AAG AGC GCC CCC CCG CGG GGA GAC ACT CTG TGA GAG AGA GAG AGT GTG TGG GGC GCA CAT ATT TTA TAG AGG GGA GAG AGA GAC ACA CAG AGG GGA GAA AAA AAA AAT ATC TCT CTC TCT CTA TAG AGA GAG AGG GGG GGA GAA AAA AAG AGC GCA CAA AAG AGG GGG GGC GCT CTT TTG TGA GAA AAG AGA GAG AGG GGG GGG GGC GCC CCC CCA CAT ATG TGG GGA GAA AAG AGA GAG AGA GAC ACA CAT ATG TGC GCA CAT ATG TGG GGC GCA CAG AGG GGA GAG AGG GGG GGT GTC TCA CAG AGT GTG TGT GTG TGG GGA GAG AGG GGC GCC CCC CCC CCA CAG AGT GTT TTG TGC GCA CAC ACG	22222222202222222222222222222222222222222222222222222222222222222222222222222222222222222222222222222222222222222222222222222220	Oligodend	37096
CCC CCA CAT ATT TTA TAC ACC CCC CCC CCG CGT GTT TTC TCG CGG GGC GCG CGG GGG GGG GGG GGT GTG TGA GAC ACA CAG AGT GTG TGA GAC ACA CAG AGC GCA CAA AAG AGC GCA CAT ATC TCA CAC ACA CAC ACA CAC ACG CGC GCT CTA TAG AGT GTG TGA GAG AGA GAA AAA AAG AGG GGA GAC ACC CCC CCA CAT ATG TGC GCC CCC CCG	222222222122202202222222222222222222222222222220222222222222222222222220	Oligodend	36671
TTC TCA CAG AGG GGG GGG GGC GCT CTC TCG CGG GGA GAC ACT CTC TCA CAG AGG GGG GGG GGG GGG GGC GCT CTT TTC TCA CAG AGG GGC GCT CTA TAA AAG AGC GCC CCC CCT CTA TAC ACC CCC CCC CCT CTG TGC GCA CAG AGG GGC GCC CCT CTC TCA CAT ATG TGG GGC GCC CCA CAC ACC CCC CCC CCA CAG AGC GCT CTC TCA CAG AGC GCC CCT CTC TCT CTC TCC CCC CCC CCG CGG GGC GCT CTA TAC ACA CAC ACC CCC CCC CCC CCG	222222222022222222222222222222222222222222222222222222222222222222222222222222220222222222220	Heart-Cardio	25736
TGT GTG TGA GAG AGG GGA GAG AGA GAC ACG CGG GGG GGG GGA GAG AGG GGA GAG AGG GGG GGG GGA GAA AAG AGC GCA CAG AGG GGG GGG GGA GAG AGC GCA CAG AGA GAG AGT GTC TCC CCT CTG TGT GTC TCC CCC CCC CCC CCC CCA CAG AGC GCC CCA CAC ACT CTC TCC CCC CCA CAC ACC CCC CCG CGC GCC CCC CCA CAG AGC GCA CAG AGC GCT	22222222202222222222222222222222222222222222222222222222222222202222222222	Heart-Cardio	25735
TTA TAA AAC ACT CTA TAT ATG TGT GTT TTA TAC ACC CCC CCA CAT ATG TGA GAA AAT ATT TTT TTT TTA TAT ATT TTT TTC TCT CTG TGC GCA CAT ATA TAG AGT GTA TAA AAA AAG AGG GGG GGG GGT GTA TAT ATC TCA CAC ACA CAA AAA AAG AGT GTG TGT GTT TTC TCT CTA TAA AAA AAA AAA AAC ACA CAG AGG GGA GAG AGT GTT TTG TGA GAG AGT GTC TCT CTG TGA GAT ATA TAG AGG GGC GCT CTT TTG TGG GGA GAA AAA AAC ACT CTA TAC ACC CCA CAG AGC GCC CCT CTA TAC ACA CAC ACT CTA TAC ACT CTG TGT GTA TAC ACC CCC CCA CAG AGA GAT ATA TAT ATC TCA CAG AGC GCC CCT CTA TAC ACA CAT ATG TGT GTG TGG GGC GCA CAG AGG GGG GGG GGT GTG TGT GTG TGG GGG GGG GGA GAT ATG TGT GTG TGA GAC ACA CAC ACC CCG CGA GAG AGA GAA AAG AGA GAG AGT GTA TAT	2222222222222222222222222222222222222222222222222222222222222222222222222222222222222222222222222222222222222222222222222222222222222222222222222222222222222212222222222	Oligodend	26098
GCC CCC CCG CGC GCC CCC CCG CGC GCA CAC ACA CAC ACA CAT ATC TCC CCG CGC GCG CGG GGA GAA AAA AAG AGC GCC CCT CTG TGC GCT CTT TTT TTC TCA CAG AGC GCT CTG TGC GCT CTC TCA CAG AGC GCA CAG AGG GGT GTG TGG GGG GGA GAA AAC ACA CAC ACT CTT TTG TGC GCT CTC TCC CCT CTC TCC CCA CAG AGC GCA CAT ATT TTC TCC CCA CAC ACC CCA CAT ATG TGA GAG AGA GAC ACA CAA AAA AAG AGG GGA GAA AAA AAA AAA AAG AGT GTC TCG CGC GCT CTT TTC TCT CTG TGT GTG TGT GTG	220222122222222202022222222222222222222222222222222222222222222222222222222222222222222222222222212222222222	Oligodend	34717
AAC ACA CAG AGC GCT CTC TCC CCC CCC CCG CGG GGA GAC ACT CTT TTG TGG GGC GCC CCA CAG AGG GGT GTC TCT CTT TTG TGT GTG TGG GGG GGT GTA TAT ATC TCT CTG TGC GCT CTG TGA GAT ATG TGG GGG GGC GCA CAG AGG GGC GCA CAG AGG GGG GGA GAG AGC GCC CCG CGG GGC GCT CTG TGG GGC GCA CAG AGC GCC CCC CCT CTG TGG GGC GCC CCA CAG AGT GTA TAG AGG GGT GTA TAC ACC CCA CAG AGG GGA GAA AAT ATT TTG TGG GGG GGG GGC GCT CTC TCT CTT TTC TCT CTG TGA GAG AGA GAT ATG TGA GAG AGT GTG TGT GTG TGG GGG GGA GAC ACA CAG AGT GTG TGG GGG GGC GCA CAG AGG GGA GAG AGG GGG GGG GGC GCT CTT TTT TTG TGC GCC CCT CTA TAT ATT TTC TCA CAC ACG	22222222202222222222222222222222222222222222222222222222220222222222222222222222222222222222222222222222222222222222222222222222222222222222222222221	Heart-Cardio	34793
ATC TCA CAT ATT TTC TCT CTT TTT TTC TCG CGT GTG TGA GAA AAG AGG GGG GGC GCT CTG TGT GTC TCC CCT CTG TGT GTG TGC GCA CAT ATC TCA CAT ATA TAG AGG GGG GGT GTA TAT ATT TTT TTG TGG GGC GCG CGG GGC GCA CAT ATC TCC CCC CCT CTG TGG GGC GCC CCT CTC TCT CTG TGC GCC CCA CAA AAC ACT CTC TCC CCA CAT ATG TGC GCC CCA CAG AGC GCA CAG AGC GCA CAC ACC CCT CTC TCT CTC TCC CCT CTC TCC CCA CAG AGC GCT CTG TGT GTG TGA GAC ACA CAA AAC ACC CCG CGA GAA AAA AAC ACT CTG TGT GTC TCT CTC TCC CCA CAG AGA GAT ATT TTT TTT TTG TGT GTC TCA CAA AAA AAT ATG TGT GTG TGC GCC CCC CCT CTC TCG CGG GGG GGG GGA GAC ACG CGA GAA AAA AAC ACG CGG GGT GTC TCC CCC CCA CAA AAT ATC TCT CTC TCC CCT CTC TCT CTT TTC TCC CCC CCC CCC CCA CAT ATG TGG GGA GAG AGA GAA AAC ACC CCC CCG CGT GTG TGG GGA GAC ACT CTA TAA AAA AAT ATC TCA CAC ACA CAC ACC CCC CCT CTC TCT CTG TGT GTT TTT TTT TTG TGC GCG	22222222212222222222222222222222222222222222212222222222222222222222222222222222222222222222222222222222212222222222222222222222222222222221222221222212222222222222222222222222222222212222222222222222222222222221	Oligodend	25990
TTG TGA GAT ATG TGT GTG TGC GCA CAC ACG CGT GTC TCA CAC ACT CTG TGG GGA GAT ATT TTC TCA CAA AAG AGG GGC GCT CTA TAA AAC ACC CCC CCT CTC TCC CCG CGT GTT TTT TTA TAG AGG GGA GAT ATG TGA GAT ATA TAT ATT TTA TAT ATC TCT CTG TGG GGA GAC ACA CAC ACA CAC ACT CTT TTA TAA AAC ACT CTA TAC ACG CGT GTC TCT CTG TGC GCA CAA AAA AAG AGA GAC ACC CCG CGT GTT TTT TTT TTG TGA GAC ACG CGT GTG TGC GCA CAC ACG	22222222212222222222222222222222222122222222222222222222222222222222221222222222222122222221222220	Oligodend	25721
AGG GGA GAA AAT ATT TTA TAT ATC TCT CTG TGG GGC GCC CCC CCA CAA AAA AAA AAT ATG TGT GTC TCA CAG AGT GTG TGA GAT ATG TGC GCA CAG AGA GAG AGG GGC GCT CTG TGA GAG AGA GAA AAA AAC ACC CCC CCT CTC TCC CCC CCC CCT CTA TAA AAT ATG TGC GCA CAT ATC TCC CCA CAT ATT TTG TGT GTT TTT TTA TAT ATG TGA GAT ATG TGA GAA AAT ATT TTA TAG AGC GCT CTT TTC TCT CTG TGT GTC TCA CAG AGT GTC TCT CTA TAC ACA CAG AGT GTG TGG GGC GCA CAC ACT CTA TAG AGT GTT TTT TTT TTG TGT GTA TAT ATC TCA CAT ATC TCC CCT CTA TAG AGG GGG GGA GAG AGA GAA AAT ATT TTG TGA GAG AGA GAA AAG AGA GAT ATA TAA AAC ACC CCA CAA AAA AAT ATC TCC CCT CTT TTT TTT TTC TCT CTG TGT GTT TTC TCT CTG TGT GTG TGC GCC CCT CTC TCA CAC ACA CAT ATG TGA GAG AGA GAC ACA CAC ACT CTC TCT CTG TGG GGT GTT TTG TGA GAG AGA GAA AAA AAG AGA GAA AAT ATT TTT TTG TGA GAA AAA AAA AAG AGA GAT ATA TAA AAC ACC CCC CCC CCA CAT ATG TGA GAC ACC CCA CAC ACA CAG AGT GTA TAA AAA AAT ATG TGA GAA AAG AGT GTG TGA GAA AAA AAC ACA CAA AAA AAT ATA TAT ATA TAT ATA TAT ATT TTA TAC ACG	222222222222222222222222222222222222222222222222222222222222222222222222222222222222222222222222222222222222222222222222222222222222222222222222222222222222222222222222222222222222222222222222222222222222222222222222222222222222222222222222222222220	Neuron	37190
GAA AAT ATA TAC ACC CCC CCT CTG TGC GCG CGG GGG GGA GAC ACC CCT CTC TCG CGG GGA GAG AGA GAG AGG GGC GCC CCC CCC CCG CGG GGC GCG CGC GCG CGT GTG TGC GCA CAC ACA CAC ACC CCA CAC	22222222202222222022222222220221212222222222	Oligodend	34272
CAT ATG TGC GCT CTG TGC GCT CTG TGC GCG CGT GTC TCT CTC TCT CTA TAA AAA AAG AGC GCC CCG CGC GCT CTC TCT CTG TGC GCC CCC CCG CGC GCG CGG GGC GCC CCC CCT CTG TGA GAA AAA AAG AGC GCC CCT CTT TTT TTG TGT GTT TTG TGC GCT CTG TGC GCT CTA TAC ACC CCG CGT GTT TTC TCC CCT CTT TTC TCT CTC TCA CAG AGA GAT ATT TTG TGA GAG AGA GAA AAT ATT TTT TTA TAT ATG TGT GTC TCA CAA AAG AGT GTG TGT GTG TGA GAG AGT GTG TGC GCG CGC GCA CAG AGC GCC CCC CCC CCT CTC TCT	222222222122222222222122222222121222222222222222222222222222122222222222222222222222222222222222222212222222222	Neuron	26035
TGG GGG GGG GGT GTG TGG GGG GGG GGC GCG CGG GGG GGG GGG GGA GAG AGC GCG CGG GGG GGG GGA GAC ACA CAA AAA AAG AGA	2222222220222222202222222222	Neuron	36505
AGG GGA GAC ACA CAG AGC GCC CCT CTC TCG CGG GGT GTT TTA TAA AAG AGA GAG AGG GGG GGA GAG AGG GGG GGG GGC GCT CTG TGG GGG GGG GGG GGC GCA CAC ACG CGG GGA GAG AGG GGG GGC GCC CCA CAG AGT GTG TGG GGC GCA CAT ATC TCT CTC TCC CCT CTC TCT CTA TAT ATC TCC CCC CCG CGG GGC GCT CTG TGG GGC GCC CCG CGG GGC GCA CAG AGC GCT CTG TGG GGC GCA CAG AGC GCA CAC ACG CGC GCA CAC ACC CCA CAT ATG TGC GCT CTC TCT CTG TGC GCT CTG TGG GGC GCT CTC TCC CCC CCG CGA GAC ACA CAC ACC CCT CTT TTC TCA CAC ACT CTG TGC GCC CCC CCC CCA CAG AGC GCG	222222222022222222222222222222222220222222222222222222222222222022222220222222222222220222222222222222222222022222222222222222220	Heart-Cardio	25498
AAA AAG AGG GGA GAT ATT TTC TCA CAC ACG CGC GCA CAG AGC GCC CCA CAT ATT TTT TTG TGT GTA TAT ATG TGA GAA AAT ATT TTG TGG GGA GAA AAA AAA AAC ACC CCC CCG CGG GGG GGA GAG AGC GCA CAT ATG TGT GTC TCT CTG TGA GAA AAA AAT ATG TGT GTC TCC CCT CTG TGT GTG TGA GAG AGT GTG TGC GCT CTG TGA GAC ACC CCT CTG TGA GAA AAA AAT ATG TGC GCA CAG AGG GGT GTC TCA CAC ACC CCG CGA GAT ATG TGC GCC CCC CCC CCC CCA CAG	222222222122222222222222222222222222202222222222222222222222222222222222222222222222222202222222222	Oligodend	35016
AGT GTT TTC TCT CTG TGA GAT ATC TCC CCG CGA GAG AGG GGA GAC ACT CTC TCC CCT CTT TTC TCT CTG TGC GCC CCC CCA CAT ATA TAG AGC GCG CGC GCG CGA GAG AGT GTC TCT CTG TGT GTG TGG GGC GCG	222222222022222222222222222222212122222222221	Neuron	34358
GTG TGA GAA AAG AGA GAA AAG AGC GCC CCG CGG GGC GCT CTT TTT TTG TGC GCT CTG TGG GGG GGA GAC ACA CAG AGG GGC GCA CAA AAA AAG AGA GAA AAC ACC CCT CTC TCA CAC ACC CCA CAA AAG AGA GAA AAT ATT TTC TCA CAA AAA AAG AGG GGA GAG AGA GAA AAC ACC CCA CAG AGA GAT ATG TGA GAT ATG TGC GCA CAG AGA GAG AGT GTG TGT GTC TCT CTC TCT CTA TAC ACA CAA AAT ATG TGA GAA AAG AGA GAA AAA AAG AGG GGG GGT GTC TCT CTG TGT GTG TGA GAA AAG AGG GGA GAA AAG AGT GTG TGG GGA GAC ACT CTG TGC GCT CTG TGG GGT GTA TAC ACC CCC CCG CGA GAT ATG TGG GGT GTG TGC GCT CTG TGT	22222222212222222222222222222222222222222222222222222222222222222222222222222222222222222222222222222222222222222222222222212222222222	Heart-Cardio	34942
GCC CCT CTG TGT GTC TCC CCA CAC ACG CGT GTT TTG TGC GCT CTT TTC TCG CGT GTG TGT GTG TGT GTG TGT GTG TGT GTG	222222221222222202222222222	Neuron	34731
CTT TTG TGT GTT TTT TTA TAG AGC GCC CCG CGA GAA AAG AGC GCT CTT TTC TCT CTA TAA AAC ACA CAC ACC CCA CAG AGA GAT ATG TGA GAG AGC GCA CAT ATA TAG AGC GCT CTG TGT GTC TCA CAG AGG GGC GCC CCA CAT ATT TTC TCT CTC TCA CAA AAG AGC GCA CAC ACA CAT ATG TGC GCT CTT TTC TCA CAA AAG AGA GAT ATT TTC TCA CAT ATT TTC TCT CTT TTC TCA CAG AGA GAT ATT TTT TTC TCA CAG AGT GTT TTC TCC CCT CTG TGC GCT CTA TAT ATG TGG GGC GCA CAT ATG TGA GAT ATG TGT GTT TTC TCC CCT CTT TTT TTG TGA GAG AGC GCC CCG CGG GGT GTT TTT TTG TGC GCC CCT CTC TCT CTT TTA TAG AGC GCA CAC ACA CAG AGA GAG AGT GTA TAA AAC ACT CTA TAT ATG TGA GAT ATG TGA GAG AGC GCC CCT CTG TGA GAA AAC ACC CCC CCA CAG AGT GTA TAT ATA TAA AAC ACG	222222222022222222222222222222222222222222222222222222222222222222222222222222222222222222222222222222222222222222222220222222222222222222222222222222222222222222222222221	Heart-Cardio	25655
GCT CTT TTT TTT TTA TAG AGC GCA CAC ACG CGA GAG AGT GTT TTC TCA CAA AAA AAT ATA TAT ATC TCC CCT CTG TGG GGC GCT CTT TTA TAG AGA GAT ATG TGG GGA GAA AAT ATT TTG TGC GCA CAT ATG TGG GGC GCC CCA CAA AAA AAT ATC TCC CCG CGG GGA GAT ATG TGA GAG AGG GGC GCT CTG TGC GCA CAA AAA AAT ATG TGA GAG AGA GAT ATC TCA CAC ACC CCA CAA AAA AAG AGT GTC TCC CCT CTA TAC ACA CAG AGC GCT CTG TGG GGC GCA CAC ACA CAG AGC GCG CGC GCT CTT TTT TTC TCA CAC ACA CAA AAA AAA AAG AGG GGG GGA GAA AAA AAG AGT GTC TCG CGG GGT GTC TCG CGG GGA GAT ATA TAT ATT TTT TTT TTC TCT CTA TAG AGT GTC TCT CTA TAA AAC ACC CCA CAG AGA GAT ATG TGG GGT GTG TGA GAG AGG GGC GCG CGG GGC GCA CAG AGG GGA GAG AGG GGA GAG AGG GGC GCT CTC TCT CTC TCA CAG AGG GGA GAG AGC GCG CGG GGT GTT TTG TGG GGG GGG GGT GTA TAA AAC ACC CCA CAG AGA GAA AAT ATA TAG AGA GAT ATC TCT CTC TCT CTT TTC TCC CCT CTC TCT CTC TCC CCG	22222222202222222222222222222222222222222222222222222122222222222222222222222222222222222222222222221222222222222222222220222022222222222222222222222222222221222222222222222222222212222222222222222222222222222222221	Heart-Cardio	34979
GGG GGC GCT CTT TTT TTG TGC GCC CCG CGC GCT CTA TAA AAG AGA GAA AAT ATG TGG GGC GCC CCC CCA CAC ACA CAT ATT TTT TTG TGC GCA CAC ACT CTC TCT CTT TTA TAG AGT GTC TCC CCT CTT TTC TCC CCT CTT TTG TGG GGT GTT TTT TTA TAC ACA CAG AGG GGG GGC GCA CAC ACT CTG TGA GAG AGG GGG GGA GAT ATG TGT GTG TGG GGG GGG GGG GGA GAG AGC GCC CCC CCT CTG TGT GTT TTG TGG GGG GGG GGA GAG AGA GAC ACG CGC GCA CAG AGG GGA GAG AGC GCC CCG CGA GAA AAG AGT GTC TCT CTG TGA GAG AGC GCA CAT ATC TCT CTG TGG GGT GTT TTG TGA GAT ATT TTG TGC GCC CCT CTT TTA TAG AGA GAG AGC GCA CAT ATG TGC GCC CCC CCA CAC ACA CAG AGT GTC TCC CCC CCT CTT TTT TTC TCC CCC CCC CCC CCA CAG AGG GGC GCC CCC CCA CAC ACT CTC TCC CCA CAC ACC CCA CAC ACA CAT ATG TGA GAG AGC GCG CGG GGG GGC GCG	2222222202222222222222222222222222222222222222222222222222222222222222222222222222222222222220222222220222222222222222222222222222222222222222222222222222222222222222222222222222202220	Neuron	34890
GCA CAG AGG GGC GCG CGT GTG TGA GAC ACA CAC ACA CAT ATG TGG GGT GTG TGT GTG TGT GTT TTT TTC TCG CGT GTG TGT GTC TCC CCC CCT CTG TGC GCT CTT TTT TTC TCC CCT CTG TGC GCC CCT CTG TGG GGC GCA CAG AGA GAA AAG AGC GCA CAT ATT TTG TGA GAT ATG TGT GTA TAG AGA GAC ACC CCC CCA CAC ACC CCA CAT ATA TAC ACG CGG GGG GGT GTT TTC TCT CTT TTC	2222022222222222222222212222222222222222222222222222222222222222222222222022222222	Oligodend	37117
TGG GGA GAG AGT GTA TAC ACA CAT ATC TCG CGC GCT CTG TGC GCT CTG TGG GGG GGT GTG TGA GAC ACA CAG AGC GCA CAG AGG GGA GAC ACG CGG GGT GTA TAC ACC CCA CAA AAG AGT GTG TGC GCT CTG TGG GGT GTG TGA GAC ACA CAG AGA GAG AGA GAC ACG	22222222202222222222222222222212222222222222222222222221	Heart-Cardio	36408
CTT TTC TCA CAA AAC ACA CAA AAC ACC CCG CGG GGA GAA AAG AGT GTT TTA TAC ACC CCA CAC ACC CCA CAT ATG TGT GTG TGA GAT ATC TCA CAG AGC GCT CTG TGG GGT GTT TTT TTC TCC CCA CAG AGG GGC GCA CAC ACC CCA CAG AGC GCG CGG GGT GTT TTC TCC CCA CAA AAA AAG AGA GAT ATG TGG GGA GAC ACA CAG AGA GAA AAA AAT ATA TAA AAT ATA TAA AAA AAT ATG TGT GTT TTC TCA CAT ATT TTC TCT CTG TGC GCG CGA GAG AGG GGT GTG TGC GCT CTG TGA GAC ACG CGG GGC GCG CGT GTG TGG GGC GCT CTT TTT TTT TTG TGC GCA CAG AGG GGG GGT GTT TTT TTG TGC GCA CAC ACC CCA CAG AGG GGG GGA GAT ATG TGT GTG TGC GCG CGT GTT TTA TAT ATG TGG GGG GGA GAG AGA GAC ACC CCC CCG CGA GAT ATC TCT CTC TCT CTT TTG TGT GTG	2222222220222222222222222222222222222222222222222220222222222222222222222222222222222222222022222222220220222222222222222222222222222222220222222222222202222222222	Oligodend	36469
GAC ACC CCT CTC TCG CGG GGG GGC GCA CAG AGG GGG GGG GGA GAC ACT CTG TGC GCG CGT GTG TGG GGC GCC CCC CCG CGC GCG CGT GTG TGG GGA GAC ACG CGG GGA GAT ATG TGC GCT CTG TGC GCA CAT ATC TCT CTG TGA GAG AGC GCC CCA CAC ACT CTT TTT TTT TTT TTT TTT TTT TTT TTT TTT TTT TTT TTG TGA GAG AGA GAC ACG CGG GGA GAG AGT GTC TCT CTC TCA CAC ACT CTT TTT TTG TGT GTC TCC CCC CCC CCC CCA CAG AGG GGC GCT CTG TGG GGA GAG AGT GTG TGC GCA CAG AGT GTG TGG GGC GCG CGC	222212222222222222122222212022222122222222222222222222222222222222222221222222222222222222222222222222222222212	Neuron	36533
CTG TGG GGG GGT GTG TGG GGA GAG AGC GCG CGG GGG GGC GCA CAG AGC GCA CAC ACC CCC CCC CCT CTC TCC CCA CAC ACT CTG TGT GTC TCC CCA CAG AGC GCG CGG GGT GTC TCC CCC CCA CAG AGC GCA CAC ACC CCT CTG TGC GCT CTC TCG CGT GTG TGC GCC CCT CTC TCC CCT CTA TAC ACT CTC TCC CCC CCT CTC TCC CCC CCA CAG AGC GCC CCT CTG TGG GGT GTG TGG GGC GCT CTT TTC TCC CCG CGG GGA GAT ATC TCA CAG AGG GGA GAC ACA CAT ATG TGA GAA AAC ACA CAC ACC CCC CCT CTC TCA CAC ACA CAC ACT CTT TTC TCA CAG AGC GCA CAA AAG AGC GCA CAT ATC TCT CTG TGT GTG TGA GAA AAA AAC ACG CGT GTC TCC CCA CAC ACT CTG TGT GTG TGT GTG TGC GCT CTG TGG GGG GGA GAC ACC CCT CTG TGA GAG AGT GTG TGG GGA GAC ACA CAG AGT GTG TGA GAT ATG TGA GAG AGC GCT CTA TAG AGA GAC ACA CAA AAG AGG GGT GTC TCC CCT CTT TTC TCT CTT TTA TAG AGG GGG GGA GAA AAC ACT CTC TCT CTT TTC TCT CTC TCT CTG TGA GAT ATG TGA GAG AGA GAT ATG TGG GGC GCA CAG AGA GAT ATT TTG TGG GGG GGA GAG AGG GGA GAC ACA CAG AGA GAC ACG CGG GGG GGA GAG AGC GCC CCG CGT GTC TCA CAC ACT CTG TGG GGC GCT CTG	222222222022222222222222222222222202222222222222222022222222222222222222222222222222202222222222222222222222222222222222222222222222022222222222222222222222222222222222222222222222222222222222222222222222222222222222222222222222222022222202222222222	Heart-Cardio	26023
GAC ACC CCT CTC TCC CCC CCA CAA AAC ACG CGT GTG TGG GGA GAT ATA TAT ATT TTA TAG AGT GTT TTT TTA TAG AGC GCG CGT GTG TGC GCT CTG TGG GGA GAC ACA CAA AAG AGT GTT TTG TGG GGT GTC TCC CCT CTT TTT TTG TGC GCA CAA AAA AAA AAG AGA GAT ATG TGA GAA AAA AAT ATT TTG TGT GTG TGG GGG GGC GCT CTC TCA CAC ACT CTG TGA GAT ATG TGT GTG TGA GAG AGT GTT TTA TAC ACT CTG TGC GCT CTG TGA GAT ATG TGT GTC TCC CCC CCT CTG TGT GTG TGT GTC TCA CAA AAA AAT ATA TAA AAA AAT ATA TAC ACT CTG TGA GAA AAG AGA GAG AGA GAC ACA CAT ATT TTG TGG GGC GCG CGC GCT CTC TCT CTG TGA GAA AAG AGG GGC GCA CAC ACT CTC TCA CAA AAC ACA CAC ACG CGT GTC TCC CCT CTT TTC TCT CTG TGG GGA GAA AAG AGA GAT ATA TAC ACG CGA GAC ACC CCC CCC	2222222221222222222222222202222222222222222222222222222222222222222222222222222222222222222222222222222222222222222222222222222221222222222222222222212222222222222222122222	Oligodend	25818
GAT ATG TGT GTC TCC CCC CCT CTC TCC CCG CGC GCA CAG AGA GAC ACC CCC CCT CTG TGG GGG GGA GAT ATG TGA GAC ACA CAC ACA CAG AGA GAA AAG AGC GCG CGG GGG GGC GCG CGC GCT CTC TCG CGT GTT TTG TGT GTC TCC CCT CTT TTT TTA TAA AAG AGT GTG TGG GGA GAT ATG TGA GAA AAC ACG CGA GAG AGG GGC GCC CCC CCT CTT TTT TTG TGT GTC TCT CTG TGA GAA AAG AGT GTC TCC CCC CCT CTG TGT GTC TCT CTC TCC CCT CTG TGT GTG TGT GTG TGC GCT CTG TGC GCG CGT GTG TGT GTG TGC GCT CTC TCT CTT TTT TTT TTT TTC TCT CTG TGC GCG CGG GGC GCA CAT ATG TGA GAC ACG CGA GAC ACA CAC ACC	22222222212222222222222222222222220222022202222222222222222222220222222222222222222222222222222222222220222222222222222202222222022222	Oligodend	36413
TCA CAA AAA AAG AGC GCT CTG TGC GCC CCG CGT GTG TGG GGC GCA CAC ACT CTT TTC TCA CAA AAC ACA CAA AAC ACC CCG CGG GGA GAA AAG AGT GTT TTA TAC ACC CCA	2222222220222222222222222212222222222	Oligodend	36469
ATG TGG GGT GTG TGG GGC GCC CCC CCC CCG CGG GGC GCC CCC CCC CCG CGC GCC CCT CTC TCA CAG AGA GAG AGG GGT GTG TGC GCC CCA CAC ACT CTC TCC CCC CCC CCG CGT GTT TTG TGC GCT CTC TCC CCT CTC TCC CCT CTG TGC GCA CAG AGG GGC GCT CTT TTT TTC TCA CAC ACT CTG TGG GGT GTG TGG GGA GAG AGG GGC GCC CCA CAT ATG TGT GTC TCT CTT TTG TGC GCC CCT CTC TCT CTT TTC TCG CGG GGT GTA TAT ATC TCA CAG AGG GGT GTC TCT CTC TCC CCT CTG TGT GTC TCA CAT ATC TCT CTC TCC CCA CAC ACC CCA CAA AAG AGA GAC ACG CGC GCC CCT CTT TTC TCT CTC TCT CTG TGA	222222222022222022222222222222222222122222222222222222222222222222222222222222222222220222222222222222222222222222222202222222222	Heart-Cardio	25990
CTA TAC ACA CAG AGA GAG AGT GTG TGC GCG CGA GAC ACA CAT ATT TTT TTG TGT GTC TCA CAC ACA CAT ATC TCG CGT GTT TTG TGT GTG TGC GCT CTT TTT TTT TTT TTT TTT TTG TGG GGT GTG TGA GAC ACT CTT TTT TTG TGC GCT CTG TGT GTT TTT TTA TAA AAA AAA AAT ATG TGG GGC GCC CCC CCC CCC CCA CAG AGG GGC GCA CAT ATT TTG TGT GTG TGC GCT CTG TGA GAA AAG AGT GTG TGC GCC CCT CTT TTC TCC CCC CCG CGG GGG GGT GTT TTC TCC CCT CTA TAA AAG AGA GAA AAC ACC CCA CAG AGA GAA AAG AGG GGC GCT CTA TAT ATG TGA GAT ATG TGC GCG CGC GCC CCT CTT TTA TAC ACA CAG AGG GGG GGA GAA AAA AAA AAT ATA TAC ACG	22222222212222222222222212222222222222222222222222222222222222222222222222222222222222222221222222222222222222222222222221222222222222222220	Neuron	37105
GAG AGG GGA GAA AAC ACG CGG GGC GCT CTG TGG GGT GTG TGA GAT ATG TGT GTT TTC TCC CCC CCA CAG AGT GTA TAG AGC GCG CGC GCC CCC CCT CTC TCG CGT GTG TGC GCC CCG CGC GCA CAC ACA CAC ACC CCA CAT ATC TCG CGT GTC TCC CCC CCC CCA CAC ACT CTA TAT ATA TAT ATG TGG GGA GAC ACG CGG GGG GGG GGA GAA AAA AAC ACC CCG CGA GAG AGG GGC GCC CCC CCC CCA CAG AGA GAC ACC CCT CTC TCG CGT GTG TGC GCA CAC ACA CAG AGC GCC CCC CCC CCA CAG AGC GCC CCC CCC CCC CCT CTC TCC CCT CTG TGG GGG GGC GCT CTC TCC CCG CGT GTC TCT CTG TGC GCC CCC CCT	22222122222222222222222222212222212222122222222212222222222222222122222222122222222222222122222222222222222222222222222022222222	Heart-Cardio	36462
CCA CAT ATA TAT ATG TGT GTG TGG GGC GCG CGA GAA AAT ATG TGA GAA AAT ATG TGG GGC GCA CAT ATG TGG GGA GAA AAA AAG AGA GAA AAA AAG AGG GGC GCT CTC TCC CCT CTT TTT TTT TTT TTC TCT CTC TCT CTT TTG TGA GAT ATA TAT ATC TCT CTG TGG GGA GAA AAA AAG AGT GTA TAT ATT TTT TTT TTC TCT CTG TGA GAA AAA AAG AGT GTG TGG GGA GAT ATG TGT GTA TAG AGC GCT CTT TTA TAA AAG AGA GAG AGA GAG AGA GAG AGG GGT GTG TGG GGG GGG GGG GGC GCG CGG GGG GGG GGA GAG AGA GAG AGT GTT TTG TGC GCG CGT GTC TCC CCC CCA CAG AGC	22222222202222222222222222222222222222222222222222222222222222222222222222222222222222222222222222222212222222222212222222	Neuron	36314
TCC CCC CCA CAG AGG GGG GGT GTC TCC CCG CGA GAG AGG GGC GCA CAT ATC TCG CGG GGC GCA CAC ACC CCA CAT ATC TCA CAT ATG TGG GGA GAA AAT ATT TTA TAG AGT GTT TTA TAA AAA AAT ATG TGC GCA CAA AAA AAT ATA TAT ATC TCG	2222222221222222202222222222222222222222222222222221	Heart-Cardio	36575
ACT CTA TAT ATT TTT TTG TGC GCA CAC ACG CGA GAA AAC ACA CAA AAT ATT TTC TCT CTC TCT CTC TCC CCC CCC CCC CCT CTA TAC ACG CGT GTT TTT TTG TGA GAA AAC ACT CTG TGA GAC ACT CTG TGT GTG TGG GGC GCT CTC TCC CCT CTC TCC CCT CTG TGC GCC CCT CTC TCC CCT CTG TGA GAC ACC CCA CAC ACC CCC CCT CTG TGG GGG GGC GCC CCC CCT CTG TGG GGC GCA CAC ACG CGC GCT CTC	22222222212222222222222222222122222222222222222222222222222222222222222222222222221222	Heart-Cardio	34651
CCA CAG AGA GAA AAG AGC GCA CAA AAC ACG CGG GGG GGT GTT TTC TCT CTC TCT CTT TTC TCC CCA CAG AGC GCC CCT CTC TCT CTT TTC TCA CAG AGT GTT TTG TGT GTT TTT TTC TCC CCT CTC TCA CAC ACA CAG AGT GTC TCC CCC CCC CCA CAT ATC TCC CCT CTC TCG CGT GTT TTG TGT GTC TCA CAG AGG GGT GTG TGA GAT ATT TTC TCT CTG TGC GCA CAT ATT TTC TCT CTC TCA CAG AGG GGC GCT CTG TGC GCT CTC TCA CAC ACT CTG TGG GGC GCC CCC CCT CTG TGG GGC GCA CAG AGA GAG AGC GCC CCC CCT CTC TCT CTT TTT TTC TCC CCC CCT CTG TGC GCT CTG TGT GTG TGC GCT CTG TGG GGC GCA CAG AGC GCA CAG AGA GAC ACC CCC CCA CAT ATA TAA AAG AGT GTG TGT GTT TTA TAA AAT ATG TGA GAT ATG TGT GTC TCT CTT	22222222202222222222222222222222222222222222222222222222202222222222222222222222222222222222222222222222222222222222222222222222222222222222222222222222222222	Heart-Cardio	25401
GCT CTT TTT TTT TTA TAG AGC GCA CAC ACG CGA GAG AGT GTT TTC TCA CAA AAA AAT ATA TAT ATC TCC CCT CTG TGG GGC GCT CTT TTA TAG AGA GAT ATG TGG GGA GAA AAT ATT TTG TGC GCA CAT ATG TGG GGC GCC CCA CAA AAA AAT ATC TCC CCG CGG GGA GAT ATG TGA GAG AGG GGC GCT CTG TGC GCA CAA AAA AAT ATG TGA GAG AGA GAT ATC TCA CAC ACC CCA CAA AAA AAG AGT GTC TCC CCT CTA TAC ACA CAG AGC GCT CTG TGG GGC GCA CAC ACA CAG AGC GCG CGC GCT CTT TTT TTC TCA CAC ACA CAA AAA AAA AAG AGG GGG GGA GAA AAA AAG AGT GTC TCG CGG GGT GTC TCG CGG GGA GAT ATA TAT ATT TTT TTT TTC TCT CTA TAG AGT GTC TCT CTA TAA AAC ACC CCA CAG AGA GAT ATG TGG GGT GTG TGA GAG AGG GGC GCG CGG GGC GCA CAG AGG GGA GAG AGG GGA GAG AGG GGC GCT CTC TCT CTC TCA CAG AGG GGA GAG AGC GCG CGG GGT GTT TTG TGG GGG GGG GGT GTA TAA	22222222202222222222222222222222222222222222222222222022222222222222222222222222222222222222222222220222222222222222222220222022222222222222222222222222222220222222222222222222222202222222222	Oligodend	34979
CTG TGG GGG GGC GCT CTT TTT TTC TCC CCG CGT GTG TGT GTT TTG TGT GTT TTT TTC TCT CTC TCT CTC TCA CAA AAC ACA CAC ACT CTG TGA GAG AGT GTA TAA AAT ATC TCC CCC CCA CAC ACT CTG TGC GCC CCG CGC GCC CCC CCC CCT CTA TAA AAT ATG TGC GCT CTC TCA CAC ACA CAT ATT TTA TAT ATT TTC TCA CAT ATT TTT TTC TCT CTT TTC TCA CAG AGA GAT ATC TCA CAG AGC GCA CAT ATC TCA CAT ATT TTC TCA CAC ACC CCA CAT ATG TGG GGC GCA CAA AAC ACC CCA CAG AGC GCA CAG AGG GGC GCA CAT ATC TCT CTG TGT GTA TAC ACG CGC GCA CAC ACG	22222222202222222222222222222222222222222222202222222222222222222222222222222222222222222222222222222222222222222222202220	Neuron	34577
CAG AGG GGA GAT ATG TGA GAA AAG AGC GCG CGG GGG GGA GAG AGA GAG AGT GTG TGC GCA CAG AGG GGA GAT ATT TTT TTC TCA CAT ATC TCA CAT ATG TGT GTT TTA TAC ACT CTC TCA CAG AGA GAA AAC ACA CAG AGT GTA TAC ACA CAC ACA CAA AAT ATT TTT TTA TAA AAA AAA AAC ACT CTT TTA TAT ATG TGA GAA AAT ATT TTG TGT GTC TCG CGG GGC GCC CCG CGG GGG GGC GCG CGC GCG CGG GGT GTG TGG GGC GCT CTC TCA CAC ACA CAC ACC CCT CTG TGT GTA TAA AAT ATC TCC CCC CCA CAG AGC GCA CAC ACT CTT TTT TTG TGG GGG GGA GAT ATC TCC CCG CGA GAG AGA GAC ACG CGG GGG GGC GCG	2222222220222222222222222222222222222222222222222222222222222222222222222022202220202222222222222222222222222222222222220222202220	Oligodend	36496
CAC ACA CAG AGT GTG TGA GAC ACA CAC ACG CGA GAT ATG TGC GCT CTT TTG TGA GAA AAG AGA GAA AAC ACA CAG AGA GAG AGA GAG AGG GGT GTC TCC CCA CAA AAG AGA GAG AGT GTC TCC CCA CAA AAG AGA GAA AAT ATG TGA GAG AGA GAT ATC TCA CAA AAA AAA AAT ATA TAA AAA AAT ATC TCA CAG AGG GGA GAG AGA GAC ACT CTG TGC GCT CTC TCC CCC CCG CGC GCT CTG TGG GGC GCC CCT CTA TAA AAC ACT CTG TGG GGA GAC ACA CAC ACC CCA CAA AAA AAA AAG AGC GCT CTC TCC CCA CAC ACT CTT TTG TGG GGG GGA GAT ATG TGC GCA CAG AGT GTG TGA GAG AGG GGT GTG TGG GGG GGC GCG	222222222122222222222222222222222222222222222222222222222222222222222222222221222222222222222222222222222222222222222222222222221	Neuron	35130
GGG GGG GGC GCC CCG CGT GTC TCT CTC TCA CAG AGA GAA AAG AGC GCA CAC ACC CCG CGC GCG CGC GCT CTG TGG GGA GAC ACC CCG CGG GGC GCT CTG TGG GGG GGC GCC CCA CAG AGA GAT ATG TGC GCC CCA CAT ATG TGG GGG GGA GAT ATT TTC TCT CTG TGT GTG TGT GTT TTT TTG TGT GTG TGA GAA AAC ACC CCT CTC TCT CTA TAG AGA GAA AAA AAA AAG AGG GGT GTA TAA AAA AAT ATT TTA TAA AAC ACC CCT CTA TAT ATA TAG AGA GAG AGC GCT CTG TGG GGA GAA AAA AAG AGC GCT CTG TGA GAC ACC CCT CTG TGC GCA CAT ATT TTG TGT GTC TCA CAG AGG GGC GCT CTG TGG GGG	222202222222222222020222222202222222222222222222222222222222222222222222222222222222222222222222222222222222222222222222222222	Heart-Cardio	26138
GCA CAC ACT CTG TGG GGA GAA AAG AGC GCG CGT GTG TGA GAT ATG TGC GCC CCA CAT ATG TGT GTG TGG GGT GTT TTT TTA TAA AAC ACA CAG AGA GAA AAA AAT ATG TGC GCC CCA CAT ATC TCT CTC TCT CTC TCT CTA TAA AAT ATG TGG GGT GTG TGA GAA AAT ATT TTT TTA TAG AGT GTT TTA TAC ACA CAG AGG GGT GTG TGG GGT GTC TCC CCT CTC TCT CTA TAG AGT GTT TTG TGC GCA CAG AGA GAG AGT GTA TAT ATT TTA TAA AAC ACT CTG TGT GTG TGT GTT TTC TCC CCT CTA TAC ACA CAG AGT GTT TTT TTT TTT TTT TTA TAA AAA AAA AAA AAA AAA AAA AAT ATC TCT CTT TTG TGA GAA AAC ACA CAG AGA GAT ATC TCC CCA CAA AAA AAT ATT TTG TGG GGC GCA CAC ACT CTT TTT TTT TTG TGC GCT CTC TCT CTT TTT TTT TTT TTA TAG AGC GCG CGA GAT ATT TTT TTT TTA TAA AAC ACT CTG	222222222022222222222222222222222222222222222222222222222222222222222222222222222222222222222222222222222222222222222222222222222222222222222222222222222222222202222222222	Neuron	34989
GGA GAA AAC ACA CAA AAC ACT CTA TAC ACG CGC GCT CTG TGC GCT CTT TTT TTG TGA GAA AAA AAT ATC TCT CTA TAG AGT GTG TGG GGG GGT GTC TCT CTG TGG GGC GCA CAC ACG CGA GAA AAA AAA AAT ATC TCT CTG TGG GGA GAC ACT CTC TCC CCT CTA TAA AAT ATT TTC TCA CAA AAG AGG GGA GAT ATT TTA TAA AAA AAA AAA AAT ATG TGC GCC CCA CAA AAA AAC ACA CAC ACA CAC ACC CCT CTG TGA GAG AGT GTG TGT GTG TGG GGT GTC TCT CTT TTT TTG TGA GAG AGT GTA TAA AAA AAA AAA AAC ACA CAA AAG AGT GTT TTT TTG TGG GGA GAG AGA GAA AAA AAG AGT GTT TTG TGG GGA GAC ACC CCG CGA GAA AAT ATG TGA GAG AGC GCA CAC ACA CAG AGA GAG AGT GTG TGC GCT CTT TTT TTG TGC GCG CGC GCA CAG AGG GGA GAA AAC ACT CTC TCT CTT TTT TTT TTC TCG CGT GTC TCG CGG GGC GCC CCA CAA AAG AGT GTG	2222222221222222222222222222222222222212222222222222222222222222222222222222222222222222222222222222222222222222222222222222222221222222222222222222222122222222222222122122222222	Heart-Cardio	37176
GAG AGA GAG AGC GCC CCG CGG GGA GAG AGG GGA GAG AGG GGC GCT CTT TTG TGG GGA GAG AGC GCA CAA AAG AGA GAG AGG GGC GCA CAG AGG GGG GGG GGA GAG AGG GGC GCA CAG AGG GGG GGC GCC CCA CAT ATC TCT CTC TCC CCA CAG AGG GGT GTG TGT GTA TAG AGA GAA AAA AAG AGA GAC ACT CTC TCT CTC TCT CTA TAG AGG GGA GAT ATC TCA CAA AAG AGT GTG TGG GGG GGG GGA GAC ACT CTG TGA GAA AAG AGG GGC GCA CAG AGG GGG GGA GAC ACA CAG AGA GAC ACT CTG TGG GGA GAG AGG GGC GCC CCA CAT ATG TGG GGG GGC GCA CAG AGG GGC GCT CTG TGG GGG GGC GCA CAG AGG	2222212222222222222222222222222222222222222222222222222222222222222222222222222222222222222222222222222222222222222222222222222	Oligodend	26143
GGG GGC GCA CAC ACT CTG TGC GCG CGA GAG AGC GCC CCG CGG GGT GTG TGC GCA CAG AGG GGA GAG AGG GGG GGG GGG GGG GGG GGG GGC GCT CTG TGC GCG CGG GGT GTT TTG TGA GAC ACT CTT TTT TTT	22222220222202222222222222222222202222222222	Oligodend	36791
ATT TTA TAG AGT GTT TTT TTA TAG AGC GCG CGT GTG TGC GCT CTG TGG GGA GAC ACA CAA AAG AGT GTT TTG TGG GGT GTC TCC CCT CTT TTT TTG TGC GCA CAA AAA AAA AAG AGA GAT ATG TGA GAA AAA AAT ATT TTG TGT GTG TGG GGG GGC GCT CTC TCA CAC ACT CTG TGA GAT ATG TGT GTG TGA GAG AGT GTT TTA TAC ACT CTG TGC GCT CTG TGA GAT ATG TGT GTC TCC CCC CCT CTG TGT GTG TGT GTC TCA CAA AAA AAT ATA TAA AAA AAT ATA TAC ACT CTG TGA GAA AAG AGA GAG AGA GAC ACA CAT ATT TTG TGG GGC GCG CGC GCT CTC TCT CTG TGA GAA AAG AGG GGC GCA CAC ACT CTC TCA CAA AAC ACA CAC ACG CGT GTC TCC CCT CTT TTC TCT CTG TGG GGA	22222222202222222222222222222222222222222222222222222222222222222222222222222222222222222222222222222222222222220222222222222222222212222222222	Heart-Cardio	25818
GCA CAC ACT CTG TGG GGA GAG AGG GGC GCG CGG GGG GGG GGC GCC CCT CTC TCT CTG TGC GCA CAG AGT GTC TCA CAC ACG CGC GCT CTG TGG GGG GGT GTC TCA CAC ACG CGT GTG TGC GCT CTC TCC CCA CAG AGT GTC TCA CAG AGC GCC CCA CAA AAG AGC GCT CTG TGC GCA CAG AGC GCG CGG GGC GCC CCA CAC ACC CCA CAA AAG AGG GGG GGT GTG TGC GCC CCC CCA CAG AGG GGG GGT GTC TCT CTG TGG GGC GCC CCT CTG TGT GTT TTG TGG GGT GTC TCA CAC ACA CAG AGT GTG TGT GTT TTG TGA GAC ACC CCT CTC TCA CAT ATG TGG GGC GCC CCT CTG TGA GAA AAA AAT ATG TGG GGG GGT GTC TCT CTT TTC TCC CCC CCT CTG TGC GCC CCC CCA CAG AGA GAC ACA CAG AGG GGT GTT TTC TCC CCA CAG AGC GCC CCC CCA CAC ACC CCA CAT ATC TCA CAT ATC TCT CTA TAT ATC TCT CTG TGC GCC CCT CTC TCA CAG AGC GCC CCC CCT CTG TGG GGT GTG TGG GGG GGT GTA TAG AGG GGG GGA GAG AGT GTG TGG GGC GCT CTG TGG GGG GGA GAG AGA GAC ACC CCC CCT CTG TGC GCC CCC CCC CCT CTC TCA CAC ACA CAC ACC CCC CCT CTG TGG GGG GGC GCT CTT TTT TTG TGC GCG CGG GGT GTA TAT ATT TTC TCA CAA AAC	222222222122222222222222220222222222022222222222222222222222202222222222222222222222222222222222222222222222222222222222222222222222222222222222222222222222222222222222222222222222222222222222222222222222222222222222222222222222220222222222	Neuron	34993
TCC CCA CAG AGC GCA CAA AAA AAT ATT TTC TCT CTT TTT TTA TAG AGA GAA AAA AAA AAG AGG GGA GAA AAA AAA AAT ATA TAC ACA CAG AGG GGG GGA GAA AAA AAG AGG GGG GGA GAT ATA TAA AAA AAC ACC CCT CTC TCA CAC ACT CTG TGA GAC ACT CTT TTG TGG GGA GAG AGG GGA GAA AAA AAT ATC TCA CAA AAG AGA GAG AGG GGA GAG AGT GTG TGA GAG AGC GCA CAC ACA CAG AGC GCA CAT ATC TCA CAG AGA GAA AAA AAG AGC GCC CCC CCC CCC CCT CTG TGG GGC GCC CCC CCC CCA CAG AGA GAC ACT CTG TGC GCA CAC ACC CCC CCG CGC GCT CTT TTT TTC TCC CCT CTG TGG GGC GCC CCC CCT CTA TAC ACC CCT CTT TTG TGA GAA AAA AAT ATC TCC CCA CAT ATC TCA CAG AGG GGT GTC TCT CTG TGC GCG CGT GTT TTG TGG GGA GAC ACA CAC	22222222222222222222222222222222222222222222222222222222222222222222222222222222222222222222222222222222222222222221222222222222222222222222222222222222122222222	Oligodend	25720
CAA AAT ATG TGA GAG AGT GTT TTC TCC CCG CGA GAC ACA CAG AGA GAA AAG AGC GCA CAA AAA AAA AAG AGT GTG TGG GGA GAC ACA CAT ATT TTT TTC TCA CAC ACG CGG GGC GCG CGT GTA TAT ATG TGG GGT GTA TAC ACT CTG TGA GAA AAA AAG AGG GGC GCG CGA GAG AGA GAG AGT GTT TTC	222222222122222222222222222222222220220222222222222222202222222	Oligodend	37081
AGG GGA GAA AAG AGC GCC CCA CAC ACC CCG CGA GAG AGA GAG AGG GGT GTC TCC CCC CCT CTG TGA GAA AAG AGA GAA AAG AGA GAT ATG TGG GGC GCA CAC ACC CCT CTG TGC GCT CTC TCT CTG TGT GTG TGT GTC TCC CCA CAG AGC GCC CCT CTT TTG TGG GGG GGC GCT CTG TGG GGT GTG TGA GAC ACG CGG GGA GAA AAC ACA CAG AGA GAG AGA GAG AGT GTA TAA AAG AGG GGC GCA CAG AGG GGC GCC CCC CCT CTG TGC GCC CCT CTG TGC GCT CTG TGG GGT GTG TGC GCT CTC TCA CAC ACT CTT TTG TGC GCA CAG AGC GCC CCT CTG TGG GGC GCG CGG GGG GGA GAG AGA GAA AAC ACA CAA AAT ATG TGC GCA CAT ATA TAA AAC ACT CTG TGT GTA TAA AAG AGC GCG CGT GTC TCC CCC CCC CCA CAC ACA CAG AGA GAG AGA GAG AGG GGG GGG GGC GCA CAG AGG GGA GAG AGA GAG AGC GCG CGC GCG CGA GAC ACA CAG AGG GGG GGC GCC CCT CTG TGT GTC TCA CAC ACA CAG AGG GGA GAT ATC TCA CAG AGA GAT ATG TGG GGC GCG CGG GGT GTG TGC GCC CCG CGT GTC TCA CAC ACT CTT TTT TTG TGG GGG	2222222221222222222222222222222222222222222222222222222222222222122222222222222222222222222222222222222222222222222212222222222222222222222221222222222222222222222222212122222222222222222222222222202222212222222222	Neuron	36863
GAA AAA AAC ACC CCC CCT CTC TCG CGA GAG AGG GGA GAG AGC GCG CGA GAC ACC CCA CAC ACA CAT ATG TGA GAC ACC CCC CCC CCC CCG CGC GCG CGC GCT CTG TGT GTG TGA GAG AGC GCT CTG TGC GCT CTG TGG GGC GCG CGG GGC GCC CCA CAG AGC GCG CGC GCC CCC CCT CTC TCG CGC GCC CCT CTC TCG CGA GAT ATT TTG TGT GTC TCT CTG TGC GCA CAG AGC GCC CCC CCT CTG TGT GTA TAG AGT GTG TGG GGG GGC GCC CCG CGC GCG CGA GAG AGG GGC GCA CAC ACG CGC GCA CAA AAG AGC GCC CCG CGC GCA CAA AAC ACT CTA TAC ACA CAG AGC GCT CTC TCG CGC GCC CCA CAG AGC GCG CGG GGG GGG GGC GCA CAC ACA CAC ACA CAG AGA GAC ACA CAG AGG GGC GCA CAT ATG TGC GCA CAC ACC CCA CAC ACC CCA CAC ACT CTA TAC ACC CCC CCG CGT GTC TCG CGC GCC CCC CCG CGG GGA GAT ATA TAC ACA CAC ACT CTG TGA GAA AAC ACT CTG TGG GGT GTT TTT TTT TTG TGA GAA AAG AGC GCC CCT CTG TGA GAA AAC ACT CTG TGC GCA CAG AGA GAG AGA GAT ATC TCC CCT CTA TAA AAT ATA TAT ATA TAG AGC GCA CAA AAC ACG CGC GCA CAG AGG GGA GAC	222222212222221222222222222221212222222222222221222222122222122221222222222222222222222222212022222212222221222222222222122222122222222222222222222222222222222212212221222222222222222222222222222222222222222222222222222221222222	Neuron	25295
TGA GAA AAT ATC TCA CAT ATC TCC CCC CCG CGA GAC ACG CGA GAT ATC TCC CCT CTC TCC CCT CTC TCG CGG GGT GTC TCT CTC TCA CAT ATT TTT TTC	222222222022022222222202222222222	Neuron	34564
ACC CCC CCA CAG AGG GGA GAA AAG AGC GCG CGG GGA GAG AGC GCT CTT TTG TGC GCG CGG GGT GTG TGA GAG AGC GCT CTG TGA GAG AGA GAT ATC TCG CGT GTG TGC GCC CCA CAC ACT CTG TGC GCA CAC ACT CTC TCC CCA CAG AGC GCC CCT CTG TGG GGG GGC GCG CGA GAC ACA CAG AGA GAG AGC GCG	22222222212222222212222222222222022222222222222222222222122222221	Neuron	37168
TGC GCC CCA CAC ACC CCA CAT ATT TTC TCG CGC GCC CCC CCA CAG AGC GCG CGA GAA AAG AGC GCA CAC ACT CTT TTC TCA CAG AGC GCA CAA AAT ATG TGT GTG TGC GCA CAG AGG GGT GTC TCA CAC ACG CGC GCT CTG TGA GAC ACA CAC ACC CCT CTC TCA CAC ACT CTC TCC CCC CCT CTC TCA CAT ATC TCC CCT CTC TCA CAC ACC CCC CCA CAA AAC ACG CGA GAT ATT TTC TCC CCT CTT TTC TCA CAG AGC GCT CTC TCA CAT ATT TTC TCG CGC GCC CCC CCT CTC TCC CCT CTG TGA GAT ATT TTT TTT TTT TTT TTT TTC TCT CTA TAG AGA GAA AAC ACA CAT ATC TCT CTA TAC ACT CTT TTC TCT CTC TCT CTC TCC CCC CCT CTC TCA CAC ACC CCC CCC CCT CTG TGG GGC GCG CGC GCC CCA CAC ACC CCA CAT ATC TCC CCT CTT TTC TCA CAA AAC ACG CGC GCA CAC ACC CCC CCT CTG TGT GTT TTT	22222222212222221222222222222222222222222221222222222222222222222222222222212222222222222222212222222222222222222222222222222222222222222222222122222222222222202222222222	Oligodend	25762
CAC ACA CAG AGC GCC CCT CTG TGC GCC CCG CGT GTC TCT CTG TGT GTA TAT ATG TGC GCT CTC TCC CCT CTC TCT CTA TAG AGA GAG AGG GGT GTC TCT CTG TGA GAG AGC GCA CAG AGT GTG TGG GGG GGG GGC GCA CAC ACT CTG TGG GGA GAG AGA GAG AGC GCC CCA CAC ACA CAC ACC CCC CCA CAC ACA CAT ATC TCG	22222222212222222222222222222222222222222222222222222222222222222221	Heart-Cardio	36588
GAA AAG AGG GGA GAA AAC ACG CGT GTA TAA AAA AAA AAA AAT ATA TAG AGG GGA GAA AAC ACA CAA AAA AAT ATC TCT CTC TCC CCA CAT ATC TCA CAC ACT CTT TTC TCT CTG TGG GGT GTT TTA TAC ACC CCA CAG AGG GGG GGA GAG AGG GGC GCT CTG TGC GCC CCA CAT ATT TTC TCA CAC ACG CGC	2222220222222222222222222222222222222222222222222222222222222202	Neuron	34624
GTC TCC CCC CCA CAG AGG GGC GCC CCA CAA AAG AGG GGT GTG TGC GCA CAA AAG AGT GTG TGG GGG GGG GGC GCT CTG TGG GGT GTT TTC TCC CCT CTG TGC GCT CTG TGA GAG AGC GCC CCC CCC CCG CGA GAG AGG GGA GAA AAG AGG GGC GCA CAC ACG CGG GGC GCC CCC CCA CAG AGG GGC GCC CCT CTC TCC CCG CGC GCC CCT CTG TGG GGC GCT CTC TCC CCT CTA TAG AGG GGG GGA GAT ATG TGG GGC GCC CCA CAG AGC GCA CAG AGT GTC TCT CTT TTT TTG TGG GGC GCA CAT ATT TTC TCC CCT CTT TTG TGG GGC GCT CTT TTG TGT GTA TAG AGA GAA AAG AGC GCA CAT ATC TCA CAC ACC CCC CCT CTG TGG GGG GGG GGT GTC TCT CTG TGT GTC TCT CTT TTC TCC CCT CTC TCT CTT TTC TCA CAC ACA CAC ACA CAT ATC TCA CAT ATC TCT CTC TCA CAC ACT CTG TGC GCA CAT ATG TGC GCG	2222222222222222222222222222222222222222221222222222212222222222221222222222222222222222222222222222222222222222222222222222222222222222222222222222222222222222222222221	Heart-Cardio	36951
CTC TCC CCA CAG AGG GGA GAG AGC GCC CCG CGG GGC GCC CCC CCG CGA GAT ATC TCC CCA CAC ACG CGA GAT ATC TCA CAG AGT GTT TTC TCC CCA CAT ATC TCC CCC CCT CTT TTC TCT CTT TTC TCA CAC ACT CTG TGG GGC GCA CAC ACA CAT ATC TCT CTC TCT CTG TGA GAG AGG GGC GCA CAG AGC GCT CTC TCC CCT CTG TGG GGG GGG GGA GAA AAG AGT GTG TGC GCA CAG AGG GGG GGC GCC CCC CCC CCC CCG CGC GCG CGA GAG AGG GGG GGC GCT CTC TCG CGC GCA CAG AGG GGA GAA AAG AGA GAG AGC GCA CAC ACG CGG GGG GGA GAC ACA CAG AGA GAC ACC CCA CAA AAA AAC ACA CAG AGG GGC GCG CGC GCT CTA TAC ACC CCA CAA	2222222221222212222221222222222222222222222222222222222222222222222222222222222222222221212222222122222222222212222222222222222212222222	Heart-Cardio	36578
GAG AGG GGG GGG GGC GCT CTG TGA GAC ACG CGT GTC TCG CGC GCA CAA AAG AGG GGA GAG AGA GAC ACA CAC ACC CCC CCC CCG CGA GAG AGA GAG AGC GCC CCG CGG GGG GGC GCT CTT TTC TCC CCC CCA CAA AAA AAA AAC ACA CAC ACG CGG GGC GCT CTC TCT CTC TCA CAA AAT ATG TGG GGG GGC GCA CAC ACC CCA CAG AGG GGG GGA GAG AGG GGA GAT ATA TAC ACC CCA CAC ACC CCA CAC ACT CTG TGC GCC CCC CCG CGC GCG CGA GAG AGG GGC GCA CAG AGG GGA GAT ATC TCC CCC CCA CAG AGC GCA CAC ACC CCT CTG TGC GCC CCT CTC TCA CAA AAA AAG AGG GGC GCT CTG TGT GTG TGT GTC TCT CTG TGC GCC CCG CGT GTT TTC TCA CAG AGT GTG TGG GGA GAG AGA GAC ACC CCA CAT ATG TGG GGC GCC CCG	222222222122122222222222222122222212222222222222221222222222222222222222222222222222222221212222222222222222222222222222222222222222022222222222222222220	Neuron	37110
TCA CAG AGG GGA GAC ACT CTA TAG AGC GCG CGG GGT GTC TCC CCA CAC ACC CCA CAG AGG GGC GCC CCC CCC CCA CAG AGC GCC CCT CTG TGC GCC CCC CCC CCG CGG GGT GTG TGC GCC CCC CCT CTG TGC GCC CCC CCA CAG AGC GCA CAA AAC ACA CAC ACT CTG TGG GGC GCT CTG TGG GGC GCA CAG AGG GGC GCA CAG AGG GGC GCA CAC ACT CTC TCC CCT CTC TCA CAG AGA GAC ACT CTC TCT CTG TGC GCA CAG AGC GCC CCG CGG GGC GCA CAG AGG GGT GTC TCC CCT CTG TGG GGC GCT CTG TGC GCC CCA CAG AGC GCT CTC TCC CCC CCT CTG TGT GTC TCA CAT ATC TCA CAT ATT TTG TGG GGG GGC GCC CCT CTT TTG TGG GGT GTT TTG TGG GGG GGC GCG CGC GCC CCT CTC TCC CCC CCT CTC	2222222220222222222222222222222222022222222222222222222222222222222222222222222222222222220222222222222222222222222222222222222222222222222022222222	Neuron	36809
GGA GAG AGC GCA CAA AAT ATC TCT CTC TCG CGG GGC GCT CTC TCA CAC ACT CTG TGC GCA CAA AAC ACC CCT CTC TCT CTG TGC GCC CCT CTC TCC CCC CCG CGG GGG GGT GTT TTT TTA TAA AAA AAC ACG CGA GAT ATT TTC TCT CTC TCC CCT CTG TGC GCC CCT CTC TCA CAG AGC GCC CCT CTT TTC TCC CCG	222222222022222222222222222222222022222222202222222222222222222220	Oligodend	36608
CTT TTC TCT CTC TCT CTC TCC CCC CCC CCG CGC GCC CCC CCA CAG AGC GCG CGC GCG CGG GGA GAC ACG CGG GGG GGC GCT CTC TCC CCG CGG GGG GGC GCT CTA TAG AGG GGA GAG AGC GCT CTC TCG CGC GCA CAG AGA GAG AGG GGG GGA GAC ACG CGG GGG GGC GCT CTG TGT GTG TGT GTC TCG CGC GCC CCT CTC TCG CGC GCC CCT CTC TCT CTC TCC CCC CCT CTG TGC GCC CCT CTC TCT CTG TGT GTG TGT GTA TAG AGG GGA GAA AAT ATT TTC TCC CCC CCC CCG CGC GCC	22222222212222221212221222222122222222222212222222221222222222122221222222222222222222222222222222122	Heart-Cardio	36508
CCG CGT GTG TGG GGG GGC GCT CTT TTC TCG CGA GAT ATG TGC GCT CTG TGT GTT TTG TGG GGT GTT TTC TCT CTA TAC ACA CAG AGT GTT TTC TCT CTC TCA CAG AGA GAA AAC ACG CGG GGT GTC TCC CCT CTG TGT GTC TCC CCC CCT CTG TGG GGC GCC CCT CTG TGA GAG AGT GTG TGT GTG TGG GGA GAT ATG TGG GGA GAC ACG CGA GAG AGA GAT ATC TCC CCT CTG TGG GGC GCA CAG AGG GGC GCC CCC CCA CAC ACC CCA CAG AGC GCT CTC TCT CTG TGC GCT CTC TCT CTA TAG AGC GCC CCC CCA CAA AAG AGT GTG TGC GCC CCT CTT TTC TCT CTT TTG TGT GTT TTG TGT GTG TGG GGC GCA CAT ATC TCA CAG AGC GCG CGG GGG GGC GCA CAC ACT CTC	1222222221222222222222222222222222222212222222222222222222222222222221222222222222222222222222222222222222222222222222222222222222212222222	Heart-Cardio	37016
ACA CAG AGT GTG TGT GTG TGT GTG TGC GCG CGT GTG TGC GCG CGT GTG TGT GTG TGT GTG TGT GTG TGC GCC CCT CTG TGT GTG TGT GTG TGT GTG TGC GCA CAT ATG TGC GCA CAT ATT TTA TAC ACA CAG AGA GAG AGA GAA AAA AAC ACA CAG AGA GAA AAA AAT ATA TAG AGA GAG AGA GAC ACT CTT TTT TTA TAG AGC GCG CGT GTA TAT ATG TGC GCA CAC ACG CGC GCG CGT GTG TGT GTG TGT GTG TGC GCA CAC ACG	22222222212221222222222222222222222222222222222222222222222222222222022222220202222222220	Neuron	36839
AGG GGC GCT CTG TGG GGT GTA TAC ACC CCG CGA GAA AAC ACT CTC TCC CCC CCA CAA AAC ACC CCT CTC TCA CAG AGG GGT GTG TGA GAT ATC TCC CCG CGC GCC CCT CTG TGC GCC CCT CTT TTG TGG GGC GCC CCT CTC TCC CCC CCA CAA AAA AAA AAT ATG TGT GTT TTG TGG GGG GGA GAT ATT TTA TAC ACA CAG AGG GGC GCA CAT ATG TGA GAG AGC GCT CTA TAC ACT CTG TGT GTG TGC GCC CCG CGG GGC GCC CCT CTA TAC ACA CAA AAA AAA AAA AAT ATC TCT CTT TTA TAA AAA AAC ACA CAA AAA AAA AAA AAA AAG AGT GTT TTG TGT GTA TAA AAT ATA TAC ACA CAC ACT CTA TAG AGC GCT CTG TGA GAT ATC TCA CAC ACT CTG TGT GTA TAG AGT GTG TGA GAA AAA AAA AAT ATG TGA GAA AAA AAA AAT ATG TGC GCG CGT GTA TAT ATT TTT TTG TGT GTG TGA GAG	22222222212222222222222222222222122222222222222222222222222222222222222222222222222212222222222222222222222222222222222222222222222222222222222222222222212222222222	Neuron	37264
CAC ACA CAG AGC GCT CTT TTG TGC GCC CCG CGT GTC TCC CCA CAA AAA AAT ATA TAG AGG GGG GGA GAG AGA GAC ACA CAC ACA CAG AGC GCG CGT GTC TCA CAG AGA GAG AGA GAC ACA CAA AAA AAT ATC TCC CCT CTG TGC GCG CGC GCC CCT CTT TTA TAT ATT TTT TTT TTG TGG GGT GTG TGG GGG GGA GAG AGA GAA AAA AAA AAA AAA AAA AAA AAA AAT ATC TCA CAC ACA CAA AAG AGG GGA GAT ATA TAC ACT CTT TTT TTT TTG TGT GTG TGG GGA GAT ATG TGG GGG GGA GAA AAG AGG GGA GAA AAA AAC ACA CAT ATT TTT TTC TCT CTG TGA GAA AAA AAT ATA TAA AAA AAA AAA AAC ACA CAC ACC CCA CAT ATT TTT TTG TGA GAT ATT TTG TGA GAG AGG GGC GCA CAT ATG TGT GTC TCC CCC CCC CCC CCA CAT ATC TCT CTC TCC CCA CAA AAT ATC TCA CAG AGA GAT ATT TTC TCT CTG TGA GAG AGG GGG GGA GAC ACT CTC TCA CAG AGG GGT GTG TGC GCT CTT TTG TGT GTT TTC TCC CCA	2222222220222222222222222222220222222222222222220222222222222222222222222222222222222222222222222222222222222222222222222222222222222222222222222222222222222222222222222222222222222222222222	Neuron	34902
AGT GTG TGA GAG AGT GTT TTC TCA CAC ACG CGT GTA TAG AGT GTG TGT GTA TAC ACA CAC ACG CGG GGG GGT GTT TTG TGA GAG AGC GCT CTG TGA GAT ATC TCA CAG AGA GAA AAC ACT CTC TCC CCC CCA CAC ACC CCC CCA CAA AAC ACC CCC CCT CTC TCC CCC CCT CTC TCT CTG TGC GCC CCC CCC CCA CAT ATC TCC CCA CAA AAG AGG GGC GCG CGT GTT TTT TTA TAT ATT TTC TCC CCT CTT	222222222022222222220222222222222222222222222222222222222222222222222222202222222222	Oligodend	36472
CCC CCA CAG AGC GCA CAC ACA CAG AGC GCG CGC GCC CCT CTG TGG GGA GAA AAG AGT GTC TCG CGG GGC GCA CAG AGG GGT GTG TGC GCT CTC	2222222220222222222202222222222	Neuron	35110
GGT GTG TGG GGC GCG CGG GGG GGC GCG CGC GCC CCT CTA TAT ATA TAG AGT GTC TCC CCC CCA CAG AGC GCT CTA TAC ACT CTC TCG CGG GGG GGA GAG AGG GGC GCT CTG TGA GAG AGG GGC GCA CAG AGG GGA GAG AGA GAA AAT ATG TGG GGC GCG CGG GGT GTG TGA GAA AAC ACC CCC CCG CGG GGG GGA GAG AGG GGC GCG CGG GGA GAG AGC GCT CTT TTG TGC GCA CAG AGT GTG TGA GAG AGC GCC CCG CGA GAG AGA GAT ATC TCG CGC GCG CGC GCC CCA CAC ACT CTG TGC GCG CGC GCT CTG TGC GCA CAG AGC GCC CCT CTG	2222022202222222222222222222022222222222222222222222022222222022222202222222222222222122222120222222212222222222	Heart-Cardio	26147
CTG TGG GGA GAG AGT GTT TTT TTA TAC ACG CGC GCC CCG CGA GAG AGA GAT ATG TGC GCG CGT GTT TTG TGG GGC GCA CAC ACG CGC GCG CGT GTC TCG CGC GCT CTT TTC TCT CTT TTC TCT CTT TTC TCT CTG TGC GCT CTT TTC TCC CCT CTC TCC CCA CAG AGC GCT CTG TGG GGC GCG CGT GTT TTT TTA TAA AAG AGC GCT CTG TGC GCT CTT TTC TCA CAT ATC TCC CCG CGA GAG AGC GCG CGT GTT TTG TGG GGC GCC CCT CTT TTC TCT CTC TCC CCA CAT ATC TCT CTT TTG TGG GGG GGG GGA GAG AGG GGG GGT GTA TAC ACA CAT ATG TGA GAA AAC ACC CCA CAA AAA AAA AAC ACA CAA AAA AAC ACC CCA CAA AAA AAC ACT CTG TGG GGT GTG TGA GAA AAT ATC TCC CCA CAG AGT GTG TGT GTC TCG CGG GGC GCC CCT CTC TCT CTC TCT CTG TGT	222222222122022222202222222020220222222222222222222222222222022222222222222222022202222222222222222222222222222222222222222222222222222222222222222202222222222	Neuron	35088
TGA GAG AGG GGA GAA AAC ACA CAG AGC GCG CGG GGC GCT CTC TCT CTT TTG TGC GCT CTC TCT CTG TGC GCC CCA CAG AGG GGC GCG CGG GGA GAC ACC CCA CAC ACA CAG AGG GGC GCC CCC CCC CCA CAC ACA CAT ATC TCC CCA CAT ATC TCC CCA CAC ACC CCA CAG AGC GCC CCA CAG AGT GTC TCC CCC CCA CAT ATC TCA CAG AGC GCT CTC TCT CTA TAC ACC CCT CTT TTG TGA GAA AAA AAC ACA CAG AGA GAG AGC GCC CCA CAG AGC GCA CAT ATC TCT CTG TGA GAC ACC CCC CCC CCT CTG TGG GGC GCC CCA CAC ACC CCA CAC ACC CCG CGC GCC CCA CAC ACC CCA CAC ACA CAA AAG AGC GCA CAC ACA CAA AAG AGT GTG TGA GAT ATG TGT GTT TTC TCT CTG TGG GGT GTA TAA AAA AAT ATG TGC GCT CTC TCA CAA AAC ACA CAG AGC GCC CCA CAG AGC GCT CTC TCT CTC TCT CTG TGG GGG GGG GGC GCG CGC GCA CAG AGA GAG AGG GGC GCA CAG AGG	22222222212222222222222222221222222222222222222222222222222222222222222222222222222222222222222222222222222222222212222222222222222222222222222222222222222222222222222222212222222222	Oligodend	25523
AGA GAG AGA GAC ACA CAA AAC ACA CAC ACG CGC GCA CAA AAC ACA CAT ATC TCA CAA AAC ACA CAA AAC ACA CAC ACG CGT GTT TTT TTA TAG AGC GCC CCC CCT CTG TGG GGA GAA AAC ACT CTG TGC GCT CTA TAA AAC ACG CGA GAA AAC ACA CAT ATA TAC ACA CAG AGT GTA TAC ACA CAG AGT GTG TGG GGT GTG TGT GTA TAA AAT ATT TTA TAC ACA CAA AAT ATT TTA TAC ACA CAT ATC TCT CTG TGA GAG AGA GAA AAG AGT GTA TAT ATG TGC GCT CTC TCA CAG AGC GCA CAG AGA GAT ATC TCG CGA GAT ATG TGA GAG AGA GAC ACA CAC ACA CAT ATT TTG TGA GAA AAA AAA AAC ACT CTG TGC GCA CAG AGC GCG CGC GCC CCT CTG TGC GCA CAG AGC GCT CTG TGG GGC GCA CAT ATT TTG TGG GGC GCC CCA CAA AAC ACA CAG AGA GAA AAA AAG AGG GGG GGC GCC CCC CCA CAA AAT ATT TTC TCT CTT TTC TCT CTC TCC CCA CAC ACG CGA GAC ACA CAA AAC ACG CGC GCC CCT CTG TGA GAC ACT CTG TGC GCA CAC ACG CGT GTC TCA CAC ACA CAC ACA CAA AAC ACC	22222222212222222222222221222222222222222222222022222222222222222222222222222222222222222222222222222222202222222222222222222222220222222222222222222222222222222222222222222222202222202222222222212222222222	Oligodend	37162
CCT CTG TGC GCA CAT ATG TGT GTC TCC CCG CGG GGC GCA CAT ATG TGC GCG CGT GTT TTG TGA GAA AAT ATG TGA GAG AGC GCA CAG AGA GAA AAT ATG TGT GTG TGT GTT TTG TGA GAA AAT ATG TGC GCG CGT GTT TTG TGA GAA AAT ATG TGT GTG TGC GCT CTG TGA GAG AGT GTG TGG GGG GGT GTT TTG TGA GAG AGT GTG TGA GAG AGC GCT CTG TGA GAA AAT ATG TGG GGG GGA GAA AAG AGC GCT CTT TTT TTC TCA CAA AAA AAG AGG GGT GTG TGG GGT GTA TAA AAT ATC TCC CCA CAG AGC GCA CAC ACT CTG TGA GAT ATA TAA AAG AGC GCA CAT ATA TAG AGC GCA CAT ATT TTT TTG TGT GTT TTG TGA GAA AAG AGC GCT CTC TCG CGC GCA CAA AAC ACT CTC TCC CCT CTT TTC TCT CTC TCC CCT CTT TTT TTT TTC TCT CTT TTT TTC TCT CTC TCC CCC CCT CTC TCT CTC TCT CTC TCG CGC GCT CTC TCT CTC TCT CTA TAT ATC TCT CTC TCC CCT CTC TCT CTA TAT ATC TCA CAC ACG CGT GTT TTC TCT CTC	22222222202222220222222222222222222222222220222222222222222222222222222222222222222222222222222222222222222222222222222222222222222222022222222222222222222222222222222022222222222222222222022222	Heart-Cardio	25982
AGG GGA GAG AGA GAA AAG AGC GCA CAC ACG CGC GCC CCC CCG CGG GGC GCG CGT GTA TAT ATC TCC CCT CTT TTG TGG GGC GCC CCG CGG GGC GCT CTC TCT CTT TTG TGG GGA GAC ACC CCC CCA CAG AGG GGA GAG AGT GTT TTG TGG GGG GGT GTG TGT GTG TGG GGA GAT ATG TGT GTG TGG GGG GGA GAG AGC GCA CAG AGC GCG CGT GTA TAG AGT GTG TGC GCT CTG TGC GCA CAG AGG GGT GTG TGG GGC GCC CCT CTG TGC GCG CGG GGT GTC TCA CAG AGC GCT CTG TGT GTG	22222222202220220222222222221222222222222222222222222222222222222222202222222222222222222202222222222	Oligodend	36634
GCC CCT CTC TCA CAG AGC GCG CGT GTC TCC CCC CCA CAA AAG AGT GTA TAG AGC GCT CTG TGG GGG GGA GAC ACC CCA CAC ACA CAC ACG CGG GGT GTG TGT GTG TGC GCC CCA CAG AGG	2222221222222222222222222222212222222222	Neuron	25641
CAG AGG GGA GAT ATC TCT CTG TGC GCC CCG CGT GTA TAA AAC ACC CCA CAT ATA TAG AGC GCA CAA AAC ACC CCA CAG AGG GGG GGC GCA CAT ATT TTC TCT CTT TTG TGC GCT CTG TGG GGT GTG TGA GAG AGA GAA AAG AGT GTT TTG TGC GCG CGA GAT ATG TGC GCT CTT TTC TCC CCC CCA CAG AGC GCC CCG CGG GGA GAC ACT CTG TGC GCA CAG AGA GAC ACA CAC ACC CCC CCT CTC TCT CTG TGA GAG AGA GAT ATT TTC TCC CCC CCA CAC ACG CGG GGC GCC CCG CGC GCC CCG CGT GTC TCT CTG TGC GCC CCC CCT CTG TGT GTC TCT CTG TGC GCC CCG CGC GCT CTC TCA CAC ACT CTT TTC TCG CGG GGG GGC GCT CTC TCC CCG CGA GAC ACG	22222222212222222222222222222222222222222222222222212222222222222122222222222222222222222222221222122122222222222222202222222212222221220	Heart-Cardio	34426
GCG CGC GCG CGA GAT ATC TCT CTC TCC CCA CAG AGG GGA GAG AGC GCA CAG AGG GGG GGG GGG GGA GAT ATG TGG GGT GTG TGG GGT GTG TGT GTT TTC TCT CTG TGT GTC TCC CCG	121222222222222222222222222222222222221	Neuron	26084
CTG TGG GGA GAC ACA CAC ACC CCC CCC CCG CGT GTG TGA GAC ACC CCC CCT CTC TCA CAT ATG TGC GCA CAA AAT ATG TGT GTG TGC GCA CAG AGA GAT ATG TGT GTG TGA GAG AGA GAG AGC GCT CTC TCC CCC CCA CAC ACT CTT TTA TAA AAG AGG GGC GCA CAG AGG GGC GCA CAC ACC CCC CCT CTT TTA TAA AAG AGG GGT GTT TTG TGT GTT TTG TGG GGA GAG AGT GTG TGA GAC ACG CGC GCC CCA CAC ACT CTG TGA GAG AGC GCT CTC TCC CCT CTC TCC CCC CCG CGG GGC GCT CTG TGC GCT CTC TCT CTG TGT GTG TGG GGA GAC ACT CTT TTG TGT GTT TTG TGG GGG GGG GGA GAA AAG AGA GAA AAG AGC GCC CCT CTC TCA CAG AGC GCC CCA CAC ACC CCC CCT CTG TGA GAA	222222222022222222222222222222222222222222222222222222222222222222222222222222222022222222222222220222222222222222222222222222222222222222222222	Heart-Cardio	25442
CAC ACA CAT ATG TGC GCC CCC CCT CTC TCG CGA GAG AGT GTC TCT CTC TCC CCA CAC ACT CTG TGG GGC GCA CAC ACA CAA AAC ACA CAG AGA GAA AAC ACG CGC GCA CAA AAC ACC CCC CCA CAC ACT CTT TTG TGT GTT TTG TGA GAG AGC GCT CTC TCT CTA TAG AGT GTC TCA CAT ATG TGC GCC CCT CTT TTA TAG AGT GTG TGG GGG GGT GTG TGA GAG AGG GGG GGA GAA AAA AAG AGG GGG GGA GAC ACA CAG AGG GGA GAG AGG GGA GAT ATG TGG GGT GTG TGA GAC ACC CCC CCC CCT CTC TCT CTG TGA GAA AAT ATA TAG AGA GAG AGG GGA GAG AGC GCA CAA AAA AAC ACT CTG TGA GAG AGT GTC TCC CCC CCT CTG TGG GGG GGA GAG AGA GAA AAG AGG GGA GAC ACT CTA TAT ATG TGC GCC CCC CCA CAG AGT GTT TTT TTA TAC ACC CCC CCA CAG AGG GGG GGC GCA CAT ATA TAG AGC GCG CGA GAG AGG GGA GAG AGC GCA CAC ACT CTG	2222222220222222222222222222222220222222222222222222222222222222222222222222222222222222222222222222222222222222222222222222222222222222222222222222222222222222222222202222222222	Oligodend	36618
GTC TCA CAG AGA GAG AGA GAA AAG AGC GCG CGC GCG CGT GTG TGA GAG AGA GAA AAA AAT ATT TTT TTG TGA GAA AAA AAT ATG TGA GAA AAG AGG GGC GCA CAT ATT TTT TTG TGT GTT TTA TAA AAT ATA TAC ACA CAA AAG AGA GAT ATG TGC GCA CAA AAC ACG CGC GCA CAC ACA CAG AGC GCA CAC ACT CTC TCT CTG TGT GTC TCT CTG TGA GAG AGG GGC GCT CTT TTT TTG TGG GGT GTA TAA AAA AAA AAA AAG AGT GTA TAA AAA AAG AGG GGG GGG GGA GAA AAG AGA GAA AAA AAG AGA GAA AAC ACT CTT TTG TGA GAC ACA CAG AGA GAT ATC TCT CTT TTT TTT TTT TTC TCA CAA AAC ACT CTC TCA CAA AAA AAT ATT TTA TAA AAT ATG TGG GGT GTA TAA AAC ACG CGA GAT ATG TGA GAT ATG TGC GCT CTG TGT	22222222202022222222222222222222222222222222222222222220222222222222222222222222222222222222222222222222222222222222222222222222222222222222202222222222	Oligodend	37010
GTG TGT GTA TAG AGA GAG AGC GCG CGT GTG TGC GCG CGG GGT GTG TGG GGC GCA CAT ATC TCA CAC ACT CTG TGC GCC CCT CTA TAA AAC ACA CAG AGA GAT ATT TTT TTA TAG AGC GCC CCA CAC ACG	2222222022212222222222222222222222222222220	Heart-Cardio	25452
ATC TCT CTT TTA TAG AGC GCC CCT CTC TCG CGT GTG TGT GTG TGG GGT GTG TGG GGC GCA CAC ACA CAT ATG TGC GCC CCT CTG TGT GTA TAG AGT GTT TTC TCC CCA CAG AGC GCT CTA TAC ACT CTC TCG CGG GGG GGA GAG AGA GAG AGT GTC TCT CTC TCA CAC ACT CTG TGT GTG TGT GTC TCG CGC GCC CCC CCA CAG AGG GGC GCT CTG TGG	2222222220222222222222222222222222222222222022222222222222222202222222222	Oligodend	36534
AGG GGA GAG AGG GGC GCT CTG TGG GGC GCG CGC GCC CCG CGG GGC GCC CCA CAC ACG CGC GCG CGG GGG GGC GCT CTG TGA GAG AGA GAA AAG AGG GGT GTG TGA GAT ATG TGC GCT CTG TGC GCC CCA CAC ACC CCT CTG TGC GCA CAA AAA AAG AGG GGC GCA CAG AGG GGG GGG GGC GCG CGA GAC ACA CAG AGG GGC GCC CCC CCG CGG GGC GCT CTT TTG TGG GGG GGG GGA GAG AGT GTG TGT GTC TCC CCT CTG TGC GCT CTG TGC GCC CCC CCC CCC CCC CCC CCT CTT TTC TCC CCC CCA CAC ACC CCC CCC CCA CAA AAT ATG TGC GCT CTG TGG GGG GGC GCA CAC ACA CAG AGC GCA CAG AGC GCT CTC TCA CAC ACA CAC ACT CTC TCA CAC ACC CCC CCA CAC ACG CGG GGT GTC TCA CAC ACC CCT CTC	2222222220221222221212222222222222222222222222222222222222221222222221222222222222222222222222222222222222222222222222222222222222222222222122222222	Neuron	25432
TGT GTT TTC TCA CAA AAG AGT GTT TTC TCG CGC GCT CTA TAA AAC ACT CTA TAA AAT ATC TCA CAC ACC CCC CCA CAG AGT GTA TAT ATC TCC CCA CAT ATG TGC GCT CTA TAT ATC TCG CGC GCT CTG TGG GGC GCC CCC CCT CTT TTC TCT CTG TGT GTG TGG GGC GCC CCT CTA TAT ATT TTT TTT TTT TTA TAT ATA TAC ACT CTG TGT GTT TTC TCA CAC ACT CTG TGT GTT TTC TCA CAG AGT GTG TGT GTC TCA CAC ACT CTT TTG TGT GTT TTT TTG TGG GGT GTA TAA AAC ACA CAC ACT CTC TCA CAA AAC ACA CAT ATC TCA CAA AAC ACA CAT ATG TGT GTG TGC GCT CTA TAC ACC CCA CAA AAA AAT ATT TTG TGA GAC ACA CAC ACC CCA CAG AGA GAG AGG GGA GAC ACA CAA AAA AAA AAA AAA AAG AGA GAA AAT ATC TCA CAA AAG AGA GAT ATA TAT ATG TGT GTA TAC ACA CAG AGC GCC CCT CTG TGC GCT CTT TTT TTG TGT GTA TAC ACT CTG TGA GAG AGC GCC CCA CAG AGC GCT CTG TGC GCC CCA CAC ACT CTA TAG AGA GAT ATG TGT GTT TTT TTT TTT TTT TTG TGT GTG TGA GAT ATA TAA AAT ATG TGA GAA AAC ACA CAC ACG CGT GTG TGA GAG AGG GGC GCC CCA CAT ATG	2222222221222222222222222222222222222221222222222222222222222222222222222222222222222222222222222222222222222222222222222222222222222222222222222222222222222222222222222222222222222222222222222222222222222222222222222202222222222	Neuron	25359
AGA GAC ACC CCT CTG TGT GTT TTC TCC CCG CGA GAG AGA GAG AGC GCT CTC TCT CTG TGC GCT CTT TTC TCC CCA CAT ATC TCT CTG TGG GGA GAC ACA CAA AAC ACC CCC CCC CCC CCC CCA CAC ACA CAC ACT CTT TTA TAC ACA CAG AGC GCC CCA CAT ATA TAA AAA AAT ATG TGC GCA CAT ATT TTG TGG GGC GCA CAC ACT CTG TGA GAG AGA GAA AAA AAG AGA GAC ACT CTG TGC GCT CTG TGA GAG AGG GGA GAG AGG GGT GTG TGG GGC GCA CAC ACT CTC TCC CCA CAG AGG GGT GTG TGT GTG TGG GGC GCT CTT TTT TTA TAT ATG TGT GTG TGT GTC TCA CAC ACT CTT TTC TCA CAC ACC CCA CAG AGG GGT GTC TCA CAG AGC GCT CTA	222222222022222222222222222222222222222222222222222222222222222222222222222222222222222222222222222222222222222222222222222222222222222	Oligodend	34641
ATG TGG GGA GAG AGA GAA AAA AAA AAC ACG CGC GCC CCA CAT ATC TCC CCT CTG TGC GCT CTT TTT TTC TCT CTG TGT GTG TGG GGG GGA GAC ACC CCG CGC GCT CTG TGA GAC ACA CAG AGA GAG AGG GGA GAG AGG GGG GGG GGT GTG TGC GCT CTG TGG GGT GTC TCT CTG TGC GCC CCT CTT TTC TCT CTC TCT CTG TGT GTG TGA GAG AGC GCT CTG TGT GTG TGC GCC CCT CTT TTG TGG GGG GGT GTA TAC ACT CTG TGC GCA CAC ACC CCA CAT ATC TCC CCT CTG TGC GCT CTT TTT TTG TGC GCG CGT GTG TGA GAG AGG GGC GCT CTG TGC GCT CTG TGA GAC ACG CGG GGA GAG AGG GGA GAG AGG GGG GGG GGT GTG TGC GCT CTG TGG GGT GTC TCT CTG TGC GCC CCT CTT TTC TCT CTC TCT CTG TGT GTG TGA GAG AGC GCT CTG TGT GTG TGC GCC CCT CTT TTG TGG GGG GGT GTA TAC ACT CTG TGC GCA CAC ACC CCA CAT ATC TCC CCT CTG TGC GCT CTT TTT TTG TGC GCG	22222222212222222222222222222222122222222222222222222222222222222222222222222222222222222222222222222222122222222222221222222222222222222222222222222222222222222222222222222222222222221	Heart-Cardio	34864
GCT CTG TGA GAG AGC GCA CAA AAC ACG CGC GCA CAA AAA AAA AAG AGC GCG CGT GTG TGT GTC TCG CGG GGG GGT GTT TTT TTA TAT ATT TTT TTA TAC ACT CTC TCA CAC ACA CAA AAC ACG CGA GAT ATG TGT GTC TCT CTT TTC TCT CTA TAA AAA AAC ACC CCA CAA AAA AAA AAA AAT ATA TAC ACT CTT TTG TGA GAC ACG CGG GGG GGG GGC GCC CCT CTT TTT TTC TCT CTT TTT TTC TCT CTG TGT GTT TTT TTT TTC TCC CCG	2222222212222222122221222222222222222222122222222222222222222222222202222222222222222222220	Oligodend	34615
TGG GGA GAT ATT TTT TTA TAA AAT ATT TTT TTG TGC GCA CAT ATT TTC TCT CTT TTC TCC CCA CAG AGA GAA AAG AGT GTA TAG AGA GAG AGG GGG GGG GGA GAG AGC GCA CAA AAA AAT ATT TTG TGG GGT GTA TAT ATC TCA CAT ATA TAA AAG AGA GAG AGA GAT ATG TGG GGT GTT TTA TAA AAT ATG TGA GAA AAA AAA AAA AAA AAA AAA AAT ATC TCA CAG AGT GTC TCC CCT CTT TTA TAC ACT CTG TGA GAA AAG AGC GCA CAT ATC TCT CTT TTT TTT TTA TAA AAG AGA GAC ACT CTA TAC ACT CTT TTT TTT TTC TCA CAG AGG GGA GAT ATA TAC ACA CAT ATA TAT ATA TAC ACC CCT CTA TAC ACA CAT ATA TAG AGA GAC ACA CAT ATA TAT ATA TAA AAT ATT TTC TCC CCT CTG TGC GCT CTT TTG TGG GGA GAA AAG AGT GTT TTA TAA AAT ATT TTG TGC GCA CAA AAG AGT GTT TTT TTC TCC CCA CAT ATT TTT TTT TTC TCC CCA	22222222222222222222222222222222222222222222222222222222222222222222222222222222222222222222222222222222222222222222222222222222222222222222222222222222222222222222222222222222	Heart-Cardio	34375
TAA AAT ATT TTT TTC TCT CTA TAA AAT ATT TTT TTT TTT TTA TAA AAA AAT ATT TTG TGA GAT ATC TCA CAG AGA GAA AAC ACA CAA AAT ATA TAT ATA TAT ATT TTT TTC TCT CTA TAT ATG TGA GAT ATA TAT ATA TAA AAG AGT GTT TTC TCT CTT TTT TTG TGG GGA GAA AAG AGG GGT GTG TGT GTT TTA TAA AAT ATG TGT GTT TTT TTT TTC TCT CTT TTT TTG TGT GTG TGG GGG GGC GCT CTA TAG AGA GAA AAC ACA CAG AGA GAG AGT GTT TTT TTG TGG GGA GAA AAA AAA AAC ACT CTT TTT TTT TTC TCT CTT TTT TTA TAG AGA GAA AAG AGA GAT ATC TCA CAC ACG CGT GTA TAG AGT GTA TAA AAA AAT ATA TAT	22222222222222222222222222222222222222222222222222222222222222222222222222222222222222222222222222222222222222222222222212222222222	Heart-Cardio	36806
GAT ATG TGG GGG GGG GGA GAA AAA AAC ACG CGG GGC GCA CAG AGT GTG TGC GCA CAG AGA GAG AGA GAG AGG GGC GCA CAG AGC GCA CAA AAG AGG GGA GAG AGC GCA CAG AGG GGC GCA CAT ATT TTG TGT GTC TCC CCC CCA CAT ATG TGC GCC CCA CAG AGT GTC TCA CAG AGT GTA TAG AGT GTC TCA CAG AGT GTG TGG GGC GCC CCG	22222222202222222222222222222222222222222222222222222222222222222222220	Neuron	35254
GGC GCC CCA CAC ACG CGG GGT GTG TGG GGC GCT CTT TTC TCC CCT CTG TGG GGA GAG AGG GGC GCC CCG CGA GAG AGG GGG GGG GGA GAG AGG GGA GAG AGG GGG GGG GGG GGA GAA AAG AGC GCA CAA AAA AAT ATA TAA AAA AAG AGG GGG GGA GAA AAA AAA AAG AGA GAC ACT CTG TGC GCG CGG GGG GGG GGC GCA CAG AGC GCA CAG AGA GAG AGC GCA CAG AGC GCA CAG AGA GAA AAA AAT ATC TCG CGG GGA GAG AGT GTG TGT GTG TGA GAG AGA	22221222222222222222220222222222222222222222222222222222222221222222222222222222222202222222222	Oligodend	34584
CTC TCA CAC ACT CTC TCT CTG TGT GTC TCG CGC GCT CTC TCA CAG AGG GGC GCT CTG TGG GGA GAG AGT GTG TGT GTA TAG AGT GTG TGG GGC GCG CGC GCA CAA AAT ATC TCT CTC TCG CGG GGC GCT CTC TCA CAC ACT CTG TGC GCA CAA AAC ACC CCT CTC TCT CTA TAC ACC CCT CTC TCC CCT CTG TGG GGG GGT GTT TTC TCA CAA AAG AGC GCA CAG AGT GTT TTC TCT CTC TCT CTG TGC GCT CTT TTC TCA CAG AGC GCT CTT TTC TCC CCC CCA CAA AAA AAT ATA TAG AGC GCT CTG TGG GGG GGA GAT ATT TTA TAC ACA CAG AGG GGC GCA CAC ACC CCC CCG CGC GCC CCA CAC ACC CCA CAG AGA GAC ACC	222222222022222222222222222222202222222022222222222222222222222222222222222222222222222222222222222222222222222222222212222222222	Heart-Cardio	25823
GCC CCG CGT GTT TTG TGC GCT CTC TCT CTC TCA CAG AGA GAT ATG TGC GCT CTG TGG GGT GTT TTC TCA CAT ATG TGT GTG TGC GCG CGG GGC GCT CTG TGT GTC TCA CAC ACA CAT ATC TCA CAT ATC TCC CCT CTC TCC CCT CTC TCC CCT CTT TTC TCC CCC CCC CCG CGG GGA GAG AGC GCC CCG	202222222222222222222222222212222222222222222222222222220222220	Neuron	35037
GCT CTA TAC ACT CTC TCT CTC TCC CCC CCG CGA GAG AGC GCC CCA CAG AGG GGA GAG AGC GCT CTC TCT CTA TAA AAG AGG GGT GTG TGT GTT TTT TTT TTC TCA CAT ATT TTG TGT GTT TTG TGA GAA AAA AAT ATC TCC CCA CAA AAG AGG GGG GGT GTT TTC TCT CTG TGA GAT ATT TTT TTA TAG AGG GGC GCT CTT TTG TGG GGC GCT CTG TGG GGC GCA CAC ACG	22222222212222222222222222222222222222222222222222222222222222222222222222220	Neuron	25530
GGA GAG AGT GTT TTT TTT TTC TCT CTC TCG CGC GCT CTG TGC GCA CAA AAC ACC CCC CCA CAC ACG CGT GTT TTG TGC GCA CAC ACT CTT TTG TGA GAA AAA AAT ATT TTA TAA AAT ATC TCT CTG TGA GAC ACT CTT TTC TCT CTG TGA GAG AGC GCC CCT CTT TTC TCA CAG AGA GAC ACC CCC CCT CTA TAC ACG CGG GGC GCA CAC ACT CTT TTA TAA AAA AAC ACG CGG GGC GCC CCC CCC CCA CAA AAC ACC CCT CTC TCA CAC ACC CCC CCG CGT GTC TCA CAC ACC CCC CCT CTC TCA CAG	2222222221222222222221222222222222222222222222222222222222222222202222222222122222222222222212222222222	Neuron	25637
GGT GTG TGA GAC ACA CAG AGA GAG AGC GCG CGA GAG AGA GAC ACT CTC TCT CTG TGT GTC TCT CTC TCA CAA AAA AAG AGG GGA GAA AAA AAA AAA AAA AAA AAA AAA AAA AAA AAC ACA CAA AAT ATC TCA CAT ATG TGT GTC TCT CTT TTA TAC ACA CAA AAA AAG AGA GAA AAA AAT ATA TAG AGT GTG TGA GAA AAT ATT TTG TGA GAC ACT CTC TCA CAG AGT GTG TGA GAT ATA TAG AGC GCA CAA AAT ATT TTG TGA GAG AGC GCC CCC CCC CCA CAC ACA CAC ACA CAC ACA CAG AGT GTG TGA GAA AAA AAC ACC CCA CAG AGC GCC CCC CCA CAG AGG GGC GCC CCT CTG TGC GCT CTG TGT GTG TGG GGG GGC GCC CCA CAG AGG GGC GCA CAG AGC GCC CCC CCA CAG AGC GCG CGT GTG TGT GTG TGC GCA CAC ACC CCA CAG	22222222202222222222222222222222222222222222222222222222222222222222222222222222222222222222222222222222222222222222222222222222222222222222202222222222	Oligodend	36772
TAG AGC GCT CTC TCT CTG TGT GTT TTC TCG CGC GCT CTT TTG TGG GGA GAA AAA AAT ATT TTG TGC GCT CTA TAG AGG GGA GAA AAA AAT ATT TTG TGA GAA AAG AGG GGA GAC ACA CAG AGA GAA AAC ACA CAA AAT ATA TAA AAA AAC ACT CTG TGA GAA AAC ACG CGT GTT TTG TGT GTT TTT TTA TAA AAA AAA AAC ACA CAA AAA AAG AGC GCC CCC CCT CTC TCT CTC TCT CTG TGC GCC CCT CTC TCG CGG GGG GGA GAA AAT ATT TTT TTC TCA CAT ATA TAC ACC CCG CGT GTA TAT ATT TTG TGC GCT CTG TGC GCC CCT CTT TTG TGC GCT CTT TTT TTC TCT CTG TGT GTC TCA CAC ACT CTG TGA GAG AGC GCA CAC ACT CTG TGG GGG GGC GCC CCC CCT CTC TCT CTG TGC GCT CTC TCT CTC TCT CTA TAC ACT CTA TAC ACT CTT TTA TAC ACT CTT TTT TTT TTA TAC ACT CTA TAA AAA AAT ATA TAC ACT CTC TCT CTT TTC TCT CTC TCT CTC TCC CCT CTA	2222222221222222222222222222222222222222222222222222222122222222222222222222222222221222222222222202222222222222222222222222222222222222222222222222222222222222222222222222222222222	Heart-Cardio	36779
TGA GAG AGC GCC CCA CAC ACT CTA TAC ACG CGC GCC CCC CCG CGA GAC ACA CAC ACA CAC ACT CTT TTT TTT TTA TAT ATG TGT GTC TCA CAG AGT GTC TCT CTC TCA CAC ACC CCC CCT CTT TTT TTT TTA TAT ATT TTA TAT ATT TTT TTA TAT ATC TCA CAG AGC GCA CAC ACC CCC CCA CAT ATT TTC TCA CAC ACT CTT TTC TCT CTA TAG AGC GCT CTG TGT GTC TCG CGA GAC ACA CAC ACT CTG TGT GTC TCA CAG AGC GCC CCT CTC TCT CTG TGC GCG	222222222022202222222222222222222222222222222222222222222222222222222222222220222222222222222220	Heart-Cardio	25716
AAG AGG GGA GAA AAG AGG GGG GGA GAC ACG CGG GGA GAG AGG GGA GAA AAA AAG AGA GAA AAG AGT GTG TGG GGC GCC CCA CAG AGC GCG CGT GTT TTG TGT GTT TTG TGG GGA GAG AGA	2222222220222222222222222222202222222222	Neuron	34518
GTC TCT CTC TCT CTC TCG CGC GCT CTT TTT TTC TCA CAT ATT TTC TCT CTA TAC ACT CTT TTC TCA CAT ATA TAC ACC CCC CCT CTC TCA CAT ATC TCA CAC ACC CCT CTT TTT TTA TAA AAC ACT CTT TTG TGT GTG TGA GAT ATG TGC GCT CTG TGG GGC GCT CTA TAT ATC TCC CCT CTC TCA CAC ACC CCC CCT CTT TTC TCT CTC TCT CTC TCT CTC TCC CCG CGT GTG TGT GTT TTC TCT CTG TGA GAT ATA TAA AAA AAC ACC CCT CTA TAG AGC GCC CCC CCC CCA CAG AGT GTT TTT TTA TAA AAA AAT ATC TCA CAC ACG CGT GTT TTA TAA AAA AAC	22222022222222222222222222222222222222222222222222222222222222222222222222212222222222222222222222222222222221222222	Neuron	25473
CTG TGA GAG AGC GCC CCC CCT CTC TCC CCG CGT GTT TTG TGT GTG TGG GGA GAA AAA AAT ATG TGG GGA GAA AAA AAC ACA CAC ACA CAG AGA GAT ATA TAG AGA GAA AAC ACA CAC ACT CTT TTG TGT GTT TTG TGA GAC ACC CCA CAC ACT CTG TGT GTG TGT GTC TCA CAG AGC GCT CTG TGC GCT CTG TGT GTG TGG GGA GAC ACC CCA CAA AAA AAA AAT ATA TAC ACA CAC ACA CAG AGG GGA GAT ATG TGC GCT CTG TGT GTG TGT GTG TGA GAG AGT GTT TTT TTA TAG AGA GAC ACA CAC ACA CAC ACT CTT TTT TTT TTG TGT GTC TCC CCA CAG AGG GGT GTG TGA GAA AAG AGG GGG GGT GTC TCA CAG AGG GGG GGA GAA AAG AGA GAC ACA CAT ATC TCC CCT CTG TGA GAA AAG AGG GGC GCA CAT ATG TGG GGG GGT GTT TTC TCC CCA CAG AGG GGT GTT TTG TGA GAG AGA GAG AGA GAT ATC TCA CAT ATT TTC TCC CCT CTC TCC CCT CTT TTT TTG TGA GAC ACC CCA CAG AGT GTG TGA GAT ATG TGT GTG TGG GGA GAG AGG GGA GAA AAG AGG GGG GGC GCA CAT ATC TCG CGA GAG AGA GAA AAG AGT GTC TCC CCA CAC	22222222212222222222222222222222222222222222222222222222222222222222222222222222222222222222222222222222222222222222222222222222222222222222222222222222222222222222222222222222222222222222222222222222222202222222222	Neuron	37098
AGC GCT CTG TGG GGG GGC GCC CCA CAC ACG CGC GCC CCG CGT GTC TCC CCT CTT TTC TCT CTG TGT GTG TGG GGG GGA GAC ACA CAT ATA TAA AAA AAC ACA CAA AAT ATC TCT CTA TAA AAC ACG CGA GAA AAA AAC ACC CCA CAA AAC ACC CCT CTC TCT CTG TGC GCC CCA CAA AAG AGG GGG GGC GCG CGC GCT CTC TCT CTG TGA GAG AGA GAC ACC CCA CAA AAG AGA GAT ATA TAA AAA AAG AGG GGG GGA GAG AGA GAC ACA CAG AGA GAG AGT GTG TGA GAG AGG GGT GTC TCA CAC ACT CTG TGG GGA GAC ACA CAG AGA GAA AAG AGC GCA CAC ACG CGG GGT GTC TCC CCC CCT CTG TGT GTA TAT ATC TCA CAC ACC CCC CCA CAC ACG CGG GGA GAA AAT ATA TAC ACG	222222222122122222222222222222222222222220222222222222222222222022222222222222222222222222222222222222222222222222212222222222222222212222220	Oligodend	25764
TTG TGG GGA GAA AAA AAA AAC ACC CCC CCG CGG GGG GGA GAG AGC GCA CAT ATG TGT GTC TCT CTG TGA GAA AAA AAT ATG TGT GTC TCC CCT CTG TGT GTG TGA GAG AGT GTG TGC GCT CTG TGA GAC ACC CCT CTG TGA GAA AAA AAT ATG TGC GCA CAG AGG GGT GTC TCA CAC ACC CCG CGA GAT ATG TGC GCC CCC CCC CCC CCA CAG AGA GAC ACC CCT CTC TCA CAA AAT ATG TGC GCG CGG GGT GTC TCT CTG TGA GAG AGC GCA CAC ACA CAG AGT GTT TTA TAC ACA CAT ATG TGA GAA AAC ACA CAA AAA AAC ACC CCT CTT TTT TTC TCC CCA CAG AGC GCC CCA CAG AGC GCG CGT GTT TTG TGA GAA AAA AAG AGA GAT ATC TCA CAT ATC TCG CGC GCC CCT CTC TCC	222222222022222222222222222222222222222222222222222222222222022222222222222222222022222222222222222222222222222222222222202222222222222022222	Oligodend	35016
TCC CCA CAC ACC CCC CCA CAC ACC CCC CCG CGA GAA AAA AAC ACA CAA AAG AGC GCA CAC ACA CAC ACA CAC ACT CTG TGG GGG GGA GAC ACA CAA AAT ATC TCT CTG TGA GAG AGG GGG GGT GTG TGC GCT CTC TCA CAC ACG CGT GTC TCT CTG TGC GCC CCG CGG GGT GTG TGA GAT ATA TAA AAG AGG GGA GAG AGG GGT GTG TGT GTT TTC TCA CAT ATT TTT TTG TGC GCA CAT ATG TGA GAT ATG TGG GGC GCA CAT ATT TTT TTG TGT GTG TGC GCA CAT ATA TAA AAA AAA AAT ATG TGG GGT GTA TAC ACT CTG TGC GCT CTC TCC CCA CAG AGA GAA AAG AGT GTG TGG GGT GTT TTC TCT CTA TAG AGT GTG TGC GCC CCC CCT CTG TGT GTC TCT CTT TTC TCA CAC ACC CCC CCT CTA TAG AGT GTG TGT GTG TGG GGC GCA CAG AGG GGC GCC CCG CGA GAT ATG TGG GGA GAA AAC ACA CAG AGA	22222222212222222222222222222222222222222222222122222212222222222222222222222222222222222222222222222222222222222222222222222222222222222222222222222222222212222222222	Oligodend	25599
AAA AAG AGA GAG AGA GAA AAT ATG TGC GCG CGC GCA CAG AGA GAG AGG GGG GGA GAG AGA GAA AAG AGA GAA AAA AAA AAC ACT CTC TCT CTG TGG GGG GGA GAA AAA AAC ACT CTG TGG GGG GGA GAA AAG AGT GTC TCA CAA AAG AGG GGG GGG GGG GGA GAA AAG AGA GAC ACA CAA AAG AGA GAA AAA AAG AGA GAA AAG AGG GGA GAA AAG AGT GTA TAA AAC ACT CTG TGG GGA GAG AGC GCA CAG AGC GCT CTG TGA GAG AGG GGA GAG AGG GGG GGG GGC GCG	2222222220222222222222222222222222222222222222222222222222222222222222222222222222222222222222221	Oligodend	25626
GGA GAG AGA GAG AGA GAA AAG AGG GGC GCG CGG GGA GAA AAA AAT ATA TAT ATT TTT TTA TAT ATC TCT CTA TAC ACC CCA CAA AAC ACA CAC ACT CTT TTG TGT GTC TCC CCC CCT CTT TTG TGC GCT CTG TGA GAT ATG TGG GGA GAA AAG AGG GGG GGC GCC CCA CAT ATT TTG TGA GAA AAG AGG GGT GTT TTA TAA AAT ATT TTC TCG CGC GCT CTG TGA GAC ACA CAC ACT CTT TTG TGC GCT CTG TGA GAC ACT CTA TAC ACC CCC CCG CGG GGA GAC ACT CTA TAA AAG AGC GCA CAC	222222222122222222222222222222222222222222222222222222222222222222222212222222222222222222212222222222	Oligodend	25492
GGT GTT TTA TAG AGT GTC TCA CAT ATC TCG CGC GCG CGC GCC CCT CTG TGG GGG GGG GGG GGT GTG TGT GTG TGT GTT TTT TTT TTT TTT TTT TTC TCC CCA CAG AGC GCC CCA CAC ACA CAG AGT GTC TCA CAG AGC GCT CTA TAC ACA CAT ATG TGT GTG TGT GTG TGT GTG TGG GGG GGC GCA CAT ATG TGA GAA AAC ACT CTA TAG AGG GGC GCA CAA AAA AAG AGA GAG AGC GCT CTG TGG GGC GCT CTT TTT TTC TCA CAC ACC CCG CGG GGC GCA CAT ATT TTG TGT GTG TGT GTT TTT TTT TTT TTA TAC ACC CCA CAG AGG GGA GAC ACA CAC ACT CTA TAA AAA AAA AAC ACA CAA AAA AAG AGT GTG TGA GAA AAA AAT ATA TAC ACG CGG GGA GAC ACA CAA AAG AGG GGC GCA CAA	22222222202022222222222222222222222222222222222222222222222222222222222222222222222222222202222222222222222222222222222222222222222212222222222	Neuron	35062
TCC CCC CCA CAG AGA GAG AGC GCA CAC ACG CGA GAA AAG AGG GGT GTG TGT GTC TCT CTG TGC GCC CCT CTG TGT GTA TAT ATG TGA GAG AGG GGT GTG TGT GTT TTT TTG TGT GTT TTG TGG GGC GCC CCC CCC CCT CTA TAC ACT CTG TGG GGG GGA GAG AGG GGT GTG TGT GTC TCT CTC TCC CCC CCA CAG AGT GTC TCA CAG AGG GGC GCT CTA TAC ACA CAT ATG TGG GGG GGG GGG GGT GTC TCA CAG AGG GGG GGA GAC ACC CCC CCA CAC ACT CTT TTG TGA GAG AGG GGC GCA CAG AGT GTC TCT CTG TGT GTT TTC TCA CAT ATT TTA TAT ATC TCG CGG GGA GAG AGC GCT CTT TTG TGA GAA AAT	222222222022222222222222222222222222222222222222222222222222222222222222222222222222222222222222222222222222222222202222222222	Heart-Cardio	25522
AGG GGA GAG AGA GAG AGC GCT CTG TGC GCG CGG GGG GGT GTG TGC GCT CTG TGG GGC GCC CCC CCT CTG TGG GGC GCC CCC CCA CAC ACG CGG GGC GCG CGA GAG AGC GCT CTG TGG GGC GCA CAT ATG TGC GCC CCA CAT ATG TGC GCC CCG CGT GTC TCC CCT CTG TGA GAC ACC CCG CGC GCC CCT CTC TCC CCC CCT CTC TCC CCT CTC TCT CTC TCC CCC CCT CTC TCA CAG AGG GGT GTC TCC CCC CCG CGT GTT TTT TTA TAA AAT ATG TGG GGA GAT ATT TTC TCT CTG TGA GAC ACA CAT ATG TGG GGA GAT ATT TTA TAT ATG TGA GAA AAA AAG AGG GGC GCC CCA CAA AAA AAC ACG	222222222022222222222222222221220222222222222222221222222221222222222222222222222222122222222222222222222222222222222222220	Oligodend	34990
GAT ATG TGG GGT GTC TCC CCC CCA CAC ACG CGC GCC CCT CTC TCG CGT GTC TCA CAG AGC GCC CCT CTG TGG GGA GAG AGC GCA CAG AGC GCT CTC TCA CAC ACA CAT ATC TCC CCA CAG AGT GTA TAG AGC GCT CTC TCC CCT CTA TAT ATA TAT ATT TTC TCA CAC ACA CAC ACC CCT CTT TTT TTG TGT GTG TGA GAC ACT CTG TGC GCT CTA TAT ATG TGA GAA AAG AGT GTG TGA GAA AAA AAT ATG TGT GTC TCC CCC CCC CCG CGA GAA AAT ATC TCC CCA CAT ATT TTT TTT TTT TTT TTC TCA CAA AAA AAA AAG AGT GTC TCT CTG TGC GCT CTA TAA AAG AGT GTA TAG AGA GAC ACA CAT ATT TTT TTT TTT TTA TAG AGG GGG GGA GAA AAC ACC CCT CTT TTC TCG	22222222202222022222222222222222222222222222222222222222222222222222222222222222222222222022222222222222222222222222222222222222222222222220	Neuron	34869
AGC GCT CTC TCC CCA CAG AGC GCT CTC TCG CGG GGA GAG AGG GGA GAC ACA CAG AGC GCG CGA GAC ACT CTC TCG CGG GGA GAG AGC GCC CCC CCC CCT CTG TGT GTG TGG GGA GAA AAG AGC GCA CAG AGC GCG CGA GAG AGA GAG AGG GGT GTG TGA GAG AGA GAG AGA GAC ACA CAC ACG CGG GGC GCC CCG CGC GCA CAT ATG TGC GCC CCA CAG AGG GGG GGC GCC CCA CAG AGC GCA CAG AGG GGG GGC GCC CCT CTC TCC CCT CTT TTC TCC CCT CTC TCT CTC TCT CTC TCA CAC ACC CCA CAC ACC CCC CCT CTC TCT CTC TCC CCC CCT CTC TCC CCC CCC CCC CCA CAG AGG GGA GAT ATA TAT ATG TGC GCA CAG AGG GGC GCC CCA CAA AAC ACC CCC CCT CTG TGT GTG TGG GGG GGC GCA CAC ACG CGC GCC	22222222212222222221222212222222222222222222122222222222222212221222222222222222222222222222222222222222222222222222222222222222222222222222222222122	Neuron	25502
AAT ATC TCA CAT ATC TCA CAT ATA TAC ACG CGG GGA GAT ATT TTT TTC TCA CAG AGT GTC TCT CTG TGA GAG AGC GCA CAT ATA TAC ACT CTT TTG TGT GTC TCT CTC TCT CTA TAA AAT ATG TGA GAA AAG AGA GAG AGT GTA TAC ACA CAC ACA CAC ACA CAT ATT TTT TTT TTG TGA GAC ACT CTG TGG GGA GAC ACA CAG AGA GAA AAT ATT TTT TTG TGT GTA TAA AAC ACC CCT CTC TCA CAC ACT CTG TGT GTT TTT TTA TAT ATC TCT CTC TCA CAA AAG AGT GTG TGA GAC ACA CAC ACT CTT TTT TTA TAG AGT GTG TGA GAG AGA GAT ATG TGA GAA AAA AAA AAA AAG AGT GTG TGG GGC GCT CTC TCT CTT TTA TAC ACT CTG TGT GTC TCA CAT ATA TAG AGT GTC TCA CAA AAA AAG AGT GTC TCC CCC CCA CAG AGC GCT CTA TAG AGG GGC GCT CTT TTC TCT CTG TGG GGA GAT ATG TGG GGA GAG AGT GTC TCG CGC GCT CTG TGT GTC TCA CAG AGA GAA AAG	2222222220222222222222222222222222222222222222222222222222222222222222222222222222222222222222222222222222222222222222222222222222222222222222222222222222222222222222222202222222222	Heart-Cardio	26153
GCC CCT CTC TCC CCT CTG TGT GTC TCC CCG CGA GAG AGA GAG AGC GCA CAT ATC TCT CTA TAC ACA CAG AGC GCG CGC GCA CAC ACG CGT GTC TCG CGG GGC GCT CTA TAC ACC CCC CCC CCG CGG GGG GGA GAG AGG GGG GGA GAC	2222222220222222222222220222022022222222022222222	Neuron	34811
ATC TCC CCC CCA CAC ACT CTG TGC GCC CCG CGC GCC CCC CCC CCT CTA TAA AAT ATG TGC GCT CTC TCA CAC ACA CAT ATT TTA TAT ATT TTC TCA CAT ATT TTT TTC TCT CTT TTC TCA CAG AGA GAT ATC TCA CAG AGC GCA CAT ATC TCA CAT ATT TTC TCA CAC ACC CCA CAT ATG TGG GGC GCA CAA AAC ACC CCA CAG AGC GCA CAG AGG GGC GCA CAT ATC TCT CTG TGT GTA TAC ACG CGC GCA CAC ACG	22222222202222222222222222222222222222222222222222222222222222222222222222222222212221	Heart-Cardio	34577
TCA CAA AAC ACA CAC ACA CAG AGA GAC ACG CGC GCT CTC TCC CCA CAG AGA GAG AGA GAA AAG AGA GAG AGG GGC GCC CCT CTG TGG GGA GAC ACC CCT CTG TGC GCG CGT GTC TCA CAC ACT CTG TGA GAG AGA GAA AAT ATG TGC GCA CAT ATC TCA CAG AGA GAG AGG GGG GGA GAG AGC GCA CAG AGT GTT TTC TCC CCG CGG GGG GGA GAA AAA AAG AGA GAG AGA GAA AAA AAA AAC ACA CAA AAC ACC CCA CAA AAG AGT GTC TCA CAT ATT TTT TTC TCG CGG GGT GTT TTG TGG GGA GAC ACG CGG GGG GGA GAC ACA CAT ATA TAA AAA AAC ACA CAC ACT CTG TGC GCA CAA AAG AGA GAC ACA CAA AAA AAA AAT ATT TTG TGA GAT ATG TGC GCA CAC ACA CAA AAT ATA TAA AAT ATG TGA GAT ATA TAT ATG TGA GAT ATC TCT CTG TGT GTC TCA CAG AGA GAA AAG AGA GAA AAG AGT GTG TGG GGC	222222222122222222222222222222222221222222222222222222222222222222212222222222222222222222222221222222212222222222222222222222222222222222222222222222222222222222222222	Oligodend	34754
ATG TGA GAA AAA AAA AAA AAT ATT TTC TCG CGG GGT GTG TGG GGT GTC TCA CAT ATC TCT CTC TCC CCA CAA AAT ATC TCC CCT CTC TCA CAT ATG TGC GCC CCA CAC ACC CCA CAT ATG TGA GAC ACT CTC TCA CAG AGC GCA CAA AAG AGG GGT GTA TAA AAC ACC CCT CTA TAG AGA GAC ACT CTC TCC CCC CCC CCG CGT GTC TCA CAG AGG GGC GCA CAG AGT GTG TGG GGC GCG CGT GTC TCC CCT CTG TGA GAG AGC GCA CAG AGT GTG TGG GGG GGA GAG AGC GCA CAG AGC GCA CAG AGT GTC TCC CCT CTC TCT CTC TCT CTA TAC ACA CAG AGC GCA CAA AAG AGA GAA AAT ATG TGT GTG TGG GGA GAC ACC CCT CTC TCA CAA AAC ACC CCA CAG AGT GTC TCT CTC TCC CCG CGC GCT CTA TAG AGC GCC	2222222221222222222222222222222222222222222222222222222222222222221222222222222122222222222222222222222222222222222222222222222222222222222221222222	Neuron	25404
TGA GAT ATA TAC ACA CAA AAC ACA CAC ACG CGA GAC ACA CAC ACT CTA TAT ATT TTT TTC TCA CAT ATT TTT TTT TTT TTT TTA TAG AGA GAA AAA AAA AAA AAA AAA AAC ACT CTA TAG AGC GCA CAA AAT ATC TCG CGT GTT TTT TTA TAC ACC CCA CAT ATG TGT GTG TGC GCT CTC TCT CTG TGC GCT CTT TTC TCT CTA TAT ATC TCT CTT TTA TAG AGA GAT ATG TGT GTT TTC TCC CCT CTC TCT CTC TCC CCC CCT CTC TCA CAT ATG TGA GAA AAA AAC ACT CTA TAA AAA AAT ATT TTG TGG GGC GCA CAC ACC CCA CAA AAA AAT ATA TAT ATA TAA AAT ATC TCC CCT CTC TCT CTT TTA TAG AGT GTT TTA TAT ATT TTT TTA TAA AAT ATA TAT ATT TTC TCT CTA TAT ATC TCT CTC TCA CAG AGA GAA AAG AGA GAA AAA AAG AGT GTT TTG TGT GTG TGG GGG GGG GGT GTC TCT CTG TGT GTA TAT ATT TTT TTT TTT TTT TTA TAT ATG TGT GTT TTC TCT CTA TAT ATA TAC ACA CAA AAA AAA AAT ATT TTC TCT CTC TCT CTT TTC TCA CAG AGA GAT ATA TAT ATT TTT TTA TAC ACT CTC TCC CCA CAA AAT ATC TCA CAT ATG TGG GGT GTA TAG AGC GCA CAG AGT GTA TAG AGT GTT TTC TCT CTA TAT ATC TCC CCT CTC TCA	222222222022222222222222222222222222222222222122222222222222222222222222222222222222222222222222222222222222222222222222222222222222222222222222222222222222222222222222222222222222222222222222222222222222222222222222222222222222222222222	Oligodend	35228
CTG TGC GCG CGG GGC GCT CTT TTG TGT GTC TCC CCT CTC TCC CCT CTC TCA CAG AGG GGG GGA GAA AAG AGC GCT CTG TGG GGA GAT ATC TCT CTC TCT CTC TCC CCT CTC TCC CCT CTT TTT TTG TGT GTA TAA AAT ATC TCT CTG TGG GGA GAT ATT TTT TTT TTT TTT TTT TTT TTT TTT TTT TTT TTT TTT TTA TAA AAC ACA CAG AGT GTC TCA CAG AGG GGA GAA AAT ATA TAC ACT CTT TTT TTA TAT ATT TTA TAA AAG AGG GGA GAC ACT CTA TAT ATT TTG TGT GTG TGA GAT ATA TAG AGA GAT ATG TGG GGT GTA TAT ATC TCT CTA TAG AGA GAC ACT CTA TAT ATC TCA CAC ACA CAA AAT ATG TGG GGG GGG GGA GAG AGA GAG AGA GAG AGA GAT ATG TGG GGG GGC GCT CTT TTC TCA CAA AAC ACT CTC TCC CCA CAC ACG CGA GAA AAC ACA CAG AGT GTA TAA AAG AGA	2202222222222222222222222222222222222222222222222222222222222222222222222222222222222222222222222222222222222222222222222222222222222222222222222222222202222222222	Oligodend	36604
GTG TGG GGG GGC GCC CCC CCT CTG TGC GCG CGT GTC TCT CTG TGT GTT TTC TCA CAG AGC GCA CAC ACG CGC GCC CCT CTC TCA CAG AGG GGA GAG AGG GGG GGT GTC TCT CTG TGC GCC CCG CGG GGC GCC CCT CTA TAG AGA GAG AGA GAG AGG GGC GCA CAA AAG AGA GAC ACG CGA GAG AGG GGA GAC ACA CAG AGA GAA AAA AAA AAG AGG GGC GCA CAT ATC TCG CGT GTG TGG GGG GGT GTA TAG AGA GAA AAG AGA GAG AGA GAA AAA AAA AAG AGC GCA CAC ACA CAG AGC GCT CTG TGT GTC TCG CGT GTG TGG GGC GCA CAC ACT CTG TGT GTT	2222222220222222222222022222222222222222022222222222222222022222222222222222022222222222222222222222222202222222222	Neuron	34440
ACA CAG AGT GTT TTT TTC TCC CCA CAC ACG CGG GGC GCA CAA AAC ACC CCC CCC CCA CAT ATG TGA GAA AAT ATG TGC GCG CGT GTG TGC GCA CAG AGG GGG GGC GCC CCG CGG GGG GGC GCA CAT ATC TCT CTG TGG GGA GAA AAA AAT ATA TAG AGG GGT GTG TGT GTC TCC CCA CAA AAA AAG AGT GTC TCA CAC ACG CGT GTG TGC GCA CAA AAC ACC CCA CAG AGC GCA CAG AGC GCA CAG AGG GGC GCT CTC TCA CAA AAC ACA CAA AAC ACA CAA AAG AGG GGA GAA AAG AGG GGC GCA CAG AGA GAG AGC GCG	22222222202222222222222222022222222202222222222222222222222222222202222222222222222222222222222222222222220	Oligodend	35020
AAA AAT ATA TAC ACA CAA AAT ATT TTC TCG CGA GAG AGT GTT TTC TCT CTG TGA GAG AGC GCC CCA CAT ATG TGA GAC ACT CTG TGC GCA CAG AGG GGC GCT CTG TGG GGA GAC ACC CCG CGA GAG AGC GCT CTC TCT CTG TGC GCC CCT CTG TGT GTC TCC CCT CTC TCC CCA CAT ATG TGC GCC CCC CCC CCA CAT ATC TCT CTC TCG	2222222221222222222222222222222222222221222222222222222222222222222220	Oligodend	26052
GGC GCC CCT CTG TGT GTT TTG TGC GCC CCG CGC GCC CCA CAG AGG GGT GTT TTT TTT TTG TGC GCC CCG CGG GGC GCT CTG TGC GCC CCG CGT GTC TCC CCT CTT TTC TCC CCC CCA CAA AAG AGG GGC GCT CTT TTT TTC TCC CCC CCT CTT TTC TCT CTC TCC CCA CAT ATC TCC CCA CAT ATC TCC CCT CTC TCC CCC CCC CCC CCG CGG GGT GTC TCC CCC CCT CTC TCG CGA GAC ACA CAC ACA CAG AGC GCA CAC ACT	2222222221222222222222122222212222222222222222222222222222222222222221222222212222222222	Neuron	34446
CCT CTC TCA CAC ACA CAG AGG GGC GCC CCG CGC GCC CCA CAT ATC TCT CTC TCC CCT CTC TCT CTT TTT TTT TTG TGT GTC TCA CAC ACT CTT TTG TGG GGG GGA GAT ATG TGG GGG GGA GAC ACA CAG AGA GAA AAC ACT CTG TGT GTC TCA CAC ACG CGT GTC TCC CCC CCT CTT TTA TAA AAG AGG	222222222022222222222222222222222222222222222222222202222222222	Oligodend	37117
GGG GGA GAT ATG TGC GCC CCC CCA CAC ACG CGC GCA CAG AGC GCC CCC CCT CTT TTC TCT CTG TGG GGG GGG GGC GCA CAT ATG TGT GTG TGC GCT CTG TGC GCA CAG AGC GCG CGG GGC GCA CAG AGG GGC GCA CAC ACA CAG AGG GGA GAG AGG GGT GTT TTT TTC TCA CAT ATT TTT TTA TAT ATG TGT GTT TTT TTC TCT CTG TGC GCT CTC TCC CCG CGC	222222222122222222222222222222222222212222222222222222222222222222222222212	Neuron	25311
GCT CTG TGA GAC ACA CAT ATC TCC CCA CAG AGG GGA GAG AGG GGC GCC CCT CTA TAC ACT CTA TAT ATT TTT TTT TTA TAG AGA GAG AGC GCT CTA TAG AGA GAG AGA GAA AAG AGC GCA CAT ATT TTA TAA AAG AGG GGG GGT GTC TCT CTT TTT TTT TTT TTC TCA CAA AAC ACA CAT ATA TAA AAG AGT GTA TAA AAA AAT ATG TGA GAG AGC GCA CAA AAA AAC ACC CCA CAA AAA AAT ATA TAC ACC CCA CAT ATA TAT ATG TGA GAG AGG GGG GGA GAA AAA AAA AAG AGA GAC ACT CTT TTG TGT GTC TCC CCA CAA AAG AGA GAT ATG TGA GAG AGA GAG AGA GAG AGC GCT CTG TGA GAG AGT GTA TAG AGC GCT CTG TGC GCC CCT CTA TAG AGA GAA AAT ATC TCT CTT TTT TTG TGA GAC ACG CGC GCT CTC	2222222222222222222222222222222222222222222222222222222222222222222222222222222222222222222222222222222222222222222222222222222222222222222222221222	Oligodend	25313
AGC GCC CCT CTT TTG TGA GAA AAG AGA GAA AAA AAA AAG AGC GCT CTT TTT TTT TTC TCT CTT TTT TTT TTG TGC GCC CCC CCT CTT TTT TTT TTT TTT TTC TCT CTT TTG TGA GAT ATG TGC GCA CAT ATT TTT TTT TTT TTT TTT TTT TTT TTT TTT TTT TTC TCT CTC TCT CTT TTA TAG AGA GAA AAT ATA TAG AGC GCT CTA TAC ACC CCA CAG AGT GTT TTT TTA TAT ATG TGT GTT TTT TTG TGG GGA GAA AAT ATA TAC ACA CAG AGC GCC CCT CTA TAA AAT ATA TAA AAC ACT CTT TTG TGT GTG TGC GCC CCT CTT TTA TAA AAC ACC CCT CTA TAA AAT ATT TTA TAA AAA AAT ATC TCA CAT ATG TGT GTT TTT TTC TCT CTT TTA TAT ATG TGG GGG GGG GGT GTG TGA GAA AAA AAT ATG TGA GAT ATT TTG TGA GAC ACT CTG TGT GTA TAG AGG GGC GCA CAC ACA CAA AAC ACA CAG AGT GTC TCC CCA CAC ACA CAT ATA TAA AAT ATG TGG GGA GAA AAG AGT GTA TAA AAA AAA AAA AAA AAG AGC GCA CAA AAT ATA TAC ACG	222222222222222222222222222222222222222222222222222222222222222222222222222222222222222222222222222222222222222222222222222222222222222222222222222222222222222222222222222222222222222222222222220	Oligodend	37113
TGT GTC TCC CCC CCC CCA CAG AGC GCC CCG CGG GGG GGA GAG AGA GAC ACA CAG AGA GAC ACA CAG AGA GAC ACA CAG AGC GCA CAT ATC TCG CGC GCT CTG TGT GTC TCC CCC CCC CCA CAG AGC GCC CCG CGG GGT GTA TAG AGA GAC ACA CAG AGA GAC ACA CAG AGC GCA CAT ATC TCC CCC CCT CTG TGT GTC TCC CCT CTC TCA CAG AGC GCT CTG TGG GGG GGA GAG AGA GAC ACA CAG AGA GAC ACA CAG AGA GAC ACA CAG AGC GCA CAT ATC TCA CAC ACT CTG TGT GTC TCC CCT CTC TCA CAG AGC GCT CTG TGG GGA GAG AGA GAA AAA AAG AGA GAC ACA CAG AGA GAC ACA CAG AGC GCA CAT	222222222022222222222222222222022222222222202222222222222222222222222222222222222222222222222222222222222222222222222222222222	Oligodend	36935
GGC GCA CAA AAT ATG TGG GGG GGC GCC CCG CGG GGC GCG CGT GTG TGT GTC TCC CCG CGC GCC CCT CTC TCT CTG TGC GCC CCT CTC TCT CTG TGA GAC ACG CGG GGT GTG TGC GCT CTC TCA CAT ATC TCT CTG TGG GGA GAG AGG GGT GTA TAG AGT GTG TGT GTT TTA TAA AAT ATG TGA GAG AGA GAG AGC GCT CTG TGG GGA GAG AGG GGA GAA AAA AAG AGC GCA CAG AGG GGA GAG AGG GGC GCA CAG AGG GGG GGC GCA CAT ATA TAG AGA GAG AGG GGA GAC ACC CCC CCA CAC ACC CCG CGG GGG GGG GGC GCG	222222222022122222122222222222222122222222222222222222222222222222222222222222222222222222222222222222122221	Heart-Cardio	35235
GTC TCA CAC ACT CTG TGC GCC CCT CTC TCG CGT GTC TCT CTT TTC TCA CAT ATG TGT GTC TCT CTT TTG TGG GGG GGA GAG AGT GTT TTG TGC GCT CTG TGT GTT TTT TTC TCT CTG TGT GTC TCT CTT TTT TTA TAA AAA AAT ATC TCC CCG CGA GAG AGC GCG CGT GTC TCA CAG AGA GAA AAG AGG GGA GAT ATC TCT CTG TGA GAG AGA GAC ACA CAC ACC CCC CCG CGA GAT ATA TAT ATA TAA AAA AAT ATC TCC CCC CCT CTG TGG GGC GCT CTT TTG TGT GTT TTA TAA AAT ATG TGA GAT ATG TGC GCT CTC TCA CAC ACA CAG AGA GAG AGA GAG AGC GCG CGG GGC GCC CCA CAC ACG CGC GCC CCC CCA CAT ATA TAG AGA GAC ACT	2222222221222222222222222222222222222222222222222212221222222222222222222222122222222222222222222222222222222222222212222212222222222	Heart-Cardio	34334
AAG AGG GGC GCA CAG AGA GAA AAG AGC GCG CGA GAT ATC TCC CCA CAA AAG AGT GTG TGT GTC TCC CCA CAA AAC ACG CGA GAC ACA CAG AGA GAT ATA TAA AAA AAT	222222222122222222222222212222222222	Oligodend	25998
CAT ATG TGT GTC TCA CAC ACT CTG TGC GCG CGA GAA AAG AGG GGG GGG GGA GAT ATC TCT CTG TGC GCC CCT CTA TAA AAA AAA AAA AAG AGG GGC GCA CAA AAC ACT CTA TAG AGG GGC GCT CTG TGG GGT GTG TGC GCT CTG TGG GGG GGG GGA GAC ACA CAC ACT CTG TGG GGA GAG AGA GAG AGG GGG GGA GAC ACA CAA AAT ATC TCA CAA AAG AGT GTC TCC CCA CAG AGG GGA GAA AAG AGA GAA AAA AAG AGC GCA CAC ACT CTT TTC TCT CTC TCC CCC CCT CTG TGC GCA CAG AGA GAG AGG GGC GCC CCT CTG TGG GGA GAC ACG CGC GCT CTC TCC CCC CCA CAC ACC CCT CTT	22222222202222222222222222222222222222222222222222222222222222222222222222222222222222222222222222222222222222212222222222	Oligodend	26106
TGA GAC ACC CCT CTA TAA AAC ACT CTC TCG CGG GGC GCC CCA CAG AGC GCT CTG TGC GCC CCC CCC CCC CCC CCT CTA TAG AGG GGT GTT TTT TTA TAT ATT TTC TCA CAA AAA AAA AAT ATA TAA AAA AAC ACC CCT CTG TGT GTC TCC CCC CCT CTG TGT GTT TTG TGA GAC ACT CTG TGT GTC TCA CAA AAG AGC GCC CCA CAC ACC CCC CCT CTT TTC TCG	222222222022222222222222222222222222222222222222222222222222222222222222220	Oligodend	36757
AGT GTA TAA AAA AAA AAT ATT TTA TAC ACA CAT ATT TTT TTG TGT GTT TTT TTA TAT ATG TGG GGT GTT TTA TAA AAA AAG AGT GTA TAA AAG AGA GAG AGG GGT GTT TTT TTT TTG TGT GTT TTG TGT GTA TAG AGA GAA AAG AGG GGT GTG TGG GGA GAC ACT CTT TTC TCT CTT TTA TAA AAA AAG AGC GCA CAT ATC TCA CAA AAG AGT GTA TAA AAA AAT ATG TGA GAC ACA CAG AGA GAC ACA CAT ATG TGG GGA GAT ATA TAG AGG GGG GGT GTA TAG AGA GAG AGT GTG TGT GTG TGC GCA CAA AAT ATA TAT ATA TAG AGT GTG TGA GAA AAA AAC ACA CAG AGA GAG AGA GAG AGT GTT TTG TGA GAA AAA AAG AGA GAA AAG AGT GTT TTT TTG TGT GTT TTT TTC TCT CTC TCT CTG TGG GGC GCA CAC ACA CAG AGG GGA GAA AAA AAG AGA GAT ATG TGG GGT GTA TAA AAT ATA TAT ATT TTA TAC ACT CTA TAT ATG TGA GAA AAT ATT TTA TAT ATA TAT ATT TTG TGA GAA AAA AAT ATG TGG GGT GTT TTA TAG AGC GCC CCC CCT CTA TAT ATG TGT GTG TGC GCG CGT GTT TTA TAA AAT ATA TAA AAA AAT ATA	22222222222222222222222222222222222222222222222222222222222222222222222222222222222222222222222222222222222222222222222222222222222222222222222222222222222222222222222222222222222222222222222222222222212222222222	Neuron	25374
AAC ACA CAG AGG GGC GCA CAA AAC ACC CCG CGA GAT ATA TAA AAA AAT ATA TAT ATT TTT TTA TAA AAT ATT TTC TCT CTC TCC CCT CTC TCT CTT TTT TTG TGC GCT CTT TTT TTT TTA TAT ATC TCT CTC TCC CCT CTG TGA GAC ACC CCC CCA CAC ACT CTG TGA GAG AGA GAC ACA CAA AAA AAT ATC TCA CAG AGC GCT CTC TCA CAT ATT TTA TAA AAG AGC GCA CAG AGT GTG TGA GAT ATT TTC TCC CCC CCG CGG GGA GAG AGC GCT CTC TCA CAG AGA GAC ACA CAG AGC GCA CAG AGG GGG GGA GAG AGA GAG AGT GTG TGC GCC CCT CTG TGG GGA GAA AAA AAG AGA GAT ATG TGG GGG GGG GGC GCA CAA AAG AGA GAA AAT ATG TGC GCG	222222222022222222222222222222222222222222222222222222222222222222222222222222222222220222222222222222222222222222222222222222222222220	Neuron	34982
GCT CTC TCA CAA AAG AGC GCA CAA AAC ACG CGA GAC ACA CAG AGT GTC TCG CGA GAC ACC CCT CTC TCA CAC ACT CTA TAA AAA AAA AAA AAG AGA GAT ATG TGA GAT ATT TTT TTC TCC CCA CAG AGT GTA TAG AGC GCC CCA CAA AAG AGT GTA TAG AGA GAT ATG TGA GAT ATT TTG TGG GGT GTG TGA GAA AAG AGT GTA TAA AAT ATT TTA TAT ATG TGT GTT TTA TAT ATT TTT TTA TAG AGG GGG GGC GCC CCC CCT CTT TTC TCT CTC TCC CCA CAG AGT GTG TGC GCT CTG TGA GAA AAA AAG AGA GAT ATG TGA GAA AAT ATC TCA CAC ACA CAT ATT TTT TTG TGC GCA CAT ATA TAG AGG GGT GTA TAA AAA AAA AAA AAC ACA CAA AAA AAG AGA GAC ACT CTC TCA CAA AAA AAT ATG TGG GGG GGA GAG AGA GAA AAA AAA AAT ATA TAA AAA AAC ACC CCA CAA AAA AAG AGT GTT TTG TGT GTT TTT TTT TTG TGC GCA CAG AGA GAA AAA AAC ACA CAA AAA AAG AGA GAA AAA AAA AAA AAT ATA TAA AAT ATG TGC GCT CTC TCA CAG AGT GTG TGG GGT GTG TGT GTC TCT CTC TCT CTT TTT TTC TCG CGG GGA GAA AAA AAC ACA CAT ATT TTT TTT	2222222221222222122222222222222222222222222222222222222222222222222222222222222222222222222222222222222222222222222222222222222222222222222222222222222222222222222222222222222222222222222222222222222222222222202222222222	Heart-Cardio	34899
ATT TTA TAT ATG TGC GCC CCA CAT ATC TCG CGA GAG AGT GTC TCT CTT TTT TTG TGC GCA CAT ATT TTT TTT TTT TTG TGT GTG TGA GAG AGG GGT GTA TAT ATA TAT ATT TTT TTA TAT ATT TTT TTT TTT TTC TCC CCT CTG TGG GGA GAC ACC CCC CCT CTA TAT ATT TTC TCA CAT ATT TTC TCA CAC ACT CTG TGA GAT ATT TTC TCT CTG TGT GTG TGA GAA AAA AAC ACC CCT CTT TTT TTT TTC TCT CTG TGT GTT TTT TTG TGC GCT CTG TGC GCA CAT ATG TGC GCT CTT TTC TCT CTC TCA CAC ACA CAT ATA TAC ACG CGA GAT ATT TTT TTT TTG TGT GTT TTG TGT GTT TTG TGT GTT TTA TAA AAT ATG TGA GAA AAT ATA TAT ATG TGC GCA CAC ACA CAT ATT TTT TTA TAA AAA AAT ATG TGG GGT GTA TAA AAC ACT CTC TCA CAG AGA GAA AAA AAG AGG GGG GGC GCT CTT TTT TTA TAA AAC ACT CTT TTG TGT	2222222221222222222222222222222222222222222222222222222222222222222222222222222222222222222222222222222222222122222222222222222222222222222222222222222222222222222222222222	Oligodend	26047
GTC TCG CGG GGG GGG GGG GGT GTC TCC CCT CTG TGT GTT TTG TGG GGG GGA GAG AGG GGG GGG GGT GTG TGG GGG GGA GAA AAC ACT CTT TTC TCC CCA CAG AGT GTG TGC GCC CCC CCC CCT CTC TCC CCA CAC ACC CCC CCC CCC CCA CAC ACC CCA CAG AGC GCT CTG TGC GCC CCT CTC TCC CCC CCA CAG AGG GGC GCG CGG GGG GGT GTG TGC GCC CCA CAG AGC GCA CAG AGG GGG GGG GGA GAG AGG GGC GCC CCC CCT CTG TGG GGC GCT CTG TGC GCC CCC CCT CTC TCA CAG AGC GCT CTA TAT ATA TAC ACC CCA CAC ACC CCC CCG CGC GCC CCG CGG GGC GCA CAT ATC TCT CTG TGC GCC CCT CTC TCT CTC TCA CAC ACT CTG TGT GTT TTG TGG GGC GCA CAT ATG TGT GTG TGG GGC GCC CCG CGG GGT GTC TCG	2022222222222222222222222222222222222222222222222222222222222222222022222222222222222222222222222222222222222222022022222222222222222222222222222202220	Neuron	34891
GCC CCA CAC ACG CGC GCT CTG TGC GCA CAG AGA GAC ACC CCG CGC GCC CCA CAC ACT CTG TGC GCT CTT TTT TTT TTC TCG CGG GGT GTG TGC GCC CCC CCG CGT GTG TGC GCA CAC ACA CAG AGA GAC ACT CTC TCG CGG GGG GGG GGT GTT TTA TAA AAA AAA AAG AGT GTG TGC GCT CTG TGA GAA AAT ATT TTC TCG CGG GGG GGA GAT ATG TGC GCT CTC TCT CTG TGG GGG GGA GAT ATA TAG AGC GCA CAG AGA GAT ATC TCC CCT CTT TTC TCG CGA GAA AAG AGG GGA GAA AAT ATT TTT TTC	22212222222221222222222222122222212222222222212222222222222222222212222222222222222222222222212222222222	Neuron	26153
GTC TCG CGC GCC CCA CAC ACT CTG TGG GGT GTG TGG GGC GCA CAC ACA CAG AGG GGT GTG TGG GGC GCC CCT CTG TGA GAA AAT ATG TGT GTA TAC ACC CCA CAG AGT GTT TTC TCA CAT ATG TGT GTG TGG GGC GCA CAA AAA AAG AGG GGG GGA GAG AGT GTG TGC GCA CAG AGT GTC TCC CCC CCA CAG AGC GCT CTT TTG TGT GTC TCT CTG TGT GTG TGG GGT GTC TCC CCC CCT CTG TGC GCT CTG TGC GCA CAT ATT TTC TCA CAC ACG CGG GGC GCA CAT ATT TTG TGG GGA GAG AGA GAG AGG GGT GTC TCC CCT CTG TGC GCT CTT TTG TGT GTT TTG TGG GGC GCA CAA AAA AAC ACC CCC CCC CCA CAG AGG GGA GAG AGG GGA GAC ACA CAG AGT GTA TAT	202222222222222222222222222222222222222222222222222222222222222222222222222222222222222222202222222222222222222222222222222222222222222222	Oligodend	36988
GTC TCA CAG AGG GGA GAG AGT GTT TTC TCG CGA GAG AGC GCC CCC CCA CAA AAC ACC CCT CTG TGG GGC GCC CCA CAA AAC ACA CAT ATG TGG GGT GTG TGA GAA AAA AAC ACC CCC CCT CTG TGT GTC TCT CTC TCT CTA TAC ACT CTA TAA AAA AAA AAA AAT ATA TAC ACA CAA AAA AAA AAA AAT ATT TTA TAG AGC GCC CCC CCG CGG GGC GCA CAC ACG CGG GGT GTG TGG GGC GCA CAG AGG GGC GCG CGC GCC CCT CTA TAT ATA TAA AAT ATC TCC CCC CCA CAG AGG GGT GTA TAC ACT CTC TCA CAG AGA GAG AGG GGC GCC CCG CGA GAG AGG GGC GCA CAG AGG GGA GAG AGA GAA AAT ATC TCT CTC TCT CTT TTG TGA GAA AAC ACC CCC CCA CAG AGG GGA GAG AGG GGC GCG CGG GGT GTG TGG GGT GTT TTA TAC ACA CAG AGT GTA TAA AAG AGC GCA CAG AGA GAG AGA GAC ACT CTG TGC GCG CGC GCC CCA CAC ACT CTG TGC GCA CAC ACT	2222222221222222222222222222222222222222222222222222222222222222222220222202222222220222222222222222222222222220222222222222222222222222222222022222222222222222222222202222222222	Heart-Cardio	26233
TGT GTG TGC GCC CCA CAC ACC CCA CAC ACG CGC GCC CCC CCA CAG AGC GCT CTA TAA AAT ATT TTT TTT TTA TAT ATT TTT TTT TTT TTT TTA TAT ATT TTT TTA TAT ATT TTT TTT TTT TTA TAT ATT TTT TTT TTT TTT TTA TAG AGT GTA TAG AGA GAG AGA GAC ACG CGG GGG GGG GGT GTT TTT TTC TCG CGC GCC CCC CCT CTG TGT GTT TTG TGG GGC GCC CCA CAG AGG GGC GCT CTG TGG GGT GTC TCT CTG TGG GGA GAA AAT ATT TTC TCC CCT CTG TGA GAC ACC CCT CTC TCA CAA AAG AGT GTG TGA GAT ATC TCC CCA CAC ACC CCC CCG CGC GCC CCT CTC TCA CAG AGC GCC CCT CTC TCC CCC CCA CAA AAA AAG AGT GTG TGT GTT TTG TGG GGG GGA GAT ATT TTA TAC ACA CAG AGG GGT GTG TGT GTG TGA GAG AGC GCC CCA CAC ACT CTG TGC GCG CGC GCC CCC CCG CGG GGC GCC CCA CAA AAA AAG AGA GAG AGT GTG TGA GAT ATG TGT GTT TTG TGG GGA GAC ACA CAT ATT TTG TGT GTG TGA GAA AAT ATA TAG AGT GTG TGA GAA AAG AGA GAG AGG GGA GAA AAC ACA CAT ATT TTC TCC CCA CAT ATG TGC GCT CTG TGG GGC GCA CAG AGA GAG AGA GAA AAG AGG GGA GAA AAG AGC GCC CCA CAT ATG TGC GCC CCG CGG GGG GGC GCA CAG AGA GAA AAA AAG AGA	22222222212222222222222222222222222222222222222222222222122222221222222222222222222222222222222222222222222222222212222222222222222222222222222222222222222222212221222222222222222222222222222222222222222222222222222222222222222222222222212222222222	Neuron	26143
CAG AGT GTA TAC ACT CTC TCT CTG TGG GGT GTG TGA GAC ACA CAG AGG GGT GTC TCA CAC ACA CAC ACT CTT TTG TGA GAG AGC GCA CAT ATG TGA GAT ATG TGT GTT TTC TCT CTG TGA GAT ATG TGT GTT TTG TGC GCC CCA CAA AAG AGG GGC GCC CCT CTC TCC CCA CAG AGA GAG AGC GCT CTC TCT CTC TCT CTG TGC GCA CAG AGA GAA AAG AGG GGA GAA AAC ACC CCT CTA TAT ATG TGA GAG AGT GTG TGA GAC ACT CTG TGA GAA AAA AAG AGC GCT CTG TGA GAG AGA GAG AGT GTC TCC CCC CCA CAG AGA GAC ACT CTT TTG TGG GGA GAG AGC GCA CAA AAG AGC GCA CAC ACT CTG TGT GTG TGG GGA GAA AAT ATG TGG GGA GAA AAG AGC GCA CAT ATA TAC ACT CTT TTC TCA CAA AAT ATG TGA GAC ACT CTA TAA AAA AAC ACA CAC ACA CAC ACT CTG TGG GGG GGG GGA GAC ACA CAC ACA CAG AGT GTG TGG GGT GTC TCA CAC ACG CGA GAA AAG AGG GGG GGA GAT ATC TCA CAA	2222222222222222222222222222222222222222222222222222222222222222222222222222222222222222222222222222222222222222222222222222222222222222222222222222222222222222222222222222222202222222222	Heart-Cardio	25549
CTA TAG AGT GTG TGA GAA AAG AGA GAC ACG CGT GTG TGA GAC ACG CGT GTC TCA CAT ATC TCA CAG AGC GCA CAT ATC TCC CCA CAC ACC CCT CTC TCT CTC TCC CCC CCA CAG AGC GCC CCA CAG AGG GGG GGC GCC CCT CTC TCC CCC CCA CAC ACT CTC TCC CCT CTC TCA CAG AGC GCT CTC TCG	222222222022221222222222222222222222222222222222222222222222220	Oligodend	35014
GGG GGA GAC ACC CCT CTC TCA CAC ACC CCG CGC GCT CTG TGG GGG GGT GTT TTT TTG TGC GCT CTA TAC ACT CTC TCT CTA TAC ACC CCC CCA CAA AAA AAG AGC GCC CCC CCT CTT TTA TAG AGA GAG AGG GGA GAC ACT CTG TGC GCA CAG AGC GCA CAA AAC ACC CCA CAG AGT GTA TAG AGG GGC GCT CTT TTT TTT TTG TGT GTT TTG TGC GCA CAT ATA TAT ATC TCT CTG TGA GAA AAG AGA GAA AAT ATC TCA CAA AAT ATG TGA GAG AGT GTG TGA GAA AAT ATG TGG GGC GCA CAG AGT GTT TTG TGG GGA GAT ATG TGG GGA GAT ATG TGG GGC GCT CTC TCC CCT CTT TTG TGA GAT ATC TCA CAC ACC CCT CTG TGT GTC TCG CGT GTG TGG GGG GGG GGC GCA CAG AGA GAT	2222222220222222222222222222222222222222222222222222222222222222222222222222222222222222222222222222222222222222222222222222222222212222222222	Heart-Cardio	36662
GTG TGC GCT CTA TAC ACA CAG AGA GAC ACG CGA GAC ACA CAC ACC CCC CCC CCT CTG TGC GCA CAG AGG GGG GGA GAG AGG GGG GGC GCT CTG TGC GCA CAC ACC CCC CCA CAC ACC CCC CCA CAG AGA GAA AAC ACA CAC ACA CAC ACT CTT TTG TGT GTC TCA CAG AGG GGC GCA CAC ACG CGT GTG TGC GCC CCA CAC ACG CGT GTG TGC GCC CCG CGG GGG GGC GCC CCG	222222222122222222222222222222222222222222222222222222222222122222212222122221	Oligodend	25603
CTA TAA AAC ACA CAG AGC GCT CTA TAC ACT CTG TGA GAA AAC ACA CAC ACA CAT ATG TGC GCT CTT TTG TGA GAT ATA TAG AGA GAT ATA TAA AAA AAC ACA CAA AAA AAA AAG AGA GAT ATG TGA GAA AAT ATA TAA AAA AAC ACT CTC TCA CAG AGG GGG GGA GAG AGT GTA TAG AGC GCA CAA AAT ATT TTA TAA AAC ACA CAT ATG TGG GGA GAA AAA AAG AGG GGA GAT ATA TAA AAA AAC ACA CAA AAA AAG AGA GAA AAG AGT GTT TTA TAC ACT CTT TTT TTA TAA AAA AAG AGG GGT GTA TAA AAA AAA AAA AAC ACC CCA CAA AAC ACA CAT ATT TTT TTT TTT TTA TAT ATA TAA AAT ATC TCT CTT TTC TCA CAA AAT ATG TGA GAT ATT TTC TCT CTA TAT ATA TAC ACA CAG AGC GCC CCC CCA CAT ATC TCT CTT TTC TCC CCT CTT TTG TGT GTA TAA AAT ATT TTT TTA TAC ACG	22222222222222222222222222222222222222222222222222222222222222222222222222222222222222222222222222222222222222222222222222222222222222222222222222222222222222222220	Neuron	36983
GCT CTG TGT GTG TGC GCA CAC ACC CCG CGC GCT CTA TAC ACT CTG TGA GAT ATT TTT TTA TAG AGG GGA GAT ATG TGC GCA CAG AGG GGA GAG AGT GTG TGT GTG TGT GTG TGG GGC GCT CTT TTG TGG GGG GGG GGC GCT CTG TGC GCT CTT TTT TTG TGG GGG GGG GGA GAT ATG TGG GGG GGC GCT CTC TCG CGG GGA GAC ACC CCA CAT ATC	222222221222222222222222222222222222222222222222222222222222222212222222	Neuron	36851
TTG TGG GGG GGA GAA AAT ATA TAA AAC ACG CGA GAT ATT TTC TCC CCA CAT ATA TAG AGG GGT GTT TTG TGA GAA AAT ATC TCA CAA AAC ACA CAG AGG GGG GGA GAA AAA AAT ATA TAT ATT TTA TAG AGT GTG TGT GTG TGA GAA AAG AGG GGA GAA AAA AAA AAT ATG TGG GGT GTA TAA AAA AAA AAA AAT ATA TAC ACA CAC ACA CAA AAA AAC ACA CAA AAA AAC ACC CCC CCT CTT TTT TTG TGT GTT TTC TCT CTT TTC TCA CAA AAG AGA GAT ATG TGC GCA CAA AAA AAT ATC TCT CTG TGT GTG TGA GAC ACT CTG TGT GTG TGT GTG TGA GAA AAG AGC GCC CCA CAG AGA GAA AAG AGT GTG TGC GCT CTT TTT TTC TCG CGT GTA TAG AGT GTC TCA CAA AAT ATG TGT	222222222022222222222222222222222222222222222222222222222222222222222222222222222222222222222222222222222222222222222222222222222212222222222	Heart-Cardio	36854
GAC ACC CCG CGC GCT CTC TCT CTG TGG GGA GAC ACA CAT ATG TGA GAG AGG GGT GTA TAA AAG AGA GAG AGT GTA TAA AAT ATA TAT ATC TCT CTA TAG AGC GCA CAC ACC CCA CAT ATA TAC ACC CCC CCC CCA CAC ACG CGA GAG AGG GGT GTG TGG GGC GCT CTG TGA GAA AAT ATC TCG CGC GCA CAG AGC GCT CTG TGC GCC CCA CAG AGG GGC GCC CCT CTG TGC GCC CCA CAA AAG AGA GAA AAC ACA CAG AGA GAG AGA GAG AGA GAC ACA CAC ACA CAG AGC GCA CAC ACG CGG GGG GGA GAC ACA CAC ACA CAA AAG AGT GTC TCA CAG AGT GTT TTT TTC TCC CCA CAC ACT CTT TTG TGG GGA GAG AGA GAA AAT ATA TAT ATC TCA CAC ACA CAT ATG TGT GTG TGA GAG AGA GAA AAC ACA CAC ACA CAG AGT GTG TGG GGA GAG AGA GAC ACA CAC ACA CAG AGA GAG AGA GAG AGA GAC ACC CCC CCG CGT GTA TAA AAA AAT ATG TGC GCT CTT TTT	2212222222222222222222222222222222222222222222022222222222220222222222222222222222222222222222222220222222222222222222222222222222222222222222222222222222222222222222202222222222	Heart-Cardio	25282
CAG AGG GGT GTG TGT GTA TAA AAG AGC GCG CGC GCG CGC GCA CAC ACA CAG AGA GAT ATT TTC TCA CAG AGA GAG AGT GTC TCT CTG TGG GGC GCG	22222222202022222222222222222221	Oligodend	34467
GTG TGA GAT ATC TCA CAG AGG GGG GGC GCG CGC GCC CCC CCG CGC GCC CCC CCC CCG CGG GGC GCC CCA CAC ACC CCG CGC GCC CCT CTC TCC CCA CAC ACC CCA CAC ACA CAA AAT ATG TGC GCC CCC CCC CCA CAG AGA GAT ATG TGG GGC GCG CGT GTC TCC CCA CAG AGG GGT GTC TCG CGC GCA CAC ACA CAG AGG GGG GGA GAC ACA	22222222212221222212222221222222222222222222222222212222222212222222222	Neuron	37209
GGG GGT GTA TAG AGC GCG CGT GTT TTT TTC TCC CCA CAT ATG TGA GAA AAG AGA GAA AAT ATG TGA GAA AAA AAT ATA TAC ACG CGC GCT CTT TTT TTC TCC CCT CTG TGA GAG AGC GCA CAC ACG CGC GCA CAC ACA CAG AGC GCC CCT CTG TGC GCA CAT ATC TCG CGT GTC TCA CAC ACG CGG GGC GCC CCC CCC CCA CAC ACT CTC TCC CCC CCG CGT GTC TCT CTG TGA GAG AGC GCT CTC TCA CAC ACT CTC TCT CTC TCT CTG TGC GCA CAG AGG GGA GAC ACT CTC TCC CCC CCA CAA AAG AGG GGA GAC ACA CAA AAA AAT ATC TCA CAT ATG TGT GTG TGT GTC TCG CGC GCC CCT CTC TCT CTT TTG TGC GCC CCT CTG TGT GTG TGA GAA AAA AAG AGC GCC CCC CCA CAG AGA GAG AGC GCG CGT GTT TTC	2222212222222222222222222221222222222222212222222222222122221222222222221222222222222222222222222222222222222222222222122222222222222222222222221222	Neuron	25298
AAC ACC CCA CAC ACC CCA CAG AGC GCC CCG CGT GTT TTC TCT CTC TCT CTA TAA AAC ACC CCT CTC TCC CCC CCA CAC ACC CCA CAG AGT GTG TGA GAT ATG TGG GGG GGC GCC CCA CAC ACG CGC GCC CCA CAT ATG TGG GGC GCT CTA TAC ACT CTG TGG GGC GCC CCT CTT TTG TGT GTG TGC GCT CTG TGA GAT ATT TTG TGG GGC GCA CAC ACT CTG TGG GGA GAA AAG AGC GCT CTC TCC CCG CGT GTG TGA GAA AAG AGC GCT CTG TGG GGA	222222222122222222222222222222222222222212222222222222222222222222222222222222222212222222222	Neuron	26271
AGG GGT GTG TGG GGT GTT TTG TGC GCC CCG CGG GGT GTA TAA AAG AGT GTC TCT CTG TGG GGA GAG AGA GAA AAG AGG GGT GTG TGG GGT GTT TTT TTC TCT CTG TGT GTG TGC GCA CAG AGT GTG TGC GCT CTG TGT GTG TGA GAG AGC GCA CAG AGC GCA CAG AGC GCC CCA CAG AGA GAG AGT GTG TGG GGC GCA CAC ACG CGT GTG TGC GCA CAA AAA AAG AGA GAG AGA GAT ATG TGG GGG GGC GCA CAC ACT CTG TGA GAG AGG GGG GGA GAG AGG GGA GAA AAG AGA GAC ACA CAC ACT CTG TGC GCT CTC TCT CTT TTT TTA TAT ATT TTA TAA AAA AAG AGA GAC ACA CAA AAC ACA CAG AGA GAC ACA	222222222122222222222222222222222222222222222222222222222222222222202222222222222222222222222222222222222222222222222222222222	Oligodend	25466
CCC CCA CAC ACC CCT CTC TCC CCA CAC ACG CGG GGC GCC CCC CCA CAG AGG GGC GCT CTG TGG GGC GCG CGC GCT CTG TGG GGG GGC GCG CGT GTG TGC GCT CTG TGC GCC CCA CAC ACA CAG AGC GCT CTG TGC GCT CTG TGC GCT CTG TGA GAT ATG TGA GAC ACC CCT CTG TGC GCA CAG AGC GCT CTG TGC GCC CCG CGC GCT CTC TCG CGG GGC GCA CAC ACG CGG GGT GTC TCA CAG AGC GCC CCC CCG CGC GCT CTC TCA CAA AAG AGG GGA GAG AGC GCT CTC TCC CCT CTC TCA CAA AAT ATG TGA GAA AAC ACT CTG TGC GCT CTG TGC GCA CAG AGC GCC CCG CGC GCA CAG AGC GCT CTT TTG TGG GGC GCG CGC GCT CTG TGG GGC GCC CCT CTC TCC CCC CCG CGC GCG CGC GCC CCG CGC GCC CCG	222222222122222222222212222221222222222222222222222222222222222222122212222022222222022222222222222222222222222222222122222222212222222222121221221	Oligodend	34897
GAA AAT ATT TTG TGG GGA GAA AAG AGC GCG CGC GCT CTG TGC GCA CAC ACA CAA AAA AAA AAC ACC CCA CAA AAA AAG AGC GCA CAA AAA AAA AAC ACA CAA AAA AAA AAC ACC CCA CAC ACA CAG AGC GCC CCA CAG AGA GAA AAG AGC GCG CGC GCG CGT GTC TCC CCC CCT CTG TGC GCT CTG TGC GCT CTG TGT GTC TCG CGC GCT CTC TCC CCT CTG TGA GAG AGA GAA AAG AGC GCG CGG GGC GCT CTG TGC GCT CTG TGT GTC TCC	2222222220222222222222222222222222222222222222222212122222222222222122222222222202222222222	Neuron	34900
GGA GAA AAA AAG AGG GGA GAG AGA GAC ACG CGC GCA CAA AAG AGA GAC ACA CAA AAA AAA AAC ACG CGA GAC ACA CAT ATT TTA TAT ATT TTA TAC ACG CGG GGT GTG TGC GCT CTT TTT TTT TTC TCC CCA CAT ATT TTT TTT TTT TTC TCT CTT TTT TTT TTT TTG TGC GCA CAC ACA CAA AAA AAA AAA AAC ACA CAG AGT GTC TCC CCA CAT ATT TTT TTA TAT ATT TTC TCA CAA AAG AGT GTG TGT GTT TTC TCT CTC TCC CCA CAG AGC GCA CAC ACA CAA AAG AGT GTA TAC ACA CAT ATT TTA TAG AGA GAA AAA AAG AGG GGA GAG AGC GCT CTT TTT TTA TAT ATT TTA TAT ATA TAT ATT TTC TCT CTT TTC TCT CTG TGG GGG GGC GCA CAC ACA CAA AAA AAA AAA AAA AAA AAA AAA AAT ATG TGT GTG TGA GAT ATG TGA GAA AAG AGG GGC GCG CGG GGA GAA AAC ACT CTG TGA GAC ACA CAG	22222222202222222222212222222222122222222222222222222222222222222222222222222222222222222222222222222222222222222222222222222222222222222222222222222222222212222222222	Heart-Cardio	37261
GGG GGG GGC GCA CAG AGA GAG AGG GGC GCG CGG GGG GGT GTG TGG GGA GAT ATC TCA CAC ACT CTT TTG TGA GAG AGG GGT GTC TCA CAG AGG GGA GAG AGT GTC TCC CCG CGG GGT GTG TGA GAC ACC CCA CAG AGC GCC CCT CTG TGG GGC GCC CCA CAA AAC ACA CAT ATG TGA GAC ACG CGA GAA AAA AAC ACC CCC CCC CCG CGT GTC TCT CTC TCT CTA TAC ACT CTT TTA TAA AAA AAA AAT ATA TAC ACA CAA AAA AAA AAA AAA AAA AAT ATT TTA TAG AGC GCT CTG TGG GGG GGC GCA CAT ATA TAG AGT GTG TGG GGT GTG TGG GGG GGC GCA CAT ATC TCT CTG TGT GTA TAA AAT ATC TCC CCC CCA CAG AGC GCT CTG TGC GCT CTC TCA CAG AGG GGA GAG AGG GGC GCT CTG TGA GAG AGG GGC GCA CAG AGG GGA GAG AGA GAA AAT ATC TCG CGC GCT CTT TTG TGA GAA AAC ACC CCC CCG CGG GGG GGA GAG AGG GGC	22222222212222222222222222222222222212222222222222222222222212222222122222222222222222222222222222222222222222222222222222222222222222222222222222222222222212222222221222222	Oligodend	26251
GCG CGG GGG GGT GTG TGC GCG CGC GCG CGA GAG AGG GGA GAG AGC GCC CCC CCC CCA CAG AGC GCC CCT CTT TTC TCA CAC ACC CCT CTT TTC TCA CAC ACC CCC CCC CCC CCA CAC ACG CGC GCT CTG TGC GCA CAC ACA CAG AGC GCC CCG CGC GCG CGG GGC GCC CCG CGG GGC GCC CCA CAG AGC GCT CTC TCG CGC GCG CGT GTC TCA CAT ATT TTT TTT TTC TCC CCG CGA GAA AAA AAG AGC GCT CTG TGC GCC CCC CCC CCA CAT ATG TGA GAC ACG CGT GTC TCA CAC ACA CAG AGC GCC CCC CCT	022222020222222222222222222222222222222022222222220202220222222220202222222220222222222222222202222222222	Neuron	34360
GGA GAG AGC GCC CCG CGG GGC GCA CAG AGA GAG AGT GTG TGG GGG GGG GGG GGC GCC CCG CGC GCA CAG AGG GGA GAC ACA CAT ATT TTC TCC CCG CGA GAG AGA GAC ACG CGC GCA CAC ACG CGC GCG CGT GTG TGG GGC GCG CGG GGC GCA CAG AGC GCC CCA CAG AGG GGC GCA CAT ATT TTG TGC GCC CCC CCG	222202222222222222202222222222212222122202122221222222222222222221	Oligodend	34817
GTC TCA CAC ACC CCC CCA CAG AGG GGC GCG CGG GGG GGA GAG AGT GTG TGC GCA CAG AGT GTG TGG GGC GCG CGC GCG CGA GAT ATC TCT CTC TCG CGG GGC GCT CTC TCA CAC ACT CTG TGC GCA CAA AAC ACC CCT CTC TCC CCA CAC ACC CCT CTC TCC CCT CTG TGG GGG GGT GTT TTC TCA CAA AAG AGC GCA CAG AGT GTT TTC TCT CTC TCT CTG TGC GCC CCT CTC TCA CAG AGC GCC CCT CTC TCT CTT TTG TGA GAG AGT GTA TAG AGC GCT CTG TGG GGG GGA GAT ATT TTA TAC ACA CAA AAG AGC GCA CAT ATT TTC TCG CGC GCC CCA CAC ACC CCA CAT ATG TGC GCC	2222222221222222222222202022222022222222222222222222222222222222222222222222222222222222222222222222222222222202222222222	Heart-Cardio	25345
CAT ATT TTA TAG AGA GAT ATA TAA AAC ACG CGA GAC ACA CAG AGT GTA TAA AAG AGG GGG GGG GGA GAG AGC GCT CTG TGA GAG AGG GGA GAC ACA CAG AGC GCA CAG AGC GCA CAT ATC TCA CAC ACT CTA TAG AGC GCA CAC ACT CTC TCT CTA TAC ACC CCG CGG GGC GCC CCA CAT ATC TCC CCA CAG AGC	22222222212222222222222222222222222222222222222222222202222222222	Heart-Cardio	35041
GGC GCG CGT GTC TCT CTT TTA TAA AAG AGC GCC CCA CAG AGT GTG TGT GTG TGG GGG GGG GGA GAG AGT GTA TAT ATG TGG GGT GTT TTT TTC TCC CCC CCT CTG TGC GCC CCT CTT TTG TGC GCG CGT GTT TTC TCT CTG TGC	202222222222222222222222222222222222222220222222	Oligodend	34491
CTC TCT CTG TGG GGC GCT CTA TAG AGC GCG CGG GGA GAC ACT CTC TCA CAT ATT TTT TTC TCC CCC CCA CAG AGG GGC GCT CTC TCT CTC TCC CCC CCA CAC ACC CCC CCG CGC GCC CCA CAG AGC GCC CCA CAG AGC GCT CTG TGG GGG GGG GGA GAG AGG GGA GAC ACT CTG TGG GGG GGA GAA AAT ATG TGT GTG TGG GGG GGG GGG GGC GCA CAG AGC GCC CCG CGC GCA CAA AAG AGA GAG AGG GGA GAG AGA	22222222212222222222222222222222222212222222222222222222222222222222222222212222222222	Oligodend	34429
GGC GCC CCT CTG TGT GTC TCC CCG CGG GGC GCA CAC ACT CTG TGC GCT CTG TGA GAA AAG AGG GGT GTA TAA AAG AGG GGG GGT GTT TTC TCC CCG CGC GCG CGG GGT GTG TGC GCC CCC CCC CCG CGG GGG GGA GAG AGA GAG AGA GAG AGT GTC TCT CTC TCC CCA CAC ACT CTG TGC GCG CGG GGA GAA AAA AAA AAT ATT TTC TCT CTC TCT CTG TGT GTT TTA TAT ATT TTT TTT TTT TTC TCA CAA AAA AAT ATG TGC GCG CGT GTG TGA GAA AAA AAT ATT TTA TAG AGA GAC ACA CAC ACC CCC CCT CTT TTA TAG AGC GCA CAC ACA CAA AAC ACA CAA AAA AAT ATG TGC GCA CAC ACA CAG AGT GTA TAA AAT ATG TGC GCT CTG TGG GGT GTC TCA CAC ACC CCG CGT GTA TAT ATG TGT GTG TGC GCT CTT TTT TTC TCT CTG TGT GTT TTT TTG TGC GCA CAA AAG AGG GGT GTG TGG GGC GCA CAC ACG CGA GAG AGA GAG	2222222122222222222222222222222020222222202222222222222222220222222222222222222222222222022222222222222222222222222222222222222222222222220222222222222222222222222222202222	Heart-Cardio	25491
AGG GGA GAC ACA CAC ACC CCC CCC CCC CCG CGT GTC TCT CTC TCG CGC GCT CTC TCC CCC CCA CAC ACT CTG TGC GCT CTG TGT GTC TCA CAG AGT GTC TCC CCC CCA CAC ACC CCC CCC CCC CCC CCG CGG GGT GTA TAG AGG GGT GTG TGT GTC TCA CAC ACT CTT TTG TGG GGC GCA CAG AGC GCA CAA AAA AAT ATG TGT GTC TCT CTG TGG GGG GGA GAG AGC GCA CAG AGC GCT CTG TGC GCT CTG TGA GAT ATT TTC TCA CAG AGG GGG GGG GGC GCA CAT ATT TTC TCC CCT CTG TGG GGC GCA CAC ACA CAG AGT GTC TCG CGC GCT CTG TGG GGA GAG AGA GAG AGA GAC ACC CCG CGA GAC ACC CCC CCA CAA AAT ATG TGG GGG GGC GCA CAG AGG GGC GCA CAT ATC TCT CTG TGA GAG AGC GCG CGG GGT GTT TTC TCT CTG TGA GAC ACT CTG TGA GAG AGG GGG GGG GGC GCA CAG AGG GGC GCC CCG	222222222122221222222222222222222222222222122222222222222222222222222222222222222222222222222222222222222222202222222222212222222222222222222222212222222222222222222220	Oligodend	34881
CTG TGT GTG TGA GAT ATT TTA TAA AAC ACG CGA GAT ATA TAC ACC CCG CGG GGA GAG AGC GCT CTG TGA GAA AAG AGC	22222222202222212222222222	Heart-Cardio	25406
ACC CCC CCA CAG AGC GCA CAA AAT ATC TCG CGG GGG GGA GAC ACA CAT ATC TCC CCA CAA AAA AAA AAA AAA AAG AGT GTT TTT TTC TCA CAA AAA AAT ATC TCA CAT ATC TCA CAT ATA TAC ACG CGG GGA GAT ATT TTT TTC TCA CAG AGT GTC	2222222221222222222222222222222222222222212222222222	Heart-Cardio	26153
GCC CCA CAA AAG AGA GAT ATT TTG TGC GCG CGC GCC CCA CAC ACT CTG TGC GCA CAC ACT CTC TCC CCA CAG AGC GCC CCT CTG TGG GGG GGC GCT CTA TAC ACA CAG AGA GAG AGC GCA CAA AAG AGA GAC ACT CTC TCC CCG CGT GTC TCT CTC TCT CTA TAA AAA AAA AAA AAA AAA AAA AAA AAA AAA AAG AGA GAA AAA AAA AAG AGC GCC CCC CCC CCA CAA AAT ATA TAA AAT ATT TTA TAA AAC ACA CAA AAA AAA AAG AGC GCG CGA GAT ATT TTC TCT CTG TGT GTA TAC ACT CTG TGT GTA TAT ATG TGC GCC CCT CTA TAC ACA CAT ATG TGG GGG GGG GGC GCC CCA CAG AGC GCC CCC CCT CTT TTG TGT GTG TGC GCT CTG TGG GGT GTG TGT GTT TTT TTG TGC GCT CTG TGT GTG TGA GAA	22222222212222222222222222222222222222222222222122222222222222222222222222222222222222222212222222222222222222222222222222222222222222222222222222	Heart-Cardio	37198
ACA CAG AGG GGT GTT TTC TCA CAG AGC GCG CGA GAG AGA GAC ACC CCT CTG TGG GGA GAG AGC GCT CTG TGC GCT CTG TGG GGG GGG GGC GCA CAC ACC CCT CTG TGG GGA GAA AAA AAG AGA GAA AAC ACA CAT ATG TGG GGA GAT ATC TCT CTG TGT GTC TCT CTC TCT CTC TCC CCG CGC GCT CTC TCT CTC TCA CAT ATC TCA CAT ATC TCC CCC CCA CAA AAC ACC CCA CAG AGA GAG AGT GTC TCG CGT GTC TCT CTG TGC GCT CTC TCC CCA CAT ATT TTC TCC CCT CTA TAA AAA AAT ATT TTC TCT CTC TCT CTA TAC ACT CTC TCA CAA AAC ACT CTT TTT TTC TCC CCT CTC TCA CAC ACG CGT GTA TAC ACC CCC CCT CTG TGA GAC	2222222220222222222222222222222222222222222222222222222222212222222222222222222222212222222222222222222222222222222222222221222222222	Neuron	25858
TCT CTA TAG AGT GTA TAG AGC GCT CTG TGC GCA CAG AGA GAT ATT TTG TGA GAC ACA CAA AAG AGC GCG CGG GGC GCT CTT TTT TTT TTC TCC CCC CCA CAA AAC ACC CCA CAG AGA GAT ATG TGA GAC ACA CAT ATT TTT TTT TTG TGG GGC GCT CTG TGC GCA CAA AAG AGA GAA AAT ATC TCC CCG CGT GTG TGG GGC GCC CCC CCG CGT GTT TTC TCT CTT TTG TGC GCC CCT CTC TCT CTG TGT GTG TGC GCA CAG AGC GCC CCA CAA AAG AGC GCT CTC TCC CCT CTT TTC TCG CGC GCT CTG TGT GTC TCT CTT TTT TTC TCT CTC TCA CAA AAA AAC ACT CTG TGC GCA CAG AGT GTC TCC CCT CTG TGA GAG AGT GTT TTC TCA CAG AGC GCT CTT TTC TCG CGC GCT CTT TTA TAG AGC GCA CAG AGT GTG	222222222222222222222212222222222222222222222222222222222222221222222122222222222222222222222222222122222222222222222222222222222222222212222222222	Heart-Cardio	34428
TTT TTG TGG GGG GGA GAG AGG GGC GCC CCG CGA GAG AGG GGC GCG CGG GGG GGT GTG TGG GGA GAT ATC TCT CTC TCC CCT CTG TGA GAG AGG GGG GGC GCA CAG AGG GGA GAG AGT GTT TTC TCG CGA GAG AGA GAC ACC CCA CAG AGC GCC CCT	2222222220222202222222222222222222222222202222222222	Neuron	34802
GTG TGT GTT TTG TGA GAT ATC TCG CGA GAA AAG AGG GGC GCC CCG CGG GGT GTT TTG TGC GCT CTC TCA CAC ACC CCG CGC GCT CTG TGT GTT TTC TCT CTC TCA CAC ACG CGG GGA GAG AGG GGG GGG GGT GTG TGG GGG GGC GCA CAG AGC GCT CTC TCT CTG TGC GCC CCC CCT CTC TCC CCT CTT TTG TGT GTT TTG TGG GGG GGA GAT ATG TGC GCC CCA CAG AGT GTC TCA CAC ACA CAG AGC GCA CAG AGA GAT ATA TAC ACC CCA CAA AAA AAA AAG AGG GGT GTA TAA AAT ATC TCT CTT TTG TGA GAA AAC ACG CGA GAG AGG GGC GCT CTA TAG AGC GCG CGT GTG TGG GGC GCT CTG TGT GTT TTG TGG GGA GAT ATG TGT GTG TGC GCG CGT GTG TGG GGG GGA GAC ACT CTG TGG GGG GGC GCG CGG GGT GTG TGC GCC CCA CAG AGG GGA GAC ACT CTA TAA AAG AGG GGG GGC GCC CCA CAA AAC ACT CTG TGC GCA CAG AGG GGT GTC TCA CAG AGG GGA GAG AGT GTT TTT TTT TTG TGA GAG AGT GTC TCC CCT CTT TTT TTT TTT TTG TGC GCT CTT TTT TTT TTT TTT TTT TTA TAA AAA AAT ATG TGG GGA GAA AAG AGC GCC CCA CAA AAC ACC CCG CGA GAG AGC GCC	22222221222222122222222220222222222212222222222222222222222222222222222222222222222222222222222222222222222022222222022222222222222220222222222220222222222222222222222222222222222222222222222222222222222222222222222222202222	Heart-Cardio	26223
GTC TCC CCC CCG CGA GAT ATA TAA AAC ACC CCT CTG TGG GGC GCT CTG TGC GCT CTG TGC GCC CCC CCA CAC ACT CTG TGC GCC CCC CCA CAA AAG AGC GCG CGC GCC CCA CAG AGA GAG AGC GCA CAC ACA CAC ACG CGG GGC GCC CCA CAC ACC CCA CAA AAT ATG TGA GAG AGA GAG AGC GCT CTG TGT GTG TGC GCT CTT TTC TCC CCC CCT CTG TGG GGT GTC TCC CCT CTG TGG GGG GGT GTT TTA TAA AAA AAA AAA AAT ATA TAT ATC TCC CCC CCC CCG CGT GTA TAA AAG AGT GTG TGA GAC ACA CAA AAG AGA GAC ACT CTT TTT TTG TGA GAG AGA GAA AAT ATT TTT TTC TCG CGT GTC TCT CTC TCT CTC TCC CCA CAG AGT GTC TCA CAC ACT CTC TCA CAC ACA CAT ATG TGG GGG GGG GGG GGG GGC GCG CGA GAG AGG GGA GAC ACA CAG AGC GCT CTC TCT CTT TTG TGG GGC GCT CTC TCC CCG CGC GCG CGT GTC TCT CTC TCG CGC GCC CCC CCG CGG GGC GCT CTG TGC GCA CAT ATC TCT CTG TGA GAT ATG TGC GCC CCT CTC TCC CCC CCT CTG TGG GGG GGC GCT CTG TGA GAA AAG AGC GCT CTG TGC GCA CAT ATC TCT CTC TCA CAT ATG TGA GAA AAA AAC ACA CAG AGA GAC ACG	2221222222222222222222222222222221222222222220222222222222222222222222222222222222222222222222212222222222222222222222222122222222222222222222222222122222222222222222212122221222122222222222222222222222222222222222222222222222221	Neuron	25702
CTT TTC TCT CTT TTC TCA CAT ATT TTC TCG CGG GGC GCT CTC TCA CAC ACT CTG TGA GAG AGC GCA CAC ACT CTT TTG TGT GTG TGG GGG GGG GGG GGC GCA CAC ACG CGA GAC ACC CCT CTC TCA CAT ATC TCT CTT TTC TCT CTA TAA AAA AAG AGG GGC GCA CAT ATC TCT CTT TTT TTT TTC TCT CTT TTC TCC CCA CAA AAA AAT ATG TGG GGT GTC TCC CCA CAG AGC GCA CAA AAA AAT ATT TTC TCT CTT TTT TTA TAG AGA GAA AAA AAA AAG AGG GGA GAA AAA AAA AAT ATA TAC ACA CAG AGG GGG GGA GAA AAA AAG AGG GGG GGA GAT ATA TAA AAA AAC ACC CCT CTC TCA CAC ACT CTG TGA GAC ACT CTT TTG TGG GGA GAG AGG GGA GAA AAA AAT ATC TCA CAA AAG AGA GAG AGG GGA GAG AGT GTG TGA GAG AGC GCA CAC ACA CAG AGC GCA CAT ATC TCA CAG AGA GAA AAA AAG AGC GCC CCC CCC CCC CCT CTG TGG GGC GCC CCC CCC CCA CAG AGA GAC ACT CTG TGC GCA CAC ACC CCC CCG CGC GCT CTT TTT TTC TCC CCT CTG TGG GGC	22222222202222222222222222222222222022222222222222222222222222222222222222222222222222222222222222222222222222222222222222222222222222222222222222222222222222222222222222222222222222222222202222222222	Heart-Cardio	25720
TTA TAT ATT TTA TAA AAT ATA TAT ATC TCG CGT GTC TCA CAG AGG GGT GTG TGT GTG TGA GAT ATA TAA AAT ATG TGG GGT GTC TCT CTG TGA GAG AGG GGT GTT TTA TAG AGG GGG GGT GTT TTT TTT TTG TGA GAG AGT GTT TTT TTA TAA AAA AAG AGA GAA AAG AGA GAA AAA AAA AAG AGC GCT CTC TCC CCC CCT CTT TTT TTG TGC GCT CTA TAA AAC ACA CAC ACT CTG TGA GAA AAG AGT GTG TGT GTT TTG TGG GGT GTG TGA GAG AGT GTG TGG GGA GAG AGA GAT ATG TGA GAC ACC CCT CTC TCA CAT ATC TCT CTC TCT CTG TGA GAG AGA GAC ACT CTT TTG TGC GCT CTG TGA GAT ATG TGG GGT GTG TGC GCT CTT TTC TCC CCA CAG AGC GCA CAG AGA GAG AGA GAA AAC ACA CAC ACG	22222222212222222222222222222222222222222222222222222222222222222222222222222222222222222222222222222222222222222222222222222222222222222222222220	Heart-Cardio	37166
CTG TGG GGA GAG AGT GTC TCT CTG TGC GCG CGA GAT ATC TCC CCC CCA CAT ATT TTG TGG GGG GGT GTG TGG GGC GCA CAG AGT GTT TTC TCC CCA CAA AAT ATC TCT CTC TCA CAA AAG AGA GAA AAC ACA CAC ACA CAG AGC GCA CAA AAC ACA CAC ACG CGC GCT CTG TGT GTA TAA AAA AAG AGT GTT TTT TTC TCC CCA CAG AGG GGG GGC GCA CAG AGC GCA CAT ATT TTT TTG TGG GGA GAT ATG TGG GGC GCA CAG AGA GAG AGA GAC ACA CAT ATG TGG GGT GTT TTG TGT GTT TTT TTC TCC CCA CAT ATG TGT GTG TGG GGT GTC TCT CTC TCT CTG TGC GCT CTC TCT CTG TGA GAC ACT CTC TCC CCA CAA AAT ATA TAG AGA GAG AGA GAT ATC TCG CGG GGA GAA AAG AGG GGC GCT CTC TCT CTC	222222222022222222222222222222222222222222222222222220222222222222222222222222222222222222222222222222222222222222222222222222222222222202222222222	Heart-Cardio	34732
AGT GTG TGT GTA TAG AGT GTG TGG GGC GCG CGC GCA CAA AAT ATC TCT CTC TCG CGG GGC GCT CTC TCA CAC ACT CTG TGC GCA CAA AAC ACC CCT CTC TCT CTA TAC ACC CCT CTC TCC CCT CTG TGG GGG GGT GTT TTC TCA CAA AAG AGC GCA CAG AGT GTT TTC TCT CTC TCT CTG TGC GCT CTT TTC TCA CAG AGC GCT CTT TTC TCC CCC CCA CAA AAA AAT ATA TAG AGC GCT CTG TGG GGG GGA GAT ATT TTA TAC ACA CAG AGG GGC GCA CAC ACC CCC CCG CGC GCC CCA CAC ACC CCA CAG AGA GAC ACC	22222222202222222022222222222222222222222222222222222222222222222222222222222222222222222222222202222222222	Heart-Cardio	25823
CAC ACC CCA CAG AGC GCC CCA CAT ATC TCG CGT GTG TGC GCA CAG AGC GCC CCC CCA CAG AGC GCG CGT GTG TGG GGT GTG TGA GAT ATC TCC CCC CCA CAG AGC GCC CCG CGC GCC CCC CCC CCT CTG TGT GTC TCC CCC CCG CGT GTC TCG CGC GCT CTG TGT GTC TCC CCT CTC TCG CGC GCC CCC CCT CTA TAC ACA CAT ATT TTG TGA GAG AGT GTA TAC ACA CAC ACG CGC GCC CCG CGG GGC GCC CCA CAG AGC GCC CCC CCG CGG GGC GCC CCT CTA TAC ACG CGC GCC CCC CCA CAG AGT GTA TAC ACC CCC CCA CAC ACC CCG CGG GGC GCC CCA CAC ACC CCT CTA TAT ATG TGA GAC ACC CCA CAG AGT GTA TAC ACC CCC CCA CAT ATA TAC ACG CGC GCC CCG CGC GCC CCT CTC TCG	222222222122222222222022222222222222022222222221220222222221222222222222222221220222222220222222022222222222220222222222222222222222222022022220	Heart-Cardio	26172
GGG GGA GAA AAT ATG TGA GAA AAG AGC GCG CGA GAA AAT ATG TGA GAC ACC CCC CCC CCT CTT TTT TTG TGC GCC CCT CTG TGG GGC GCG CGC GCC CCT CTG TGG GGC GCA CAT ATG TGC GCA CAG AGT GTA TAG AGT GTG TGT GTG TGT GTT TTA TAG AGT GTG TGT GTA TAG AGC GCT CTA TAA AAG AGG GGC GCA CAT ATT TTT TTT TTA TAT ATC TCA CAA AAG AGT GTC TCC CCA CAG AGT GTT TTG TGC GCT CTT TTG TGG GGG GGG GGA GAG AGA GAA AAC ACA CAA AAC ACA CAC ACT CTA TAA AAA AAA AAC ACT CTT TTG TGT GTT TTT TTA TAA AAG AGC GCA CAC ACG CGT GTG TGA GAT ATT TTG TGG GGA GAT ATG TGT GTC TCG CGT GTC TCT CTT TTA TAT ATC TCA CAT ATC	22222222202222222222222222222022222222222222222222222222222222222222222222222222222222222222222222222222222222222222222022222222222202222222222	Heart-Cardio	25786
GAG AGG GGC GCG CGG GGG GGC GCG CGG GGA GAT ATC TCA CAC ACC CCA CAC ACG CGT GTC TCA CAG AGG GGA GAG AGA GAT ATG TGG GGA GAG AGA GAC ACC CCA CAT ATC TCC CCT CTG TGG GGC GCT CTA TAA AAC ACA CAC ACG CGG GGT GTG TGA GAA AAA AAC ACC CCC CCT CTG TGT GTC TCT CTC TCT CTA TAC ACT CTA TAA AAA AAA AAA AAT ATA TAG AGA GAA AAA AAA AAA AAA AAT ATT TTA TAG AGC GCC CCA CAG AGG GGC GCA CAC ACG CGG GGT GTG TGG GGC	2221222122222222212222222222222222222222222222220222222222222222222222222222222222222222222222122222	Neuron	26147
CCA CAA AAG AGG GGA GAG AGC GCC CCC CCG CGG GGG GGA GAG AGA GAT ATG TGA GAT ATG TGC GCT CTT TTA TAA AAA AAA AAT ATA TAA AAT ATT TTC TCT CTT TTT TTA TAT ATG TGC GCC CCC CCA CAG AGG GGC GCA CAG AGA GAA AAA AAT ATA TAA AAA AAT ATG TGC GCC CCT CTT TTT TTG TGC GCA CAG AGT GTT TTT TTT TTA TAG AGT GTA TAA AAC ACC CCA CAT ATG TGA GAA AAG AGC GCA CAT ATC TCG CGT GTG TGG GGG GGG GGC GCA CAC ACG	2222222221222222222222222222222222222222222222222222222222222222222222222222222222222220222222220	Oligodend	34774
CCC CCA CAG AGT GTC TCT CTA TAT ATC TCG CGC GCC CCA CAA AAC ACC CCC CCC CCC CCG CGG GGA GAG AGA GAG AGT GTC TCT CTC TCA CAA AAG AGC GCT CTT TTG TGA GAA AAG AGC GCC CCG CGG GGA GAG AGA GAC ACA CAA AAG AGA GAA AAG AGC GCC CCT CTG TGA GAT ATG TGC GCC CCA CAA AAG AGT GTA TAG AGC GCT CTC TCC CCA CAG AGG GGG GGA GAA AAC ACG CGC GCA CAT ATG TGT GTG TGG GGA GAT ATC TCC CCT CTA TAG AGA GAC ACA CAG AGC GCG CGC GCC CCT CTT TTA TAT ATC TCT CTA TAT ATG TGA GAT ATT TTG TGA GAG AGT GTG TGT GTC TCC CCG	222222222122222222212222222222222222222220222222222222222222222222222222222222212222222222222222222122222222222222222222221	Oligodend	34809
TCA CAG AGA GAC ACC CCC CCC CCC CCC CCG CGA GAC ACC CCC CCT CTC TCA CAG AGC GCC CCT CTT TTC TCA CAC ACT CTC TCC CCC CCA CAG AGG GGA GAG AGA GAG AGC GCC CCT CTC TCC CCT CTT TTG TGG GGC GCC CCT CTG TGC GCT CTT TTT TTT TTC TCT CTT TTT TTT TTT TTT TTT TTC TCT CTT TTT TTT TTA TAC ACC CCT CTT TTT TTT TTT TTC TCT CTT TTT TTT TTT TTT TTT TTT TTT TTT TTT TTA TAA AAG AGT GTC TCG CGG GGA GAG AGT GTT TTG TGC GCT CTC TCT CTG TGT GTG TGG GGC GCC CCC CCA CAG AGG GGC GCT CTG TGG GGA GAG AGT GTA TAC ACA CAG AGT GTG TGG GGT GTG TGC GCA CAG AGT GTC TCC CCT CTA TAG AGC GCT CTC TCA CAC ACT CTG TGC GCA CAG AGC GCC CCT CTC TCC CCA CAC ACC CCT CTC TCC CCT CTG TGG GGG GGC GCT CTG TGA GAA AAG AGC GCG CGA GAT ATC TCC CCT CTC TCC CCC	22222222202222222222222222222222222222222222222222222222222222222222222222222222222222222222122222222222222222222222222222222222222222222222222222222222222222222222222222022222222	Neuron	36560
TGC GCC CCC CCC CCC CCA CAG AGC GCC CCG CGA GAG AGC GCT CTG TGC GCA CAG AGG GGC GCG CGA GAG AGA GAA AAG AGG GGT GTC TCA CAT ATG TGA GAC ACT CTG TGT GTT TTG TGT GTT TTC TCT CTG TGC GCT CTT TTC TCG CGG GGC GCT CTT TTC TCG CGC GCC CCA CAT ATC TCT CTG TGT GTA TAA AAA AAG AGT GTG TGG GGA GAC ACA CAG AGA GAG AGA GAA AAA AAA AAC ACC CCT CTG TGT GTA TAG AGT GTG TGT GTT TTT TTA TAC ACC CCA CAG AGC GCT CTT TTC TCT CTG TGG GGA GAA AAT ATA TAC ACT CTG TGT GTG TGC GCG CGC GCT CTT TTT TTG TGT GTC TCC CCT CTG TGT GTG TGC GCC CCA CAC ACA CAT ATG TGT GTT TTG TGT GTT TTC TCT CTA TAG AGG GGC GCA CAC ACG CGG GGG GGC GCC CCC CCT CTT TTC TCC CCC CCA CAC ACA CAC ACG CGG GGC GCG CGT GTT TTG TGA GAC ACA CAG AGC GCC CCA CAG AGG GGC GCT CTA TAG AGG GGG GGG GGG GGA GAA AAC ACA CAA AAT ATA TAC ACT CTC TCT CTC TCC CCT CTC TCT CTT TTT TTG TGA GAA AAG AGT GTA TAA AAC ACT CTG TGT GTG TGA GAA AAC ACC CCA CAT ATG TGG GGC GCG CGT GTG TGT GTG TGC	222222222122222222220222222222222222222222222222022222022222222222222222222222222222222222222222222222222222222222022222222222222222222222222222222122222222222222022022222222222222222222222222222222222222222222222222222222222022222	Oligodend	36362
GCA CAC ACG CGG GGA GAG AGC GCG CGC GCA CAC ACG CGG GGT GTG TGC GCA CAA AAT ATC TCC CCG CGT GTG TGG GGC GCA CAG AGA GAT ATA TAC ACA CAG AGT GTC TCG CGG GGG GGA GAA AAG AGC GCG CGC GCT CTT TTG TGC GCC CCT CTG TGG GGA GAA AAC ACT CTC TCG CGC GCG CGA GAT ATC TCA CAG AGG GGT GTG TGC GCG CGA GAG AGG GGG GGG GGG GGG GGA GAG AGT GTT TTC TCC CCC CCC CCG CGG GGC GCC CCG CGG GGC GCC CCT CTC TCA CAC ACC CCC CCT CTG TGA GAT ATG TGA GAT ATG TGA GAC ACC CCC CCC CCG CGG GGT GTG TGC GCC CCA CAC ACC CCC CCC CCC CCG CGA GAG AGC GCG CGT GTA TAC ACG	22122221222122222222212222222222222212222221222222222222221212222222221222222222222222022212222222222222222222222022222222222122212221	Heart-Cardio	36677
AAA AAA AAT ATG TGC GCA CAG AGC GCC CCG CGC GCC CCT CTC TCC CCC CCT CTC TCC CCC CCA CAG AGG GGC GCA CAG AGT GTG TGC GCC CCT CTT TTG TGT GTC TCA CAC ACT CTG TGA GAC ACA CAC ACT CTG TGG GGC GCT CTG TGG GGG GGA GAG AGT GTA TAG AGA GAG AGA GAA AAG AGC GCG CGG GGG GGG GGG GGC GCA CAG AGA GAA AAG AGC GCA CAC ACC CCA CAG AGT GTG TGG GGG GGG GGG GGG GGC GCC CCA CAC ACC CCT CTG TGG GGG GGT GTG TGG GGT GTG TGG GGG GGT GTG TGC GCA CAT ATA TAA AAG AGC GCG CGC GCT CTG TGA GAA AAG AGG GGC GCC CCA CAG AGG GGG GGC GCC CCA CAA AAC ACC CCC CCA CAT ATC TCC CCT CTA TAG AGC GCT CTG TGT GTG TGT GTA TAA AAC ACT CTG TGT GTG TGG GGG GGC GCA CAA AAG AGG GGG GGA GAC ACC CCT CTA TAG AGA GAC ACT CTC TCG CGC GCT CTG TGT GTG TGC GCC CCT CTC TCA CAG AGT GTT TTT TTC TCC CCT CTT TTA TAT ATC TCT CTG TGT GTA TAA AAA AAG AGC GCG CGG GGG GGG GGT GTT TTG TGA GAG AGC GCA	2222222220222222222222222222222222222222222222222222222222222202222222222222222222222222222222222222222222222220222222222222222222222222222222222222222222222222222222222202222222222222222222222222222212222222222	Heart-Cardio	25576
GAT ATG TGG GGG GGG GGT GTT TTT TTC TCG CGC GCC CCA CAT ATG TGT GTT TTG TGG GGT GTC TCA CAG AGG GGC GCT CTG TGG GGT GTC TCT CTC TCG CGA GAT ATC TCT CTC TCC CCT CTG TGA GAC ACC CCT CTT TTA TAA AAG AGC GCG CGA GAT ATC TCT CTC TCC CCC CCC	22222222212222222222222222222222122222222222222222022222222	Neuron	25313
GGC GCG CGC GCC CCA CAT ATG TGC GCC CCC CCT CTA TAC ACT CTC TCA CAC ACC CCT CTT TTC TCC CCC CCA CAT ATT TTC TCT CTC TCG CGG GGT GTT TTT TTC TCA CAG AGC GCA CAA AAT ATG TGA GAC ACC CCT CTT TTG TGC GCC CCT CTC TCC CCC CCT CTC TCC CCC CCG CGG GGG GGA GAC ACA CAA AAA AAA AAT ATC TCT CTT TTG TGG GGC GCT CTT TTT TTG TGA GAC ACA CAA AAA AAC ACT CTC TCT CTT TTC TCC CCT CTT TTG TGT GTC TCA CAT ATC TCG CGG GGG GGC GCA CAC ACG CGA GAA AAG AGC GCA CAC ACT CTC TCA CAG AGT GTG TGC GCG CGA GAA AAT ATG TGT GTC TCA CAA AAA AAG AGG GGG GGC GCC CCG CGG GGG GGT GTC TCT CTG TGG GGG GGC GCC	212222222222222222222222222220222222222222222222222222222212222222222222222222222222222222222222221222221222222222222212222222222222212222222222	Oligodend	25841
GAT ATG TGG GGA GAC ACT CTA TAA AAC ACG CGT GTA TAA AAT ATG TGA GAC ACT CTA TAG AGG GGG GGT GTT TTA TAG AGT GTA TAT ATC TCT CTC TCT CTT TTT TTC TCA CAC ACA CAA AAG AGG GGC GCC CCT CTG TGC GCC CCT CTC TCT CTC TCT CTT TTA TAA AAT ATC TCC CCA CAA AAA AAA AAT ATT TTG TGG GGA GAA AAA AAA AAC ACT CTT TTG TGG GGG GGA GAG AGT GTG TGT GTC TCT CTA TAG AGT GTA TAT ATT TTT TTT TTC TCC CCA CAT ATA TAG AGA GAT ATA TAC ACT CTA TAT ATT TTC TCA CAA AAC ACT CTA TAA AAT ATT TTA TAC ACT CTC TCA CAG AGT GTA TAC ACA CAA AAC ACT CTC TCT CTG TGT GTG TGC GCT CTT TTG TGT GTT TTA TAC ACT CTA TAC ACG CGG GGT GTC TCA CAC ACC CCA CAT ATT TTT	22222222212222222222222222222222222222222222222222222222222222222222222222222222222222222222222222222222222222222222222222222222222222222222222202222222222	Neuron	37245
GGC GCA CAG AGA GAA AAC ACT CTG TGC GCT CTT TTG TGA GAA AAC ACC CCT CTG TGG GGG GGA GAG AGG GGC GCG CGG GGA GAG AGA GAC ACT CTG TGC GCA CAG AGT GTG TGA GAG AGC GCC CCA CAA AAG AGA GAT ATC TCA CAC ACG CGC GCA CAC ACT CTG TGC GCA CAC ACT CTC TCC CCA CAG AGC GCA CAT ATG TGG GGG GGT GTG TGA GAC ACA CAG AGA GAA AAT ATG TGA GAG AGA GAC ACT CTC TCT CTG TGC GCC CCT CTC TCA CAA AAA AAA AAA AAA AAA AAA AAC ACA CAG AGG GGA GAA AAA AAG AGA GAG AGA GAG AGG GGA GAG AGG GGG GGA GAG AGA GAC ACA CAG AGA GAC ACC CCC CCC CCA CAA AAA AAG AGT GTT TTT TTT TTC TCA CAG AGT GTC TCC CCT CTG TGT GTT TTA TAG AGG GGG GGG GGC GCA CAA AAG AGT GTG TGT GTA TAG AGC GCC CCT CTT TTC TCT CTG TGC GCT CTG TGG GGC GCA CAC ACT CTC TCA CAC ACG CGA GAT ATC	2222222222222222222222221222222222222222222222222122222222222222222222222222222222222222222222222222222222222222222222222222222222222222222222222222222222222222222222222222222221222	Oligodend	26222
CTC TCA CAG AGT GTT TTT TTT TTG TGC GCG CGA GAA AAA AAA AAA AAT ATA TAT ATA TAT ATA TAA AAC ACA CAT ATT TTG TGA GAT ATG TGA GAT ATT TTT TTT TTT TTC TCT CTC TCC CCC CCT CTC TCT CTG TGC GCT CTT TTT TTC TCT CTT TTT TTT TTT TTC TCT CTT TTT TTA TAT ATA TAT ATT TTG TGG GGT GTA TAG AGT GTT TTG TGG GGA GAC ACA CAT ATC TCG CGT GTC TCA CAT ATT TTT TTC TCA CAG AGT	22222222202222222222222222222222222222222222222222222222222222222222222222222202222222222	Heart-Cardio	36554
GCC CCA CAA AAA AAG AGC GCT CTG TGC GCG CGG GGG GGC GCC CCA CAG AGG GGC GCG CGC GCA CAG AGC GCC CCA CAT ATA TAC ACC CCT CTT TTG TGT GTG TGA GAC ACA CAA AAT ATA TAG AGT GTG TGC GCA CAC ACA CAG AGC GCA CAG AGA GAG AGA GAC ACG CGA GAT ATC TCT CTG TGC GCC CCG CGG GGA GAA AAG AGA GAA AAG AGT GTG TGC GCC CCG CGG GGG GGT GTC TCT CTC TCC CCC CCT CTC	22222222202222222202222222222222222222222222222222222220222222212222222222212222222222	Oligodend	36337
TGA GAG AGG GGA GAA AAC ACA CAG AGC GCG CGG GGC GCT CTC TCT CTT TTG TGC GCT CTC TCT CTG TGC GCC CCA CAG AGG GGC GCG CGG GGA GAC ACC CCA CAC ACA CAG AGG GGC GCC CCC CCC CCA CAC ACA CAT ATC TCC CCA CAT ATC TCC CCA CAC ACC CCA CAG AGC GCC CCA CAG AGT GTC TCC CCC CCA CAT ATC TCA CAG AGC GCT CTC TCT CTA TAC ACC CCT CTT TTG TGA GAA AAA AAC ACA CAG AGA GAG AGC GCC CCA CAG AGC GCA CAT ATC TCT CTG TGA GAC ACC CCC CCC CCT CTG TGG GGC GCC CCA CAC ACC CCA CAC ACC CCG CGC GCC CCA CAC ACC CCA CAC ACA CAA AAG AGC GCA CAC ACA CAA AAG AGT GTG TGA GAT ATG TGT GTT TTC TCT CTG TGG GGT GTA TAA AAA AAT ATG TGC GCT CTC TCA CAA AAC ACA CAG AGC GCC CCA CAG AGC GCT CTC TCT CTC TCT CTG TGG GGG GGG GGC GCG CGC GCA CAG AGA GAG AGG GGC GCA CAG AGG	22222222202222222222222222221222222222222222222222222222222222222222222222222222222222222222222222222222222222222212222222222222222222222222222222222222222222222222222222212222222222	Oligodend	25523
CCA CAG AGG GGA GAG AGA GAC ACC CCC CCG CGG GGG GGA GAC ACA CAG AGT GTC TCC CCA CAA AAT ATT TTC TCC CCC CCC CCC CCT CTA TAA AAG AGT GTG TGA GAC ACT CTA TAG AGC GCT CTA TAA AAC ACT CTC TCA CAG AGG GGG GGA GAA AAG AGA GAA AAA AAT ATG TGC GCA CAA AAA AAA AAA AAG AGG GGA GAA AAG AGC GCA CAT ATG TGG GGT GTG TGT GTG TGT GTG TGG GGC GCG CGG GGG GGC GCA CAC ACA CAC ACA CAT ATG TGT GTG TGA GAC ACT CTA TAG AGT GTG TGA GAA AAT ATG TGG GGT GTG TGA GAC ACT CTG TGG GGG GGG GGC GCA CAT ATT TTG TGT GTA TAC ACC CCA CAA AAC ACA CAC ACA CAG AGA GAG AGA GAG AGG GGC GCT CTA TAT ATT TTC TCA CAC ACC CCA CAT ATC TCA CAA AAC ACA CAT ATG TGG GGG GGG GGC GCC CCA CAT ATG TGC GCC CCC CCT CTG TGT GTC TCA CAC ACA CAG AGC GCG CGG GGA GAG AGA GAT ATG TGA GAT ATC TCA CAG AGG	22222222212222222222222222222222222222222222222222222222222222222222222222222222221222222222222222222222222222222222222222222222222222222222222222222222222222222222222222222221222222222222	Heart-Cardio	36325
CTG TGG GGA GAA AAG AGC GCT CTT TTC TCG CGT GTC TCT CTC TCA CAG AGA GAT ATG TGG GGG GGC GCA CAC ACC CCC CCG CGG GGC GCC CCA CAT ATA TAT ATG TGA GAG AGG GGT GTG TGT GTC TCA CAG AGT GTC TCG CGG GGC GCC CCC CCC CCT CTA TAC ACT CTG	222222222022222222222222221222222222222222222212222222222	Oligodend	26045
CTA TAA AAA AAG AGG GGT GTG TGT GTC TCA CAC ACA CAC ACA CAA AAA AAA AAG AGT GTC TCT CTT TTC TCT CTC TCA CAA AAA AAA AAG AGA GAA AAA AAT ATA TAG AGT GTC TCA CAC ACC CCA CAA AAA AAT ATT TTA TAT ATT TTA TAT ATT TTT TTC TCC CCC CCT CTT TTT TTA TAG AGT GTC TCA CAT ATG TGA GAT ATA TAC ACA CAA AAT ATG TGA GAT ATT TTG TGT GTT TTT TTC TCA CAG AGA GAT ATC TCC CCT CTT TTT TTG TGT GTC TCA CAG AGT GTG TGT GTG TGT GTT TTG TGG GGG GGG GGA GAA AAC ACA CAA AAT ATT TTG TGC GCT CTA TAT ATT TTA TAT ATT TTC TCG CGG GGG GGT GTT TTT TTT TTG TGT GTT TTT	22222222222222222222222222222222222222222222222222222222222222222222222222222222222222222222222222222222222222222222222222202222222222	Oligodend	37131
GTC TCA CAC ACA CAC ACA CAC ACG CGG GGA GAG AGA GAG AGG GGA GAG AGG GGA GAG AGG GGG GGA GAG AGT GTG TGC GCT CTC TCC CCA CAG AGG GGC GCA CAT ATC TCT CTA TAG AGT GTG TGG GGG GGT GTA TAG AGA GAG AGG GGG GGC GCA CAG AGA GAG AGG GGT GTG TGC GCC CCG CGA GAC ACA CAC ACC CCT CTC TCC CCC CCC CCC CCA CAC ACT CTT TTT TTC TCA CAC ACA CAA AAC ACA CAA AAG AGG GGA GAA AAT ATT TTA TAT ATC TCT CTG TGG GGC GCC CCC CCA CAA AAA AAA AAT ATG TGT GTC TCA CAG AGT GTG TGA GAT ATG TGC GCA CAG AGA GAG AGG GGC GCT CTG TGA GAG AGA GAA AAA AAC ACC CCC CCT CTC TCC CCC CCC CCT CTA TAA AAT ATG TGC GCA CAT ATC TCC CCA CAT ATT TTG TGT GTT TTT TTA TAT ATG TGA GAT ATG TGA GAA AAT ATT TTA TAG AGC	22222221222222222222222222222222222222222222222222222222222212222222222222222222222222222222222222222222222222222222222222222222222222222222222222222222222222222222222	Neuron	37190
GAT ATC TCC CCT CTG TGA GAT ATG TGC GCG CGT GTG TGA GAG AGG GGT GTG TGG GGC GCA CAT ATT TTG TGG GGC GCC CCC CCT CTG TGG GGT GTG TGC GCC CCA CAG AGC GCG	22222222212222222222222222222222222221	Neuron	36882
GGG GGG GGC GCC CCA CAG AGC GCT CTC TCG CGG GGC GCG CGG GGC GCC CCT CTG TGC GCT CTG TGG GGT GTC TCC CCT CTC TCT CTG TGC GCT CTT TTG TGC GCT CTG TGG GGA GAA AAC ACA CAT ATT TTC TCT CTA TAA AAC ACA CAT ATT TTT TTA TAC ACA CAC ACT CTT TTT TTT TTG TGT GTT TTA TAT ATA TAA AAG AGC GCT CTA TAT ATT TTT TTA TAA AAA AAA AAC ACC CCA CAG AGT GTA TAA AAG AGG GGA GAG AGA GAC ACT CTT TTG TGA GAA AAA AAT ATT TTC TCA CAG AGA GAA AAA AAA AAT ATC TCA CAA AAC ACA CAC ACA CAT ATT TTT TTT TTT TTA TAA AAA AAT ATG TGA GAC ACT CTA TAA AAC ACT CTT TTC TCT CTA TAA AAA AAA AAG AGC GCC CCC CCC CCA CAA AAC ACA CAC ACA CAT ATG TGA GAC ACG CGC GCC CCA CAT ATC TCT CTG TGA GAA AAG AGA GAC ACC CCC CCG CGC GCA CAA AAC	22222222202202222222222222222222222222222222222222222222222222222222222222222222222222222222222222222222222222222222222222222222222222222222222222222222212222222222222212222	Neuron	34570
TTT TTC TCA CAG AGA GAG AGG GGA GAC ACG CGA GAC ACA CAC ACG CGG GGA GAG AGA GAG AGA GAG AGA GAC ACA CAT ATG TGG GGG GGG GGA GAG AGC GCA CAA AAA AAG AGG GGA GAG AGG GGC GCA CAG AGC GCT CTG TGG GGG GGC GCA CAG AGC GCC CCC CCC CCG CGT GTC TCC CCT CTT TTG TGC GCC CCC CCT CTC TCC CCG CGG GGG GGG GGT GTC TCA CAG AGG GGG GGA GAG AGG GGA GAC ACG	2222222220222202222222222222222222222222222222222222222202222222222220222222222222220	Neuron	35226
GTA TAC ACC CCT CTA TAG AGC GCT CTT TTG TGG GGT GTG TGC GCC CCT CTG TGG GGC GCA CAC ACA CAT ATA TAC ACT CTT TTA TAG AGA GAA AAA AAA AAT ATG TGT GTT TTC TCC CCT CTC TCC CCC CCA CAA AAC ACA CAG AGC GCC CCT CTC TCA CAC ACC CCC CCA CAT ATC TCC CCT CTC TCA CAG AGT GTC TCA CAC ACC CCT CTT TTC TCC CCA CAC ACC CCC CCT CTT TTC TCT CTG TGT GTT TTG TGG GGA GAA AAG AGC GCA CAT ATA TAG AGC GCC CCT CTC TCC CCA CAC ACC CCA CAA AAT ATA TAA AAT ATT TTT TTC TCT CTT TTC TCT CTC TCA CAA AAA AAC ACT CTA TAT ATT TTT TTT TTT TTA TAA AAC ACA CAG AGG GGA GAC ACC CCT CTC TCG CGG GGA GAC ACA CAG AGT GTG TGA GAT ATC	22222222222222222222222222222222222222222222222222222222222222222222222222222222222222222222222222222222222222222222222222222222222222222212222222222	Neuron	25313
ATT TTC TCA CAA AAG AGA GAG AGA GAC ACG CGC GCA CAC ACG CGG GGA GAC ACA CAA AAC ACA CAA AAG AGG GGA GAT ATC TCA CAT ATA TAC ACT CTC TCC CCA CAT ATA TAG AGA GAA AAA AAA AAG AGA GAA AAT ATG TGG GGG GGA GAC ACC CCT CTT TTG TGT GTC TCA CAA AAT ATG TGC GCA CAA AAC ACA CAA AAA AAA AAC ACA CAC ACT CTC TCT CTT TTC TCT CTG TGT GTC TCC CCT CTT TTT TTT TTT TTA TAA AAT ATG TGT GTA TAA AAA AAC ACA CAG AGA GAG AGT GTC TCA CAC ACC CCA CAA AAA AAA AAC ACC CCA CAC ACT CTC TCC CCA CAA AAA AAG AGT GTG TGA GAA AAG AGG GGC	2222222220222022222222222222222222222222222222222222222222222222222222222222222222222222222222222222222222222222222222222222222	Neuron	37152
CAA AAT ATC TCA CAG AGT GTG TGG GGC GCG CGA GAA AAG AGC GCC CCC CCC CCT CTG TGA GAG AGT GTT TTC TCA CAG AGG GGG GGC GCC CCC CCT CTG TGG GGT GTC TCT CTC TCC CCT CTG TGC GCG CGG GGG GGG GGT GTT TTC TCC CCC CCC CCT CTT TTC TCG CGC GCT CTC TCC CCT CTA TAA AAA AAA AAA AAG AGC GCG CGC GCC CCA CAG AGT GTC TCC CCA CAG AGG GGA GAC ACA CAG AGC GCT CTC TCG CGG GGA GAG AGC GCT CTG TGC GCG CGC GCG CGT GTC TCG CGG GGA GAC ACC CCA CAC ACC CCT CTA TAG AGC GCA CAG AGG GGC GCG CGC GCT CTC TCA CAG AGC GCA CAG AGC GCG CGG GGC GCT CTG TGC GCC CCC CCA CAT ATC TCC CCG CGG GGC GCG	222222222122222222222222222222222222222222122222222222212222222222221222222222222222221222222212122122222222222222212222222221222222222221221	Neuron	36573
ACT CTC TCC CCA CAG AGA GAC ACC CCC CCG CGT GTC TCC CCG CGA GAA AAA AAG AGT GTC TCA CAG AGA GAA AAG AGG GGA GAA AAC ACA CAA AAA AAC ACT CTC TCT CTG TGG GGA GAT ATA TAT ATA TAC ACC CCG CGT GTC TCT CTT TTT TTA TAA AAG AGA GAA AAC ACT CTG TGT GTT TTA TAA AAC ACA CAC ACT CTC TCA CAC ACT CTG TGC GCG CGA GAG AGG GGG GGT GTC TCC CCA CAC ACG CGG GGC GCT CTT TTT TTA TAT ATT TTC TCT CTT TTG TGA GAA AAG AGT GTT TTA TAG AGC GCG CGA GAG AGA GAC ACC CCA CAA AAG AGA GAA AAC ACC CCC CCG CGC GCC CCA CAA AAT ATT TTC TCC CCA CAG AGA GAC ACA CAC ACA CAG AGG GGG GGT GTC TCT CTT TTT TTA TAT ATG TGT GTT TTG TGC GCC CCC CCA CAG AGG GGC	22222222212220222222222222222222222222222222202222222222222222222222222220222222222122222222222222222222022222222222221222222222222222222222222222222222222	Heart-Cardio	26073
GAG AGA GAG AGA GAC ACG CGG GGA GAG AGG GGT GTT TTA TAC ACA CAG AGT GTG TGA GAG AGC GCA CAG AGA GAG AGA GAT ATC TCA CAT ATG TGG GGC GCA CAC ACT CTG TGC GCA CAC ACT CTC TCC CCA CAG AGC GCC CCT CTA TAG AGC GCC CCA CAA AAC ACA CAA AAA AAG AGC GCG CGA GAG AGA GAC ACT CTC TCT CTG TGT GTC TCT CTC TCG CGG GGA GAA AAA AAA AAA AAA AAA AAA AAA	222221222222222222222222222222222222222222222222222222222222122222222222212222222222	Neuron	37083
AGG GGG GGT GTT TTG TGG GGG GGG GGC GCG CGC GCT CTG TGG GGG GGA GAC ACC CCA CAG AGG GGC GCC CCT CTC TCA CAC ACT CTA TAC ACC CCC CCA CAG AGG GGG GGT GTG TGG GGG GGT GTG TGC GCT CTC TCT CTC TCT CTC TCC CCG CGG GGG GGC GCT CTT TTT TTT TTG TGC GCC CCC CCT CTT TTT TTG TGT GTT TTG TGG GGG GGA GAT ATG TGA GAG AGC GCC CCA CAA AAC ACG CGA GAA AAC ACA CAC ACA CAC ACC CCA CAA AAC ACC CCT CTC TCA CAC ACC CCT CTC TCC CCT CTT TTC TCA CAA AAA AAG AGA GAA AAG AGA GAT ATA TAG AGT GTG TGT GTG TGT GTC TCT CTA TAG AGA GAT ATT TTG TGA GAG AGT GTC TCT CTA TAC ACT CTT TTA TAG AGC GCA CAC ACC CCT CTC TCT CTT TTT TTC TCC CCC CCG CGA GAA AAG AGA GAC ACT CTG TGT GTC	222222222122222222222222222222222222222222222222221222222222222222222222222222222122222222222222222222222222222222222222222222222222222222222222222222221222222222	Oligodend	26188
GGA GAG AGT GTC TCT CTC TCG CGT GTT TTC TCT CTG TGT GTT TTG TGC GCC CCA CAG AGG GGC GCT CTG TGG GGA GAG AGT GTG TGC GCA CAG AGT GTA TAA AAA AAG AGA GAC ACA CAG AGG GGG GGT GTT TTT TTC TCA CAC ACC CCA CAT ATG TGT GTT TTG TGC GCC CCC CCA CAG AGG GGA GAT ATG TGG GGC GCC CCT CTT TTG TGA GAT ATC TCT CTC TCC CCT CTG TGA GAC ACC CCT CTC TCA CAT ATG TGA GAT ATG TGT GTG TGC GCC CCT CTG TGC GCC CCT CTC TCG CGG GGC GCC CCT CTC TCG CGC GCA CAA AAA AAG AGT GTG TGC GCT CTG	22222212222222222222222222222222222222222222222222222222222222222222222222222222222222222222222222212222212222222222	Oligodend	26025
GGG GGC GCT CTC TCC CCG CGG GGG GGC GCT CTA TAG AGG GGA GAG AGC GCT CTC TCG CGC GCA CAG AGA GAG AGG GGG GGA GAC ACG CGG GGG GGC GCT CTG TGT GTG TGT GTC TCG CGC GCC CCT CTC TCG CGC GCC CCT CTC TCT CTC TCC CCC CCT CTG TGC GCC CCT CTC TCT CTG TGT GTG TGT GTA TAG AGG GGA GAA AAT ATT TTC TCC CCC CCC CCG CGC GCC CCG	222220222222222222122222222202222222220222202222222222222222222222222222221221	Oligodend	36508
GGC GCC CCC CCC CCG CGC GCC CCC CCC CCT CTC TCG CGT GTG TGC GCC CCC CCC CCT CTT TTC TCC CCC CCC CCT CTC TCG CGC GCA CAG AGC GCT CTC TCC CCT CTG TGT	2222122222212222222222222212222222222	Heart-Cardio	34695
AGC GCT CTG TGG GGA GAA AAA AAC ACC CCG CGC GCC CCC CCA CAC ACC CCT CTC TCC CCC CCT CTC TCC CCC CCG CGG GGG GGT GTG TGA GAG AGC GCC CCT CTG TGG GGA GAG AGC GCC CCC CCT CTG TGC GCG CGT GTG TGC GCT CTT TTG TGT GTT TTC TCT CTC TCA CAC ACA CAT ATC TCT CTC TCT CTG TGT GTC TCC CCC CCG CGT GTC	222222222122222222222222122222222222222222221222222222222222222222222122	Neuron	25658
GTT TTA TAA AAT ATC TCT CTC TCT CTC TCG CGC GCC CCA CAA AAC ACA CAG AGC GCG CGT GTG TGG GGT GTC TCA CAG AGT GTT TTT TTT TTT TTA TAT ATG TGA GAT ATG TGG GGC GCT CTC TCT CTG TGT GTT TTC TCG CGT GTT TTT TTG TGA GAA AAT ATG TGG GGA GAA AAT ATA TAT ATA TAT ATA TAT ATT TTT TTT TTC TCT CTG TGT GTA TAT ATC TCT CTT TTA TAG AGG GGT GTA TAG AGC GCA CAG AGT GTA TAT ATG TGT GTC TCT CTA TAT ATT TTA TAT ATA TAT ATC TCA CAG AGG GGC GCT CTT TTG TGT GTT TTA TAA AAT ATT TTG TGT GTA TAC ACT CTA TAT ATT TTT TTA TAT ATA TAT ATC TCT CTT TTG TGC GCT CTT TTA TAT ATC TCC CCT CTT TTA TAC ACT CTA TAA AAA AAT ATT TTT TTT TTT TTG TGC GCC CCT CTT TTT TTG TGA GAT ATG TGT GTG TGT GTG TGA GAA AAT ATT TTT TTC TCT CTG TGA GAG AGA GAG AGT GTA TAG AGT GTG TGT GTT TTA TAA AAT ATC TCT CTC TCC CCT CTG TGC	22222222202222222202222222222222222222222222220222222222222222222222222222222222222222222222222222222222222222222222222222222222222222222222222222222222222222222222222222222222222222222222222222	Oligodend	36806
GTG TGG GGG GGA GAG AGC GCG CGC GCA CAG AGT GTG TGG GGC GCT CTG TGA GAG AGC GCC CCA CAC ACA CAG AGC GCA CAT ATG TGA GAA AAA AAG AGG GGG GGC GCT CTC TCA CAG AGT GTG TGT GTC TCT CTG TGC GCA CAC ACT CTG TGA GAG AGA GAG AGG GGC GCC CCC CCG CGT GTT TTT TTG TGT GTC TCT CTC TCG CGC GCC CCC CCC CCC CCC CCC CCG CGC GCC CCT CTC TCC CCC CCA CAG AGC GCT CTG TGG GGC GCC CCC CCA CAG AGG GGG GGG GGA GAG AGG GGG GGG GGG GGC GCC CCG CGT GTG TGG GGG GGA GAG AGC GCA CAG AGG GGA GAG AGC GCC CCT CTG TGA GAG AGG GGG GGC GCT CTC TCC CCT CTA TAC ACC CCC CCT CTC TCC CCA CAG AGG GGG GGA GAG AGA GAA AAA AAA AAG AGG GGG GGG GGG GGC GCC CCC CCC CCA CAA AAA AAG AGG GGA GAA AAT ATC TCT CTG TGA GAC ACC CCC CCC CCA CAG AGG GGA GAG AGG GGC GCC CCC CCT CTG TGC GCG CGG GGA GAG AGA GAG AGG GGC GCA CAC ACC CCA CAG AGG GGG GGC GCC CCC CCC CCT CTC TCC CCC CCC CCT CTC TCA CAC ACT CTC TCA CAG AGG GGG GGC GCT CTA TAA AAC ACT CTC TCC CCA CAC ACG CGG GGG GGC	2222220222222222222222222222222222222222222222222222222222022222222022222220222222222222222222222222222202222222222222222222222222222222222222222222222222222222222222222222222222222222022222222222222222222222222222222222222222220222	Oligodend	36733
CCA CAG AGC GCA CAC ACC CCA CAC ACC CCG CGC GCC CCC CCC CCC CCA CAC ACC CCT CTC TCC CCA CAC ACG CGG GGC GCC CCC CCA CAG AGG GGC GCT CTG TGG GGC GCG CGC GCT CTG TGG GGG GGC GCG CGT GTG TGC GCT CTG TGC GCC CCA CAC ACA CAG AGC GCT CTG TGC GCT CTG TGC GCT CTG TGA GAT ATG TGA GAC ACC CCT CTG TGC GCA CAG AGC GCT CTG TGC GCC CCG CGC GCT CTC TCG CGG GGC GCA CAC ACG CGG GGT GTC TCA CAG AGC GCC CCC CCG CGC GCT CTC TCA CAA AAG AGG GGA GAG AGC	2222222221222222222222212222222222220222222122222222222222222222222222222222222212220222202222222202222222222	Oligodend	34897
GCT CTC TCC CCC CCC CCC CCA CAG AGC GCG CGC GCC CCT CTG TGC GCT CTG TGC GCC CCG CGG GGG GGT GTG TGC GCA CAC ACT CTG TGA GAG AGG GGG GGC GCA CAG AGG GGG GGA GAT ATT TTG TGA GAG AGG GGC GCT CTG TGT GTG TGC GCT CTG TGC GCT CTG TGA GAG AGC GCT CTT TTA TAC ACA CAC ACC CCC CCG CGG GGG GGC GCT CTT TTC TCC CCG CGT GTG TGT GTC TCG CGG GGC GCT CTT TTC TCA CAA AAC ACA CAG AGC GCC CCT CTG TGG GGG GGA GAG AGG GGC GCT CTT TTG TGG GGC GCC CCT CTC TCG CGG GGT GTG TGA GAA AAC ACC CCA CAC ACC CCT CTC TCC CCA CAC ACC CCT CTG TGC GCA CAT ATG TGG GGC GCT CTA TAT ATT TTA TAC ACC CCT CTG TGG GGC GCC CCC CCA CAC ACA CAG AGA GAC ACT CTG TGC GCC CCC CCG CGT GTG TGG GGA GAG AGC GCA CAG AGG GGC GCG CGC GCC CCA CAA AAG AGC	22222222202222222221222222222222222222222222222222222222222222222221222222212222122222222222222222222222222221222222222222222222222222222222222222222222222222122222222220222222	Neuron	25878
CCC CCT CTG TGG GGC GCA CAA AAA AAC ACG CGA GAG AGC GCA CAG AGT GTG TGA GAC ACG CGC GCT CTG TGA GAT ATT TTA TAG AGC GCA CAA AAG AGT GTG TGC GCT CTC TCC CCG CGA GAT ATG TGG GGG GGC GCA CAG AGC GCC CCT CTG TGC GCC CCT CTT TTT TTC TCC CCT CTG TGG GGG GGG GGC GCA CAC ACC CCG CGG GGC GCT CTG TGG GGG GGA GAA AAC ACA CAC ACC CCA CAA AAC ACA CAC ACC CCT CTT TTT TTC TCT CTT TTG TGT GTG TGA GAG AGC GCA CAC ACA CAT ATC TCT CTC TCC CCC CCC CCC CCT CTT TTT TTT TTG TGC GCC CCT CTA TAT ATA TAA AAA AAA AAA AAC ACA CAG AGT GTC TCT CTA TAT ATA TAA AAG AGA GAT ATG TGG GGT GTA TAA AAA AAG AGA GAT ATT TTG TGG GGG GGC GCC CCA CAT ATA TAA AAA AAA AAC ACT CTT TTC TCC CCG	22222222202222222220222222222222222222022222222222222222222222222220222222222222222222222222222222222222222222222222222222222222222222222222222222222222222222222220	Neuron	34585
GAG AGG GGC GCC CCC CCA CAG AGG GGC GCG CGG GGG GGC GCA CAG AGA GAT ATC TCA CAC ACT CTT TTG TGA GAG AGG GGT GTC TCA CAG AGG GGA GAG AGT GTT TTC TCG CGA GAG AGA GAC ACC CCA CAC ACC CCT CTG TGG GGC GCC CCA CAA AAC ACA CAT ATG TGG GGT GTA TAA AAA AAA AAC ACC CCC CCC CCG CGT GTC TCT CTC TCT CTA TAA AAT ATA TAA AAA AAA AAA AAT ATA TAC ACA CAA AAA AAA AAA AAT ATT TTA TAG AGC GCC CCG CGG GGG GGT GTG TGT GTG TGG GGT GTG TGG GGC GCG CGG GGG GGT GTG TGC GCC CCC CCG CGT GTA TAA AAT ATT TTC TCC CCA CAG AGC GCT CTA TAC ACT CTC TCG CGG GGG GGA GAG AGG GGC GCT CTG TGA GAG AGG GGC GCA CAG AGA GAA AAC ACT CTG TGC GCT CTT TTG TGA GAA AAC ACC CCT CTG TGG GGG GGA GAG AGG GGC GCG CGG GGA GAG AGA GAC ACT CTG TGC GCA CAG	222222222022222222222222222222222222122222222222222222222222222222122222222222222222222222222212222222222212222222122222222222222202222222222222222222222222222222222202222222222	Heart-Cardio	26222
GGC GCG CGC GCC CCT CTT TTG TGG GGG GGA GAC ACT CTT TTG TGT GTT TTT TTC TCT CTG TGA GAG AGG GGC GCT CTG TGA GAA AAC ACT CTG TGG GGG GGA GAT ATA TAT ATG TGC GCC CCG CGG GGG GGG GGG GGT GTA TAA AAT ATC TCA CAA AAC ACC CCA CAA AAC ACT CTG TGA GAT ATC TCC CCT CTT TTC TCA CAA AAT ATA TAT ATT TTT TTG TGT GTT TTG TGG GGC GCT CTC TCC CCT CTT TTG TGG GGC GCC CCT CTG TGT GTA TAC ACC CCT CTG TGT GTT TTG TGG GGC GCC CCC CCC CCA CAT ATT TTG TGT GTG TGA GAC ACT CTT TTG TGG GGG GGC GCA CAG AGA GAA AAT ATT TTT TTG TGT GTC TCT CTT TTT TTA TAG AGT GTG TGC GCT CTT TTC TCT CTG TGC GCT CTC TCA CAC ACC CCC CCA CAT ATC TCC CCC CCC CCA CAA AAA AAG AGC GCC CCT CTT TTT TTG TGC GCA CAC ACC CCT CTC TCC CCG	2022222222222222222222222222222222222222022222222222222222222222222222222222222222222222222222222222222222222222222222222222222222222222222222222222222222222222222222222220	Heart-Cardio	25640
CAA AAA AAT ATT TTG TGC GCA CAG AGC GCG CGA GAG AGA GAG AGG GGT GTG TGA GAT ATC TCA CAT ATC TCA CAT ATC TCA CAC ACC CCT CTC TCT CTT TTT TTA TAT ATG TGG GGC GCT CTG TGT GTG TGA GAA AAT ATG TGG GGG GGT GTG TGC GCA CAG AGG GGC GCG CGC GCC CCG CGG GGT GTG TGA GAC ACT CTT TTG TGG GGC	2222222221222222222222222222222222222222222222222222222212212222222222	Neuron	26101
CTC TCT CTC TCC CCT CTC TCC CCA CAC ACG CGA GAA AAC ACG CGA GAC ACA CAG AGC GCT CTT TTA TAG AGC GCT CTA TAA AAG AGC GCC CCC CCA CAG AGA GAA AAC ACT CTC TCT CTA TAC ACT CTC TCT CTG TGA GAC ACT CTT TTT TTG TGC GCT CTC TCC CCC CCT CTG TGT GTG TGG GGC GCC CCC CCT CTA TAG AGA GAA AAA AAG AGA GAT ATT TTT TTC TCG CGC GCT CTC TCC CCA CAC ACA CAG AGT GTC TCC CCT CTC TCC CCA CAG AGG GGC GCC CCT CTC TCC CCA CAG AGT GTA TAT ATT TTC TCA CAG AGC GCC CCA CAG AGT GTC TCC CCA CAG AGC GCA CAG AGA GAG AGG GGC GCC CCC CCC CCT CTG TGT GTG TGA GAG AGG GGT GTT TTG TGC GCA CAG AGC GCC CCT CTG TGT GTC TCC CCC CCC CCT CTT TTA TAG AGG GGC GCC CCC CCC CCT CTC TCA CAG AGA GAT ATG TGC GCT CTG TGC GCG CGT GTT TTC TCT CTG TGA GAG AGC GCA CAT	222222222022202222222222222222222222222222222222222222222222222222222222222202222222222222222222222222222222222222222222222222222222222222222222222222222222222222222222202222222222	Neuron	35190
GCC CCT CTC TCC CCA CAT ATC TCT CTC TCG CGG GGT GTG TGG GGA GAG AGC GCC CCT CTC TCC CCG CGT GTC TCT CTT TTG TGG GGC GCA CAC ACT CTG TGC GCC CCA CAT ATC TCT CTG TGC GCT CTC TCT CTG TGA GAG AGC GCG	2222222221222222222221222222222222222222222222221	Heart-Cardio	34347
GTG TGG GGC GCC CCC CCT CTC TCC CCC CCG CGG GGG GGC GCT CTG TGC GCC CCG CGG GGC GCA CAC ACC CCT CTC TCC CCG CGT GTC TCT CTC TCC CCC CCT CTG TGG GGA GAG AGA GAA AAG AGC GCT CTG TGT GTG TGC GCT CTG TGC GCG CGG GGC GCT CTC TCC CCT CTA TAC ACC	222222222122222221222222221222222222222222222222221222222222	Oligodend	34884
CCT CTC TCC CCC CCT CTT TTC TCC CCC CCG CGG GGC GCC CCT CTT TTT TTC TCG CGC GCC CCG CGG GGG GGA GAG AGC GCC CCT CTG TGC GCT CTC TCC CCC CCT CTG TGC GCC CCT CTG TGC GCC CCC CCG	22222222202222222122122222222222222222222221	Heart-Cardio	34963
TGA GAC ACT CTC TCA CAA AAA AAC ACC CCG CGA GAG AGA GAG AGT GTT TTC TCC CCC CCA CAA AAG AGG GGA GAA AAC ACG CGC GCC CCC CCT CTC TCT CTG TGC GCC CCA CAA AAC ACG CGC GCT CTA TAT ATA TAC ACA CAT ATA TAG AGC GCT CTG TGC GCT CTG TGA GAG AGT GTA TAA AAA AAG AGC GCA CAA AAA AAT ATT TTC TCC CCT CTG TGG GGG GGC GCC CCA CAC ACT CTG TGC GCC CCG CGG GGC GCT CTC TCC CCT CTG TGA GAG AGG GGG GGG GGC GCC CCC CCA CAC ACA CAT ATT TTA TAC ACA CAC ACT CTT TTT TTT TTC TCA CAG AGG GGC GCG CGC GCT CTC TCA CAC ACC CCT CTG TGG GGC GCA CAT ATA TAT ATC TCC CCC CCG CGG GGT GTA TAT ATG TGA GAG AGC GCT CTG TGG GGA GAG AGG GGG GGC GCA CAT ATG TGC GCT CTC TCC CCG CGG GGG GGA GAA AAG AGA GAG AGG GGA GAG	22222222212222222222222222022222222222212222222222222222222222222222222222222222222022222222222222222222222222222222202222222222222222202222222222222222222222202222222222	Heart-Cardio	34701
CCC CCA CAC ACA CAC ACA CAT ATG TGC GCG CGC GCA CAC ACA CAA AAA AAT ATC TCC CCC CCC CCA CAC ACT CTG TGG GGC GCA CAG AGA GAT ATC TCG CGG GGG GGG GGC GCT CTC TCT CTG TGG GGC GCC CCT CTG TGC GCC CCT CTA TAG AGC GCT CTC TCC CCC CCA CAC ACA CAG AGC GCA CAC ACA CAC ACC CCA CAT ATT TTT TTG TGC GCA CAG AGG GGT GTG TGG GGC GCT CTA TAC ACA CAG AGA GAT ATC TCT CTC TCA CAT ATG TGA GAT ATT TTT TTG TGC GCT CTG TGG GGC GCT CTC TCT CTC TCT CTT TTT TTC TCG CGG GGC GCC CCT CTG TGC GCA CAA AAA AAT ATG TGC GCC CCA CAG AGG GGC GCT CTT TTA TAG AGC GCC CCA CAG AGC GCG	222222222022222222222222222222220222222222222222222222222222222222222222222222222222222222222222222222222222220222222222222222222222222220	Oligodend	36696
GAC ACC CCA CAC ACC CCA CAG AGG GGC GCG CGG GGC GCC CCA CAC ACG CGG GGC GCC CCA CAT ATA TAG AGG GGA GAG AGG GGA GAG AGG GGC GCA CAG AGC GCA CAA AAT ATG TGA GAG AGG GGA GAC ACC CCT CTG TGG GGC GCC CCC CCA CAT ATG TGT GTC TCA CAT ATT TTC TCA CAC ACC CCA CAT ATC TCA CAC ACA CAG AGG GGA GAA AAA AAT ATG TGA GAA AAG AGC GCC CCT CTC TCT CTC TCC CCA CAA AAT ATA TAA AAG AGA GAA AAG AGC GCA CAG AGT GTT TTC TCA CAC ACA CAT ATG TGG GGA GAA AAC ACA CAG AGC GCA CAT ATC TCT CTT TTC TCG CGG GGG GGT GTA TAC ACA CAT ATC TCC CCC CCA CAG AGC GCT CTT TTG TGT GTC TCA CAC ACA CAC ACC CCA CAT ATT TTC TCA CAT ATA TAA AAG AGG GGG GGC GCC CCT CTC TCG CGA GAA AAG AGG GGC GCA CAG AGC GCA CAG	222222222022222122222222222222222222222222222222222222222222222222222222222222222222222222222222222222222222222222222212222222222222222222222222222222222222212222222222	Neuron	37266
CAG AGT GTG TGG GGT GTT TTC TCA CAC ACG CGC GCC CCT CTG TGT GTA TAA AAT ATC TCC CCC CCA CAG AGC GCA CAC ACT CTT TTT TTG TGG GGG GGA GAG AGG GGC GCT CTG TGA GAG AGG GGC GCC CCG CGG GGT GTG TGG GGA GAT ATC TCA CAC ACT CTT TTG TGA GAG AGG GGC GCC CCA CAG AGG GGA GAG AGT GTT TTC TCG CGA GAG AGG GGC GCA CAA AAG AGC GCC CCT CTG TGG GGC GCC CCA CAA AAT ATA TAT ATG TGG GGT GTG TGA GAA AAA AAC ACC CCC CCC CCG CGT GTC TCT CTC TCT CTA TAC ACT CTA TAA AAA AAA AAA AAT ATA TAC ACA CAA AAA AAA AAA AAA AAA AAT ATT TTA TAG AGC GCC CCG CGG GGG GGC GCG CGT GTA TAG AGT GTG TGG GGC GCA CAG AGG GGT GTG TGC GCC CCT CTA TAC ACA CAG AGC GCC CCC CCC CCA CAG AGC GCT CTA TAC ACT CTC TCG CGG GGG GGA GAG AGG GGC GCT CTG TGG GGG	222222222022222222222222222222222222222222212222222222222222222222222122222222222222222222222222222212222222222222222222222222222202221222222222222222222222222222222212222222222	Neuron	36647
AGA GAG AGG GGG GGA GAG AGG GGC GCC CCG CGC GCT CTG TGT GTG TGC GCA CAG AGG GGG GGG GGA GAG AGC GCA CAC ACA CAG AGA GAG AGA GAA AAC ACA CAG AGG GGA GAG AGA GAC ACC CCC CCA CAC ACC CCT CTG TGA GAG AGG GGC GCT CTC TCA CAG AGC GCC CCC CCT CTA TAG AGC GCC CCC CCT CTC TCA CAG AGC GCC CCC CCA CAC ACT CTC TCA CAC ACG CGG GGG GGG GGG GGA GAG AGT GTT TTT TTA TAC ACT CTG TGC GCC CCT CTG TGG GGG GGG GGA GAC ACA CAC ACC CCC CCC CCT CTT TTG TGC GCC CCC CCA CAT ATG TGC GCC CCT CTC TCC CCA CAG AGC GCT CTA TAC ACA CAA AAA AAA AAC ACA CAA AAT ATT TTC TCA CAA AAT ATT TTG TGC GCT CTC TCT CTG TGT GTG TGT GTG TGT GTG TGT GTG TGT GTG TGT GTG TGT GTG TGT GTG TGT GTG TGT GTG TGT GTG TGT GTG TGT GTG TGT GTG TGT GTG TGT	22222222212222222222222222222222222222222222222222222222222222222222222222222122222222222222222222222222222222222222222222222222222222222222222222222222222222222222222222222222	Neuron	36471
CCT CTC TCC CCC CCA CAA AAA AAC ACC CCG CGC GCC CCA CAG AGC GCG CGT GTG TGT GTC TCC CCC CCC CCC CCA CAC ACA CAG AGC GCT CTA TAG AGG GGT GTT TTC TCC CCC CCT CTG TGG GGA GAG AGC GCT CTG TGC GCC CCA CAA AAG AGA GAC ACC CCC CCT CTG TGC GCA CAG AGT GTC TCC CCT CTG TGG GGC GCC CCA CAG AGA GAG AGC GCC CCC CCC CCG CGC GCT CTT TTC TCT CTT TTC TCC CCC CCT CTT TTC TCC CCC CCT CTG TGG GGG GGG GGA GAG AGA GAA AAT ATG TGG GGC GCA CAG AGG GGC GCA CAG AGT GTG TGT GTC TCC CCG CGG GGA GAC ACT CTG TGG GGA GAA AAA AAT ATC TCC	22222222212222202222222222222222222222222222222222222222222222222222222222220222222222222222222222222222222222222220222222222222	Heart-Cardio	25645
GAA AAA AAA AAG AGA GAC ACA CAG AGC GCG CGT GTT TTT TTG TGT GTT TTG TGC GCT CTT TTT TTA TAT ATA TAA AAA AAT ATA TAT ATA TAT ATG TGG GGA GAG AGC GCT CTG TGT GTA TAC ACG	222222222022222222222222222222222222222220	Heart-Cardio	26061
GGT GTG TGG GGC GCT CTC TCA CAC ACG CGC GCC CCT CTG TGT GTA TAA AAT ATC TCC CCC CCA CAG AGC GCA CAC ACT CTT TTC TCG CGG GGG GGG GGG GGG GGC GCA CAG AGA GAG AGG GGC GCG CGG GGG GGT GTG TGG GGA GAT ATC TCA CAC ACT CTT TTG TGA GAG AGG GGT GTC TCA CAG AGG GGA GAG AGT GTC TCC CCG CGG GGT GTG TGA GAC ACC CCA CAG AGC GCC CCT CTG TGG GGC GCC CCA CAA AAC ACA CAT ATG TGA GAC ACG CGA GAA AAA AAC ACC CCC CCC CCG CGT GTC TCT CTC TCT CTA TAC ACT CTT TTA TAA AAA AAA AAT ATA TAC ACA CAA AAA AAA AAA AAA AAA AAT ATT TTA TAG AGC GCT CTG TGG GGG GGC GCA CAT ATA TAG AGT GTG TGG GGT GTG TGG GGG GGC GCA CAT ATC TCT CTG TGT GTA TAA AAT ATC TCC CCC CCA CAG AGC GCT CTG TGC GCT CTC TCA CAG AGG GGA GAG AGG GGC GCT CTG TGA GAG AGG GGC GCA CAG AGG GGA GAG AGA GAA AAT ATC TCG CGC GCT CTT TTG TGA GAA AAC ACC CCC	222222221222222222222222222212222222222220222222222222222222222222221222222222222222222222221222222212222222222222222222222222222222222222222222222222222222222222222222222222222222222222221222222222	Oligodend	26251
GAG AGA GAC ACC CCA CAC ACG CGA GAA AAC ACC CCC CCA CAT ATC TCA CAG AGG GGA GAG AGG GGA GAA AAC ACG CGA GAC ACC CCA CAA AAC ACT CTC TCC CCA CAG AGA GAC ACG CGC GCG CGG GGT GTG TGC GCC CCT CTT TTT TTA TAA AAG AGA GAG AGC GCT CTG TGT GTA TAA AAC ACA CAT ATT TTC TCA CAC ACC CCG CGC GCG CGA GAA AAG AGG GGC GCC CCT CTG TGC GCA CAG AGC GCT CTT TTT TTA TAC ACT CTC TCC CCT CTG TGA GAA AAG AGT GTC TCA CAG AGT GTG TGA GAG AGA GAC ACC CCG CGC	2222221222222222222222221222222222222212122222222222222222222222222212122222222222222222222222222222222222202	Oligodend	26073
GAC ACA CAG AGA GAA AAC ACG CGA GAG AGA GAC ACT CTC TCT CTG TGT GTC TCT CTC TCA CAA AAA AAA AAA AAA AAA AAA AAA AAA AAA AAA AAA AAA AAA AAA AAA AAA AAA AAT ATT TTG TGC GCC CCG CGG GGG GGC GCA CAT ATG TGG GGT GTG TGA GAT ATG TGC GCA CAT ATG TGC GCC CCT CTG TGT GTA TAG AGT GTC TCC CCC CCA CAG AGC GCT CTA TAC ACT CTC TCA CAG AGG GGA GAG AGG GGC GCT CTA TAA AAG AGG GGC GCA CAG AGG GGA GAG AGA GAA AAT ATC TCA CAC ACT CTT TTG TGA GAA AAC ACC CCT CTG TGT GTG TGA GAG AGG GGT GTG TGG GGA GAG AGG GGA GAT ATG TGC GCA CAG AGT GTA TAA AAG AGC GCT CTG TGG GGG GGA GAT ATT TTG TGG GGG GGC GCC CCA CAC ACT CTG TGC GCC CCC CCT CTC TCC CCA CAG AGC GCC CCT CTG TGG GGG GGC GCG CGA GAC ACA CAG AGA GAG AGC	22222202222222222222222222222222222222222221222222222222222222222222222222222222222222222222222222222222222222222222222222222222222222222222222222222222222222222222212222222	Neuron	36587
TGG GGG GGA GAG AGC GCA CAG AGC GCC CCG CGC GCT CTG TGA GAG AGC GCG CGC GCT CTG TGG GGG GGA GAC ACA CAT ATC TCC CCC CCT CTG TGC GCT CTC TCA CAC ACC CCT CTC TCA CAC ACT CTG TGG GGG GGG GGA GAG AGT GTG TGG GGC GCC CCT CTC TCA CAG AGG GGC GCG	222222222022222202222222222222222222222222222222222222222220	Oligodend	36743
GAT ATT TTA TAA AAT ATG TGA GAC ACC CCG CGT GTC TCA CAA AAT ATA TAT ATC TCA CAC ACA CAA AAA AAA AAA AAG AGG GGA GAA AAG AGA GAC ACA CAA AAT ATA TAA AAG AGA GAT ATA TAT ATT TTA TAT ATA TAT ATC TCC CCC CCT CTC TCA CAC ACA CAA AAA AAT ATG TGA GAA AAA AAG AGA GAA AAC ACA CAC ACA CAA AAC ACA CAC ACC CCA CAC ACC CCT CTA TAG AGA GAG AGT GTT TTG TGT GTG TGC GCT CTG TGA GAA AAG AGG GGG GGA GAT ATC TCA CAA AAA AAC ACA CAT ATG TGA GAG AGC GCC CCT CTC TCT CTG TGG GGA GAT ATC TCC CCA CAG AGC GCT CTT TTG TGC GCC CCA CAA AAT ATG TGT GTG TGC GCA CAG AGG GGA GAG AGA GAT ATA TAG AGA GAG AGA GAA AAG AGG GGC GCA CAG	2222222220222222222222222222222222222222222222222222222222222222222222222222222222222222222222222222222222222222222222222222222222222222222222222222222	Neuron	36628
CCA CAC ACC CCT CTC TCT CTG TGC GCC CCG CGG GGA GAA AAG AGT GTC TCC CCC CCC CCG CGT GTA TAG AGA GAG AGG GGA GAT ATG TGC GCG CGG GGT GTT TTG TGG GGG GGG GGA GAA AAG AGC GCC CCC CCT CTT TTC TCC CCT CTG TGC GCA CAG AGA GAT ATG TGC GCG CGG GGA GAT ATG TGC GCC CCC CCT CTC TCC CCA CAG AGC GCA CAC ACG CGC GCC CCA CAT ATT TTG TGC GCA CAG AGC	222222222122222222212222222222122222222222222222222222222122222222222222212222222222	Neuron	25783
TGG GGG GGA GAT ATC TCA CAC ACA CAC ACG CGG GGG GGC GCA CAA AAG AGG GGA GAC ACC CCC CCA CAG AGC GCA CAT ATG TGG GGC GCG CGC GCC CCT CTG TGG GGC GCT CTT TTA TAG AGC GCC CCA CAG AGC GCA CAG AGC GCC CCC CCA CAC ACC CCC CCG CGA GAG AGA GAA AAG AGC GCA CAC ACT CTT TTC TCC CCA CAG AGC GCT CTA TAC ACG CGC GCA CAA AAA AAA AAG AGC GCA CAG AGC GCC CCA CAC ACT CTG TGC GCG CGC GCA CAA AAC ACA CAA AAG AGA GAA AAG AGC GCC CCC CCC CCT CTG TGG GGG GGT GTG TGG GGC GCT CTT TTC TCC CCT CTG TGC GCC CCT CTC TCC CCT CTG TGT GTA TAA AAT ATC TCC CCA CAT ATG TGT GTG TGG GGA GAC ACT CTG TGT GTT TTG TGT GTC TCA CAA AAG AGC GCT CTG TGC GCC CCC CCC CCG CGG GGG GGG GGC GCT CTG TGG GGA GAG AGA	222222222122222222222222222221222222222222222222222222122222222222222222202222222222222222122222222222222222222222222222222222222222222222222222222222222222212222222222	Neuron	36957
GGC GCA CAG AGA GAG AGC GCT CTG TGC GCG CGG GGG GGA GAG AGA GAG AGC GCC CCA CAG AGG GGC GCT CTT TTC TCC CCT CTC TCG CGA GAG AGA GAT ATA TAC ACC CCG CGT GTG TGT GTC TCC CCT CTG TGG GGG GGG GGC GCC CCC CCC CCG CGC GCC CCT CTG TGT GTA TAT ATC TCC CCA CAT ATG TGG GGT GTC TCT CTC TCT CTC TCT CTC TCT CTA TAG AGT GTC TCC CCA CAA AAG AGG GGA GAA AAG AGG GGT GTA TAA AAT ATG TGC GCA CAT ATT TTA TAG AGG GGT GTA TAA AAT ATG TGC GCA CAG AGC GCT CTG TGT GTG TGT GTT TTA TAC ACC CCT CTA TAC ACA CAA AAC ACC CCC CCT CTG TGA GAC ACC CCA CAA AAG AGA GAG AGT GTG TGA GAC ACC CCA CAC ACA CAG AGA GAA AAT ATG TGC GCA CAG AGG GGA GAG AGG GGG GGG GGA GAC ACC CCA CAG AGT GTG TGG GGC GCT CTA TAA AAG AGC GCA CAG AGA GAG AGG GGT GTG TGT GTC TCA CAG AGT GTG TGC GCT CTG TGA GAG AGA GAA AAC ACT CTC TCG	222222222122222222222222222202222222122222222222222022222222222222222222222222222222222222222222222222222222222222222222222222222222222222222222222222222222222222222222222222222222222222222222220	Oligodend	25732
GGG GGC GCC CCC CCC CCG CGG GGG GGC GCT CTT TTC TCC CCA CAG AGA GAC ACT CTG TGA GAG AGC GCT CTG TGT GTT TTT TTG TGG GGC GCT CTA TAG AGT GTT TTC TCC CCT CTT TTC TCC CCA CAC ACA CAG AGC GCA CAT ATA TAT ATC TCG CGC GCC CCG CGG GGC GCA CAG AGG GGA GAG AGC GCA CAA AAT ATT TTT TTT TTT TTG TGG GGT GTT TTC TCC CCA CAT ATA TAG AGC GCT CTG TGT GTT TTT TTG TGG GGT GTT TTG TGG GGG GGA GAA AAA AAA AAC ACA CAA AAG AGC GCC CCT CTG TGC GCA CAG AGT GTT TTG TGC GCC CCA CAG AGT GTA TAA AAG AGG GGT GTT TTT TTA TAG AGA GAA AAT ATC TCT CTG TGC GCC CCT CTG TGC GCC CCA CAG AGA GAT ATA TAA AAG AGG GGG GGA GAA AAT ATG TGT GTC TCT CTG TGC GCG CGA GAA AAG AGA GAC ACT CTA TAT ATT TTT	2222202222222222222222222222222222222222222222222220220222222222222222222222222222222222222222222222222222222222222222222222222222222222222222222222222222202222222222	Neuron	35083
AGA GAA AAT ATT TTG TGA GAC ACA CAC ACG CGA GAA AAA AAC ACC CCT CTT TTT TTA TAA AAA AAT ATC TCA CAA AAG AGG GGC GCC CCT CTC TCT CTT TTT TTC TCA CAT ATT TTA TAC ACC CCA CAA AAA AAA AAC ACA CAA AAA AAA AAC ACA CAA AAA AAA AAA AAA AAA AAA AAG AGG GGG GGA GAA AAC ACA CAA AAA AAA AAT ATA TAC ACG CGA GAT ATG TGG GGG GGA GAG AGA GAG AGG	22222222202222222222222222222222222222222222222222222222222222222222222202222222222	Oligodend	36819
AAA AAG AGG GGA GAT ATT TTC TCA CAC ACG CGC GCA CAG AGC GCC CCA CAT ATT TTT TTG TGT GTA TAT ATG TGA GAA AAT ATT TTG TGG GGA GAA AAA AAA AAC ACC CCC CCG CGG GGG GGA GAG AGC GCA CAT ATG TGT GTC TCT CTG TGA GAA AAA AAT ATG TGT GTC TCC CCT CTG TGT GTG TGA GAG AGT GTG TGC GCT CTG TGA GAC ACC CCT CTG TGA GAA AAA AAT ATG TGC GCA CAG AGG GGT GTC TCA CAC ACC CCG CGA GAT ATG TGC GCC CCC CCC CCC CCA CAG AGA GAC ACC CCT CTC TCA CAA AAT ATG TGC GCG CGG GGT GTC TCT CTG TGA GAG AGC GCA CAC ACA CAG AGT GTT TTA TAC ACA CAT ATG TGA GAA AAC ACA CAA AAA AAC ACC CCT CTT TTT TTC TCC CCA CAG AGC GCC CCA CAG AGC GCG CGT GTT TTG TGA GAA AAA AAG AGA GAT ATC	2222222221222222222222222222222222222122222222222222222222222222222222222222222222222222122222222222222222222122222222222222222222222222222222222222212222222222	Heart-Cardio	35016
CCC CCT CTT TTG TGG GGC GCC CCA CAC ACG CGG GGC GCA CAG AGG GGG GGT GTT TTA TAG AGG GGC GCT CTG TGT GTA TAG AGC GCA CAT ATG TGG GGG GGC GCA CAA AAG AGA GAC ACT CTC TCA CAG AGG GGG GGA GAC ACA CAC ACA CAG AGA GAA AAA AAT ATC TCG CGG GGA GAA AAG AGG GGG GGG GGA GAG AGT GTC TCT CTA TAA AAA AAA AAG AGG GGG GGG GGG GGT GTC TCC CCA CAG AGC GCC CCC CCT CTG TGC GCC CCC CCA CAG AGC GCA CAG AGC GCC CCT CTC TCA CAC ACC CCA CAC ACC CCT CTG TGG GGT GTG TGG GGC GCA CAT ATC TCA CAC ACC CCC CCC CCC CCA CAC ACG CGC GCT CTG TGG GGG GGC GCG CGA GAG AGC GCT	2222222220222222222222222222222222222222222222222222222212222222222222222222222222222222222222222222222222222222222222222222122222212222	Heart-Cardio	36767
AGA GAA AAA AAG AGC GCT CTT TTT TTC TCG CGG GGA GAT ATA TAT ATA TAC ACA CAT ATG TGA GAA AAA AAG AGA GAA AAT ATG TGT GTC TCT CTC TCT CTT TTT TTC TCA CAA AAA AAT ATA TAG AGG GGA GAT ATT TTA TAA AAA AAC ACA CAA AAT ATA TAG AGA GAG AGG GGT GTA TAG AGT GTT TTA TAA AAT ATG TGA GAC ACA CAC ACA CAA AAG AGT GTA TAA AAC ACT CTG TGT GTA TAA AAG AGG GGA GAC ACT CTA TAA AAA AAG AGG GGT GTT TTC TCA CAT ATC TCA CAA AAG AGA GAT ATC TCA CAA AAG AGC GCA CAG AGA GAC ACC CCA CAA AAC ACG CGA GAT ATA TAT ATT TTA TAC ACA CAA AAA AAG AGA GAT ATC TCC CCA CAA AAT ATT TTT TTA TAT ATT TTT TTC TCT CTA TAT ATA TAT ATT TTT TTC TCT CTG TGT GTG TGT GTC TCA CAT ATC TCT CTT TTT TTT TTG TGC GCA CAA AAT ATG TGG GGC GCT CTG TGT GTT TTT TTC TCA CAT ATC TCT CTT TTA TAA AAT ATG TGC GCT CTG TGT GTC TCG	2222222220222222222222222222222222222222222222222222222222222222222222222222222222222222222222222222222222222222222220222222222222222222222222222222222222222222222222222222222222222222222222220	Oligodend	36668
GTT TTG TGG GGG GGG GGT GTG TGC GCC CCG CGG GGA GAT ATC TCT CTC TCC CCC CCG CGC GCA CAG AGG GGA GAT ATG TGT GTT TTC TCA CAC ACC CCT CTC TCC CCC CCG CGC GCT CTC TCG CGA GAT ATC TCT CTC TCC CCT CTC TCC CCC CCG CGG GGC GCT CTC TCA CAC ACC CCC CCC CCA CAC ACG CGC GCC CCG CGG GGC GCT CTG TGG GGA GAT ATG TGA GAC ACA CAG AGG GGC GCG CGG GGC GCG CGC GCT CTT TTC TCT CTT TTG TGA GAT ATG TGA GAA AAC ACT CTT TTG TGG GGC GCT CTG TGC GCG CGT GTA TAC ACT CTC TCC CCT CTT TTG TGC GCC CCC CCG CGT GTG TGC GCC CCC CCT CTT TTC TCT CTG TGC GCC CCG CGG GGC GCA CAC ACT CTT TTC TCC CCG	2222222220222222220222222222222222220222022222222220222222222220220222222222222220220222222222222222222222022222222222202222222222220222222220	Heart-Cardio	26078
TAA AAT ATC TCT CTT TTG TGG GGC GCC CCG CGG GGG GGC GCA CAC ACC CCG CGC GCG CGG GGC GCT CTC TCA CAA AAG AGC GCC CCT CTG TGT GTA TAA AAT ATG TGC GCC CCA CAG AGC GCA CAC ACT CTT TTT TTG TGG GGG GGA GAG AGG GGC GCC CCG CGA GAG AGG GGC	2222222221222222121222222222222222222222222222222222212222	Oligodend	25885
TTC TCT CTT TTT TTT TTT TTC TCC CCC CCG CGT GTC TCC CCC CCC CCT CTT TTT TTC TCA CAA AAA AAG AGG GGC GCC CCA CAT ATC TCC CCC CCT CTC TCC CCC CCT CTT TTC TCC CCC CCC CCT CTC TCT CTC TCC CCC CCC CCC CCA CAG AGT GTG TGT GTT TTT TTT TTA TAC ACA CAC ACT CTT TTC TCA CAT ATA TAT ATA TAA AAT ATC TCC CCA CAG AGT GTG TGT GTG TGC GCC CCC CCG CGA GAC ACA CAG AGA GAC ACC CCA CAC ACT	222222222022222222222222222222222222222222222222222222222222222222222222222222222202222222222	Oligodend	25700
CTT TTG TGA GAA AAT ATT TTC TCC CCC CCG CGA GAC ACT CTC TCA CAG AGT GTG TGC GCA CAA AAG AGG GGC GCT CTG TGG GGA GAG AGA GAT ATT TTC TCC CCG CGA GAA AAA AAG AGG GGC GCC CCC CCT CTA TAG AGG GGG GGT GTG TGG GGC GCT CTC TCT CTG TGA GAA AAA AAG AGT GTA TAT ATC TCT CTT TTT TTG TGG GGT GTC TCT CTC TCT CTG TGC GCC CCA CAG AGC GCC CCA CAC ACA CAG AGG GGG GGC GCA CAG AGA GAT ATG TGG GGG GGG GGC GCT CTG TGA GAG AGA GAA AAC ACC CCA CAA AAG AGC GCT CTC TCA CAG AGG GGC GCT CTC TCT CTG TGA GAC ACT CTG TGT GTG TGA GAG AGG GGA GAT ATC TCA CAC ACA CAG AGA GAG AGT GTC TCG CGC GCG CGG GGA GAG AGC GCC CCA CAA AAT ATT TTA	22222222202222222222222222222222221222222222222222222222222222222222222222222222222222222222222222222222222222222222222222222222222222222221212222222222	Heart-Cardio	36825
GGC GCC CCT CTG TGT GTC TCC CCG CGG GGC GCA CAC ACT CTG TGC GCT CTG TGA GAA AAG AGG GGT GTA TAA AAG AGG GGG GGT GTT TTC TCC CCG CGC GCG CGG GGT GTG TGC GCC CCC CCC CCG CGG GGG GGA GAG AGA GAG AGA GAG AGT GTC TCT CTC TCC CCA CAC ACT CTG TGC GCG CGG GGA GAA AAA AAA AAT ATT TTC TCT CTC TCT CTG TGT GTT TTA TAT ATT TTT TTT TTT TTC TCA CAA AAA AAT ATG TGC GCG CGT GTG TGA GAA AAA AAT ATT TTA TAG AGA GAC ACA CAC ACC CCC CCT CTT TTA TAG AGC GCA CAC ACA CAA AAC ACA CAA AAA AAT ATG TGC GCA CAC ACA CAG AGT GTA TAA AAT ATG TGC GCT CTG TGG GGT GTC TCA CAC ACC CCG CGT GTA TAT ATG TGT GTG TGC GCT CTT TTT TTC TCT CTG TGT GTT TTT TTG TGC GCA CAA AAG AGG GGT GTG TGG GGC GCA CAC ACG CGA GAG AGA GAG AGG GGG GGC GCC CCC CCT	2222222022222222222222222222222020222222202222222222222222220222222222222222222222222222022222222222222222222222222222222222222222222222220222222222222222222222222222202222222222	Heart-Cardio	25491
GCC CCT CTC TCG CGG GGC GCC CCT CTC TCC CCC CCA CAA AAA AAG AGT GTG TGC GCT CTG TGG GGG GGA GAT ATT TTA TAC ACA CAG AGG GGC GCG CGT GTG TGA GAG AGC GCC CCA CAC ACC CCG	222022222222222222222222222222202222222220	Heart-Cardio	25544
CAA AAA AAG AGG GGA GAC ACA CAC ACC CCG CGC GCA CAG AGC GCA CAG AGC GCA CAC ACA CAT ATC TCT CTG TGA GAG AGT GTG TGG GGC GCT CTG TGC GCA CAA AAA AAA AAG AGG GGG GGG GGC GCA CAC ACC CCC CCA CAG AGG GGA GAC ACA CAG AGG GGG GGC GCA CAC ACC CCC CCT CTT TTC TCT CTG TGG GGT GTC TCT CTA TAG AGT GTC TCC CCC CCC CCG CGC GCC CCA CAG AGC GCC CCT CTG TGA GAA AAT ATG TGG GGC GCT CTT TTT TTA TAC ACT CTC TCA CAG AGA GAG AGA GAG AGC GCT CTG TGG GGT GTG TGC GCT CTG TGG GGG GGC GCT CTC TCA CAT ATC TCT CTA TAG AGG GGT GTC TCA CAG AGA GAA AAA AAG AGC GCT CTG TGA GAG AGA GAT ATT TTA TAA AAC ACC CCA CAA AAG AGG GGC GCC CCA CAC ACC CCC CCG CGA GAG AGT GTT TTC TCC CCA CAA AAC ACC	2222222220222222222222222222222222222222222222222222222222222222222222222222022222222222222222222222222222222222222222222222222222222222222222222222222222202222222222	Heart-Cardio	25857
AGG GGG GGA GAG AGG GGG GGT GTA TAC ACG CGC GCC CCA CAG AGG GGC GCG CGA GAG AGC GCC CCC CCA CAG AGG GGG GGC GCA CAC ACA CAG AGA GAT ATG TGC GCT CTG TGA GAG AGA GAC ACA CAG AGC GCC CCT CTC TCT CTC TCC CCT CTT TTC TCT CTC TCA CAG AGT GTG TGC GCA CAG AGG GGG GGA GAC ACG CGT GTC TCA CAC ACC CCC CCC CCT CTG TGC GCC CCA CAG AGG GGC GCA CAA AAG AGC GCC CCC CCA CAG AGG GGG GGC GCA CAC ACA CAG AGA GAT ATG TGC GCC CCA CAG AGG GGA GAT ATG TGG GGC GCT CTT TTC TCT CTC TCC CCC CCT CTC TCT CTC TCA CAG AGT GTG TGC GCG CGA GAG AGG GGC GCT CTT TTC TCA CAC ACC CCC CCC CCT CTG TGC GCC CCA CAG AGG GGC GCA CAA AAG AGC GCC CCC CCA CAG AGG GGG GGC GCA CAT ATA TAG AGA GAT ATG TGC GCT CTG TGA GAG AGA GAC ACA CAG AGC GCC CCT CTC TCT CTC TCC CCC CCT CTC TCT CTC TCA CAG AGT GTG TGC GCA CAG AGG GGG GGA GAC ACG CGT GTC TCA CAC ACC CCC CCC CCT CTG TGC	2222222221222222022222222222222222222222222222222222222222222222221222222222222222222222222222222222222222222222222222222222220222222222222222222222222222222222222222222222222222222222222222222222202222222222	Oligodend	37003
TCC CCA CAA AAA AAG AGA GAA AAC ACC CCG CGG GGC GCT CTC TCA CAC ACG CGG GGG GGC GCA CAT ATT TTG TGG GGC GCT CTG TGA GAT ATT TTG TGC GCT CTG TGT GTC TCG CGT GTC TCA CAT ATC TCT CTA TAG AGA GAA AAA AAG AGA GAC ACG CGC GCT CTG TGT GTT TTG TGT GTC TCC CCA	222222222122222212222222222222222222212222222222222212222222222	Neuron	36917
AAA AAA AAT ATG TGC GCA CAG AGC GCC CCG CGC GCC CCT CTC TCC CCC CCT CTC TCC CCC CCA CAG AGG GGC GCA CAG AGT GTG TGC GCC CCT CTT TTG TGT GTC TCA CAC ACT CTG TGA GAC ACA CAC ACT CTG TGG GGC GCT CTG TGG GGG GGA GAG AGT GTA TAG AGA GAG AGA GAA AAG AGC GCG CGG GGG GGG GGG GGC GCA CAG AGA GAA AAG	2222222220222222222222222222222222222222222222222222222222222202222222222	Heart-Cardio	25576
TGT GTT TTT TTA TAA AAG AGT GTG TGC GCT CTC TCT CTA TAG AGC GCA CAA AAA AAT ATG TGC GCT CTA TAA AAC ACA CAG AGG GGG GGC GCT CTG TGT GTA TAG AGT GTC TCT CTT TTT TTT TTT TTC TCT CTT TTT TTG TGA GAG AGG GGT GTG TGC GCT CTC TCA CAG AGG GGG GGC GCA CAG AGA GAA AAT ATA TAT ATA TAT ATT TTT TTC TCT CTG TGT GTT TTA TAC ACT CTA TAC ACA CAG AGC GCT CTG TGA GAC ACT CTA TAT ATA TAA AAA AAG AGT GTA TAC ACA CAA AAT ATT TTT TTT TTT TTA TAA AAA AAT ATT TTG TGT GTG TGA GAA AAA AAT ATT TTT TTT TTT TTA TAA AAT ATT TTG TGA GAG AGA GAG AGA GAG AGA GAT ATC TCA CAT ATT TTT TTC TCA CAG AGA GAA AAT ATA TAT ATA TAG AGG GGA GAA AAA AAT ATT TTG TGG GGG GGA GAA AAA AAG AGA GAT ATT TTT TTC TCA CAG AGT GTC TCA CAT ATA TAA AAT ATG TGG GGT GTA TAA AAT ATG TGT GTT TTC TCA CAT ATG TGT GTG TGT GTC TCA CAG AGA GAA AAG AGC GCA CAA AAG AGC GCG	222222222222222222222222222222222222222222222222222222222222222222222222222222222222222222222222222222222222222222222222222222222222222222222222222222222222222222222222222222222222222222222222222222222221	Neuron	37061
GCG CGT GTC TCT CTG TGA GAG AGC GCG CGC GCC CCA CAG AGT GTT TTG TGT GTA TAT ATT TTC TCT CTG TGC GCC CCT CTG TGC GCT CTG TGC GCA CAC ACC CCA CAT ATG TGC GCA CAA AAA AAT ATG TGC GCG CGC GCT CTC TCC CCT CTT TTC TCA CAG AGC GCC CCC CCG CGC GCA CAG AGA GAC ACA CAC ACT CTC TCC CCT CTC TCT CTG TGC GCG CGG GGC GCC CCG CGG GGG GGT GTT TTT TTC TCT CTT TTC TCT CTT TTA TAC ACC CCC CCC CCC CCT CTT TTT TTG TGC GCA CAC ACA CAG AGG GGT GTG TGT GTG TGA GAA AAA AAA AAC ACC CCG	12222222122222222222222222222222222222222222122222222222212222222222222221222122222222222222222222222222222222222221	Heart-Cardio	34313
GGA GAA AAG AGT GTT TTC TCC CCA CAC ACG CGG GGT GTA TAA AAG AGG GGG GGC GCA CAT ATC TCT CTC TCC CCT CTC TCT CTC TCC CCG CGT GTA TAC ACC CCA CAG AGG GGA GAA AAG AGA GAG AGA GAA AAA AAG AGG GGC GCC CCC CCC CCA CAG AGA GAT ATC TCG CGC GCC CCG CGA GAG AGG GGC GCG CGC GCA CAG AGA GAG AGG GGC GCT CTC TCC CCC CCA CAT ATC TCG CGG GGT GTG TGG GGA GAG AGA GAA AAG AGG GGC GCC CCC CCC CCG CGC GCC CCT CTC TCA CAG AGC GCT CTG TGC GCG CGC GCC CCA CAC ACC CCA CAG AGT GTC TCT CTT TTA TAT ATC TCC CCC CCC CCG CGT GTG TGA GAC ACT CTG TGG GGC GCC CCC	22222222202222222222222222222022222222222222222222222222022022220222222222222220222222222222221222222222202222222222222222212222222222	Neuron	34683
GCG CGA GAG AGG GGC GCT CTA TAC ACT CTA TAT ATT TTC TCT CTA TAT ATA TAC ACT CTA TAC ACA CAC ACT CTA TAC ACT CTA TAT ATG TGA GAT ATC TCG CGG GGT GTT TTT TTG TGT GTT TTC TCT CTA TAT ATT TTC TCT CTA TAT ATA TAC ACT CTA TAT ATT TTC TCC CCA CAT ATT TTC TCT CTC TCT CTA TAC ACG CGA GAT ATA TAC ACA CAA AAT ATA TAT ATT TTA TAT ATA TAC ACT CTG TGT GTT TTT TTC TCA CAT ATT TTC TCT CTA TAC ACA CAC ACT CTA TAT ATA TAT ATA TAA AAT ATA TAC ACT CTG TGT GTA TAC ACT CTA TAT ATC TCT CTG TGT GTT TTC TCT CTA TAT ATT TTC TCT CTA TAT ATA TAC ACT CTA TAT ATT TTT TTT TTC TCT CTT TTC TCT CTA TAT ATA TAC ACT CTG TGA GAA AAA AAG AGG GGA GAG AGT GTT TTA TAG AGC GCC CCA CAG AGC GCT CTT TTG TGC GCT CTT TTT TTA TAG AGG GGC GCA CAG AGA GAC ACA CAG AGT GTA TAA AAG AGC GCG CGA GAA AAG AGG GGG GGT GTC TCC CCC CCA	12222222222222222222222222222222202222222222222222222222222222222221222222222222222222222222222222222222222222222222222222222222222222222222222222222222222222222222222222222222222222222212222222222	Neuron	37005
GCG CGT GTC TCC CCC CCT CTG TGC GCT CTG TGC GCT CTG TGT GTC TCG CGC GCT CTC TCC CCT CTG TGA GAG AGA GAA AAG AGC GCG CGG GGC GCT CTG TGC GCT CTG TGT GTC TCC CCC CCT CTG TGC GCA CAG AGA GAG AGC GCC CCT CTG TGG GGA GAC ACG CGG GGA GAG AGC GCT CTG TGG GGG GGA GAG AGA GAA AAG AGC GCG CGC GCG CGC GCG CGG GGC GCG CGG GGC GCA CAG AGC GCA CAG AGC GCC CCG CGA GAC ACA CAG AGG GGC GCT CTC TCC CCC CCA CAA AAC ACC CCC CCA CAA AAT ATG TGC GCC CCG CGC GCA CAG AGG GGT GTT TTT TTC TCC CCG CGA GAG AGG GGA GAA AAA AAA AAC ACG CGC GCT CTC TCC CCG	1222222222222220222222222222122222222222222222222222221222222222222221212122122222222212222222222222222222220222222222122222222122221	Neuron	34900
AGA GAG AGT GTT TTT TTA TAT ATT TTC TCG CGT GTC TCC CCA CAC ACC CCG CGC GCC CCT CTC TCC CCA CAC ACT CTC TCC CCA CAC ACA CAT ATT TTT TTG TGT GTG TGA GAG AGG GGA GAT ATG TGA GAA AAC ACT CTT TTG TGC GCT CTT TTG TGG GGC GCT CTA TAA AAA AAC ACC CCC CCC CCA CAC ACG CGG GGA GAG AGC GCC CCT CTG TGA GAC ACC CCA CAC ACG CGC GCG CGA GAT ATC TCC CCA CAG AGT GTG TGG GGG GGA GAT ATA TAA AAA AAT ATC TCG CGA GAT ATG TGT GTG TGT GTG TGT GTT TTA TAA AAG AGA GAA AAT ATA TAG AGC GCA CAC ACT CTG TGG GGT GTG TGT GTG TGG GGA GAG AGA GAT ATC TCA CAA AAA AAC ACG	2222222221222222022222222222222222222222222222222222222222222222122222222222202122222222222222222122222222222222222222222222222222222220	Oligodend	25785
GTT TTG TGA GAG AGA GAC ACC CCG CGG GGG GGA GAG AGC GCA CAT ATG TGA GAA AAG AGG GGC GCA CAA AAA AAG AGG GGA GAG AGC GCA CAG AGC GCC CCG CGA GAC ACT CTG TGT GTG TGC GCC CCC CCG CGG GGA GAA AAT ATC TCA CAT ATC TCA CAG AGA GAT ATA TAC ACA CAG AGG GGG GGG GGG GGT GTG TGC GCA CAC ACT CTC TCT CTC TCA CAG AGG GGC GCG CGG GGA GAT ATG TGG GGC GCC CCT CTG TGG GGG GGC GCC CCA CAG AGG GGA GAA AAA AAA AAG AGG GGT GTG TGG GGG GGA GAG AGA GAG AGA GAC ACC CCC CCG CGG GGA GAG AGA GAG AGA GAG AGA GAC ACC CCA CAA AAC ACG CGC GCA CAG AGA GAG AGC	2222222022222222222222222222222220222222222122222222222222222222222222222222212222222222222222222222222222222222022222222222221222222	Oligodend	36989
GGG GGG GGG GGG GGG GGC GCG CGT GTG TGC GCC CCT CTG TGG GGG GGT GTG TGT GTG TGC GCG CGT GTG TGT GTT TTC TCG CGG GGA GAT ATG TGC GCT CTG TGA GAG AGA GAC ACT CTC TCA CAG AGG GGA GAA AAC ACT CTC TCT CTC TCA CAG AGG GGT GTA TAG AGT GTC TCA CAG AGG GGA GAA AAC ACG CGT GTG TGG GGT GTG TGA GAT ATG TGA GAG	222222122222222222221222221222222222222222222222222222222222222202222222222	Oligodend	26103
AGC GCA CAG AGC GCT CTC TCA CAT ATC TCG CGT GTG TGT GTT TTG TGC GCT CTC TCA CAA AAC ACT CTC TCT CTG TGC GCA CAT ATG TGT GTC TCG CGC GCG CGT GTG TGC GCC CCA CAT ATT TTT TTT TTG TGA GAA AAG AGC GCA CAT ATC TCC CCC CCG	222222222122222222222222222222212022222222222222222221	Neuron	25451
AGG GGG GGT GTG TGG GGT GTC TCT CTC TCG CGA GAA AAT ATT TTC TCC CCT CTG TGA GAC ACC CCT CTC TCA CAG AGG GGC GCG CGA GAT ATC TCT CTA TAC ACC CCT CTG TGT GTC TCT CTC TCG CGG GGC GCC CCT CTC TCC CCC CCA CAA AAA	2222222221222222222222222221222222222222212222222222	Neuron	26198
GGT GTC TCC CCT CTT TTC TCT CTT TTC TCG CGC GCG CGT GTA TAT ATT TTC TCA CAG AGT GTC TCA CAG AGC GCA CAA AAA AAC ACT CTG TGC GCC CCT CTC TCA CAA AAC ACC CCG	222222222121222222222222222222222222221	Heart-Cardio	34441
GCG CGC GCA CAG AGA GAC ACA CAG AGA GAT ATG TGG GGA GAT ATG TGG GGG GGG GGG GGC GCT CTG TGG GGC GCT CTA TAT ATA TAG AGA GAC ACA CAT ATT TTT TTC TCA CAG AGA GAT ATC TCT CTG TGT GTG TGC GCA CAC ACA CAA AAG AGA GAC ACT CTC TCT CTG TGT GTC TCG CGA GAA AAG AGG GGC GCC CCT CTT TTT TTC TCA CAC ACG CGT GTA TAT ATG TGA GAT ATC TCT CTA TAT ATA TAG AGC GCA CAA AAT ATT TTT TTT TTT TTG TGT GTT TTT TTT TTC TCC CCT CTC TCA CAA AAT ATT TTA TAC ACC CCG CGT GTA TAT ATT TTG TGA GAC ACC CCA CAA	122222222222222222222222222222222222222222222222222222222220222222222222022222222222222222222222222222222222202222222222	Oligodend	36745
CCA CAT ATC TCC CCT CTC TCA CAG AGC GCG CGC GCC CCC CCA CAG AGC GCA CAC ACG CGA GAA AAG AGA GAT ATG TGT GTC TCG CGA GAA AAG AGG GGC GCT CTG TGC GCC CCT CTT TTG TGA GAA AAC ACT CTC TCT CTG TGT GTG TGT GTT TTC TCA CAG AGG GGG GGG GGT GTT TTG TGG GGG GGG GGG GGG GGC GCA CAC ACA CAG AGT GTA TAG AGT GTC TCA CAG AGG GGG GGC GCT CTC TCA CAG AGC GCA CAG AGC GCC CCA CAG AGG GGA GAC ACC CCA CAC ACG CGG GGA GAG AGG GGG GGC GCC CCA CAG AGA GAA AAC ACC CCC CCT CTG TGG GGG GGG GGC GCC CCA CAC ACC CCT CTG TGC GCC CCA CAA AAC ACC CCT CTG TGC GCC CCC CCA CAC ACC CCT CTC TCC CCC CCT CTC TCG CGG GGA GAG AGA GAC ACC CCT CTC TCT CTC TCT CTG TGA GAG AGG GGG GGC GCA CAG AGA GAG AGC GCA CAA AAG AGA GAG AGG GGG GGA GAC ACC CCA CAA AAG AGC GCC CCT CTC TCT CTG TGG GGT GTC TCT CTC TCT CTG TGG GGC GCC CCT CTG TGG GGG GGG GGT GTC TCC CCT CTC TCT CTT TTC TCT CTG TGA GAT ATA TAA AAG AGG GGG GGG GGT GTC TCC CCC CCC CCA CAT ATG TGC GCC CCA CAG AGC GCC CCT CTG TGG GGA GAC ACC CCC CCG	2222222221222222221222222221222222222222222222222222222222222222222222222222222222222222222222222122222222222222222222222222222222222222222222221222222222222222222222222222222222222222222222222222222222222222222222222222222222222222222222221	Oligodend	25971
TAC ACA CAG AGG GGA GAG AGG GGA GAC ACG CGT GTG TGC GCA CAT ATA TAG AGC GCT CTC TCA CAT ATA TAT ATG TGC GCA CAA AAA AAT ATA TAC ACT CTA TAC ACG CGT GTC TCC CCT CTA TAT ATC TCA CAG AGT GTG TGA GAC ACT CTG TGA GAA AAG AGC GCA CAC ACC CCT CTG TGT GTG TGG GGA GAT ATT TTT TTT TTG TGG GGT GTA TAT ATC TCC CCG CGA GAG AGG GGG GGG GGG GGG GGT GTT TTG TGG GGA GAG AGA GAA AAT ATC TCG CGA GAC ACA CAG AGA GAT ATA TAC ACC	2222222220222222222222222222222222202222222222222222222222222222222222222220222222222222222220222222222	Heart-Cardio	25565
GGA GAG AGA GAC ACA CAC ACA CAG AGC GCG CGT GTC TCA CAG AGA GAG AGA GAC ACA CAA AAA AAT ATC TCC CCT CTG TGC GCG CGC GCC CCT CTT TTA TAT ATT TTT TTT TTG TGG GGT GTG TGG GGG GGA GAG AGA GAA AAA AAA AAA AAA AAA AAA AAA AAT ATC TCA CAC ACA CAA AAG AGG GGA GAT ATA TAC ACT CTT TTT TTT TTG TGT GTG TGG GGA GAT ATG TGG GGG GGA GAA AAG AGG GGA GAA AAA AAC ACA CAT ATT TTT TTC TCT CTG TGA GAA AAA AAT ATA TAA AAA AAA AAA AAC ACA CAC ACC CCA CAT ATT TTT TTG TGA GAT ATT TTG TGA GAG AGG GGC GCA CAT ATG TGT GTC TCC CCC CCC CCC CCA CAT ATC TCT CTC TCC CCA CAA AAT ATC TCA CAG AGA GAT ATT TTC TCT CTG TGA GAG AGG GGG GGA GAC ACT CTC TCA CAG AGG GGT GTG TGC GCT CTT TTG TGT GTT TTC TCC CCA CAA AAA AAA AAA AAC ACT CTC TCT CTA TAC ACA CAC ACA CAG AGG GGT GTA TAT ATG TGT GTT TTA TAA AAA AAA AAA AAT ATA TAC ACG CGT GTA TAA AAC ACA CAT ATT TTT TTA TAG	22222222202222222222222222202222222222222222222222222222222222222222222222222222222222222222222222222222222222222222222222222222222222222222222222222222222222222222222222222222222222222222222222222202222222222	Neuron	34902
ACT CTA TAT ATG TGG GGA GAG AGA GAC ACG CGC GCT CTC TCC CCA CAG AGT GTT TTG TGC GCT CTA TAT ATG TGG GGG GGT GTA TAC ACC CCA CAT ATC TCA CAC ACG CGC GCT CTA TAA AAT ATC TCG	2222222221222222222222222222222222212222221	Heart-Cardio	34460
TGG GGT GTT TTT TTT TTG TGG GGG GGC GCG CGC GCC CCA CAC ACC CCA CAC ACG CGG GGT GTG TGG GGA GAA AAA AAG AGA GAA	2222222221222222202222222222	Oligodend	37217
CAG AGT GTG TGA GAG AGC GCC CCA CAA AAG AGA GAT ATC TCA CAC ACG CGC GCC CCA CAC ACT CTA TAC ACA CAT ATT TTC TCC CCA CAG AGC GCC CCC CCG CGG GGG GGC GCG CGA GAC ACT CTG TGA GAG AGC GCG CGA GAG AGA GAC ACT CTC TCT CTG TGT GTC TCC CCC CCC CCA CAC ACA CAC ACT CTG TGT GTC TCC CCC CCC CCG CGC GCC CCA CAA AAA AAA AAA AAA AAA AAG AGT GTT TTA TAA AAA AAC ACC CCC CCC CCA CAC ACA CAA AAT ATC TCC CCT CTA TAC ACT CTC TCC CCT CTG TGG GGA GAT ATG TGT GTA TAG AGA GAG AGC GCC CCC CCA CAA AAA AAG AGG GGA GAA AAT ATG TGA GAA AAA AAA AAC ACC CCT CTG TGC GCA CAT ATT TTC TCA CAC ACA CAG AGG GGA GAA AAG AGT GTC TCT CTG TGG GGC GCA CAC ACG CGC GCA CAG AGA GAT ATA TAT ATT TTC TCA	2222222222222220222222222222222220222022222220222222222222222222222222022222222222222222222222222222222222222222222222222222222222222222222222222222222222212222222222	Heart-Cardio	25986
CAG AGT GTT TTC TCT CTC TCA CAT ATC TCG CGA GAC ACA CAA AAT ATG TGG GGC GCA CAT ATA TAG AGA GAT ATC TCA CAA AAA AAC ACA CAT ATT TTA TAT ATT TTG TGC GCC CCA CAG AGA GAC ACA CAT ATA TAA AAA AAA AAC ACC CCC CCC CCG CGG GGG GGT GTC TCG CGC GCT CTC TCC CCC CCT CTG TGT GTC TCA CAT ATT TTT TTT TTC TCC CCC CCC CCG CGT GTT TTA TAC ACC CCA CAG AGA GAA AAG	222222222022222222222222222222222222222222222222222202222122222222222222222202222222222	Neuron	34324
CAT ATT TTC TCT CTT TTA TAC ACT CTC TCG CGC GCC CCT CTT TTA TAA AAG AGC GCA CAA AAA AAT ATC TCA CAT ATA TAT ATT TTT TTG TGA GAT ATA TAC ACC CCT CTG TGC GCT CTC TCA CAT ATA TAA AAC ACA CAA AAT ATA TAT ATA TAA AAA AAC ACC CCC CCA CAC ACC CCT CTG TGC GCC CCA CAT ATG TGA GAT ATG TGT GTC TCA CAT ATC TCC CCA CAG AGC GCG CGT GTG TGT GTC TCA CAT ATT TTG TGA GAG AGG GGG GGT GTC TCT CTG TGA GAG AGC GCA CAG AGG GGG GGC GCT CTG TGG GGC GCT CTA TAC ACC CCA CAT ATT TTA TAA AAC ACC CCC CCT CTT TTG TGT GTT TTG TGT GTG TGT GTT TTT	2222222221222222222222222222222222222222222222222222222222222222222222222222220222222222222222222222222222222222222222222222222222	Heart-Cardio	36373
CAC ACA CAA AAT ATC TCA CAT ATT TTA TAG AGC GCA CAA AAT ATA TAT ATT TTA TAC ACC CCA CAG AGC GCT CTC TCC CCT CTC TCC CCC CCA CAA AAA AAA AAT ATT TTA TAA AAC ACC CCA CAG AGC GCT CTT TTA TAT ATT TTC TCC CCA CAC ACA CAG AGA GAA AAA AAA AAC ACC CCA CAT ATT TTC TCT CTT TTA TAA AAA AAA AAA AAA AAG AGG GGA GAA AAT ATA TAT ATG TGG GGT GTT TTG TGT GTA TAA AAA AAC ACA CAA AAA AAT ATG TGG GGT GTC TCT CTG TGA GAT ATG TGC GCC CCA CAT ATG TGC GCA CAG AGT GTA TAA AAT ATT TTA TAA AAA AAA AAT ATG TGC GCT CTC TCT CTG TGA GAC ACC CCG CGA GAA AAC ACA CAG AGA GAT ATG TGG GGT	22222222222222222222222222222222222222222222222222222222222222222222222222222222222222222222222222222222222222222222222222222222212222222222	Oligodend	35068
CCT CTT TTC TCC CCC CCC CCC CCA CAC ACG CGA GAA AAG AGG GGT GTC TCC CCC CCC CCT CTC TCT CTG TGT GTC TCA CAG AGA GAC ACC CCC CCC CCC CCC CCG CGA GAC ACC CCC CCT CTC TCA CAG AGC GCC CCT CTT TTC TCA CAC ACT CTC TCC CCC CCA CAG AGG GGA GAG AGA GAG AGC GCC CCT CTC TCC CCT CTT TTG TGG GGC GCC CCT CTG TGC GCT CTT TTT TTT TTC TCT CTT TTT TTT TTT TTT TTT TTC TCT CTT TTT TTT TTA TAC ACC CCT CTT TTT TTT TTT TTC TCT CTT TTT TTT TTT TTT TTT TTT TTT TTT TTT TTA TAA AAG AGT GTC TCG CGG GGA GAG AGT GTT TTG TGC GCT CTC TCT	22222222202222222222222222222222220222222222222222222222222222222222222222222222222222222222222222222222222222222222202222222222	Oligodend	36560
GCA CAG AGG GGC GCT CTC TCC CCG CGA GAG AGG GGG GGG GGC GCA CAG AGT GTG TGA GAG AGC GCA CAG AGC GCG	2222222122222222222222221	Oligodend	25354
GTG TGA GAA AAT ATC TCG CGA GAA AAG AGA GAC ACT CTA TAA AAT ATA TAC ACC CCG CGA GAA AAT ATA TAG AGA GAG AGA GAA AAA AAA AAA AAC ACA CAA AAT ATC TCC CCT CTC TCT CTT TTT TTG TGT GTT TTG TGG GGT GTG TGC GCC CCT CTG TGC GCA CAT ATC TCT CTT TTT TTG TGG GGC GCT CTC TCG CGT GTC TCA CAG AGT GTG TGT GTT TTG TGT GTA TAC ACG CGA GAA AAC ACA CAG AGT GTG TGG GGA GAC	22222122222222222212222222222222222222222222222222222222222222222122222222222212222222222	Neuron	36532
GGG GGC GCG CGC GCC CCA CAC ACG CGA GAG AGA GAT ATA TAG AGG GGT GTG TGG GGC GCT CTC TCA CAC ACG CGC GCC CCT CTG TGT GTA TAA AAT ATC TCC CCC CCA CAG AGC GCA CAC ACT CTT TTT TTG TGG GGG GGA GAG AGG GGC GCC CCG CGA GAG AGG GGC GCG CGG GGG GGC GCG CGG GGA GAT ATC TCA CAC ACA CAA AAG AGG GGT GTC TCA CAG AGG GGA GAG AGA GAT ATC TCG CGA GAG AGA GAC ACC CCA CAT ATC TCC CCT	22022220222222222222222022222222222222222222222222202222022202222222222222222222202222222222	Heart-Cardio	25850
CTG TGA GAC ACA CAA AAC ACT CTG TGC GCG CGT GTC TCA CAT ATT TTA TAC ACG CGT GTG TGG GGC GCA CAA AAC ACA CAA AAC	2222222221222222202222222222	Neuron	36709
AGG GGC GCC CCC CCA CAC ACC CCC CCC CCG CGA GAG AGT GTG TGT GTA TAC ACG CGA GAA AAA AAC ACC CCT CTC TCT CTC TCC CCC CCT CTA TAT ATC TCC CCA CAC ACT CTT TTC TCC CCC CCC CCC CCC CCA CAG AGG GGT GTC TCT CTG TGT GTG TGC GCA CAC ACA CAG AGT GTC TCT CTC TCC CCC CCT CTG TGC GCC CCT CTG TGG GGC GCG CGC GCA CAC ACC CCC CCT CTG TGC GCC CCC CCT CTC TCT CTT TTT TTT TTC TCT CTG TGA GAC ACT CTC TCC CCA CAC ACA CAT ATC TCT CTT TTT TTA TAC ACC CCC CCT CTC TCT CTA TAG AGG GGT GTC TCT CTC TCA CAA AAC ACA CAG AGA GAG AGA GAT ATG TGG GGC GCA CAC ACC CCT CTC TCC CCT CTC TCC CCA CAG AGA GAA AAG AGG GGG GGC GCC CCC CCT CTC TCG CGG GGC GCT CTC TCA CAC ACC CCC CCT CTT TTC TCC CCA CAG AGC GCA CAA AAC ACT CTG TGC GCC CCT	22222222212222222122222222222222222222222222222222222222222222222222222212222222222222222222222222222222222222222222222222222222222222222222222222222222122222222222222222222222	Neuron	25598
ACC CCA CAT ATT TTT TTT TTA TAT ATC TCG CGC GCG CGC GCT CTG TGA GAC ACG CGG GGG GGA GAG AGG GGA GAA AAG AGA GAT ATC TCT CTG TGG GGA GAA AAG AGA GAA AAC ACT CTT TTT TTT TTC TCT CTG TGT GTG TGG GGC GCT CTG TGG GGT GTA TAG AGA GAG AGC GCT CTG TGT GTC TCC CCG	2222222221212222202222222222222222222222222222222222222222222221	Neuron	37004
TGT GTG TGG GGC GCT CTC TCT CTA TAC ACG CGT GTG TGC GCT CTG TGC GCA CAG AGC GCT CTG TGG GGG GGC GCC CCC CCG CGC GCA CAG AGA GAG AGC GCT CTT TTA TAA AAA AAA AAT ATA TAG AGC GCA CAG AGC GCG CGT GTG TGA GAG AGC GCT CTG TGG GGC GCC CCG CGC GCT CTG TGG GGG GGC GCA CAT ATG TGT	22222222202222222222222222022222222222222222220222222222202222222222	Heart-Cardio	25947
TGC GCA CAG AGT GTG TGA GAG AGC GCC CCG CGA GAG AGA GAT ATT TTG TGC GCG CGC GCC CCA CAC ACT CTG TGC GCA CAC ACT CTC TCC CCA CAG AGC GCC CCT CTG TGG GGG GGT GTG TGA GAC ACA CAG AGA GAG AGA GAC ACT CTC TCT CTA TAT ATC TCT CTC TCA CAA AAA AAA AAA AAA AAA AAA AAA AAA AAA AAA AAA AAA AAA AAA AAA AAA AAA AAA AAA AAA AAA AAA AAA AAA AAA AAA AAA AAG AGA GAA AAA AAA AAG AGA GAA AAA AAA AAA AAA AAT ATA TAG AGC GCT CTA TAA AAC ACA CAG AGA GAA AAA AAA AAG AGT GTA TAT ATT TTG TGT GTA TAT ATT TTT TTT TTG TGT GTA TAT ATT TTC TCT CTG TGC GCA CAA AAA AAC ACA CAG AGA GAA AAC ACA CAG AGT GTA TAT ATT TTG TGT GTT TTG TGA GAC ACA CAA AAA AAT ATG TGC GCC CCT	22222222212222222122222222222222222222222222222222222222222222222222222222222222222222222222222222222222222222222222222222222222222222222222222222222222222222222	Neuron	36597
ACA CAA AAG AGT GTC TCA CAC ACA CAC ACG CGG GGA GAA AAG AGC GCA CAA AAG AGT GTC TCA CAC ACG CGC GCA CAG AGC GCA CAG AGA GAG AGC GCT CTA TAG AGG GGA GAT ATT TTG TGG GGA GAA AAC ACA CAG AGA GAA AAG AGT GTG TGC GCC CCT CTG TGC GCA CAT ATC TCC CCT CTC TCC CCA CAA AAC ACG CGC GCC CCT CTG TGC GCA CAT ATC TCC CCC	22222222212222222222221222222222222222222222222222222222222222222212222222222	Neuron	35000
GGC GCT CTG TGC GCG CGG GGT GTG TGG GGC GCT CTC TCA CAC ACG CGC GCC CCT CTG TGT GTA TAA AAT ATC TCC CCC CCA CAG AGC GCA CAC ACT CTT TTT TTG TGG GGG GGA GAG AGG GGC GCC CCG CGA GAG AGG GGC GCG	222202222222221222222222222222222222222222122221	Neuron	25744
TTG TGT GTA TAG AGA GAG AGA GAC ACC CCG CGG GGC GCT CTC TCT CTC TCA CAC ACC CCA CAT ATG TGT GTT TTG TGC GCC CCC CCA CAG AGG GGC GCT CTA TAA AAC ACT CTA TAA AAG AGG GGC GCT CTC TCT CTT TTT TTC TCT CTA TAA AAG AGT GTG TGC GCC CCT CTG TGT GTG TGA GAT ATG TGA GAC ACC CCA CAA AAG AGC GCA CAC ACA CAA AAT ATG TGC GCC CCA CAT ATG TGT GTT TTG TGA GAC ACC CCT CTT TTG TGC GCT CTT TTT TTG TGT GTC TCC CCA CAG AGC GCT CTT TTT TTC TCT CTG TGT GTG TGG GGG GGG GGC GCA CAG AGC GCC CCT CTC TCC CCA CAA AAC ACC CCC CCC CCA CAC ACC CCC CCA CAA AAG AGA GAC ACC CCC CCT CTC TCA CAA AAC ACC CCA CAT ATC TCA CAG AGG GGG GGA GAC ACC CCA CAA AAC ACC CCC CCA CAT ATG TGC GCT CTC TCA CAT ATG TGC GCT CTC TCA CAC ACA CAG AGT GTT TTC TCC CCT CTG TGG GGT GTT TTC TCT CTT TTT TTG TGA GAC ACG CGC GCT CTG TGG GGC	2222222221222222222222222222222222222222222222222222222222222222222222222222222222222222222222222222222222222222222222222222222222222222222222222222222222222222222222222222222222222222222222122222	Heart-Cardio	26270
CTC TCT CTT TTG TGA GAG AGC GCC CCC CCG CGC GCT CTG TGT GTG TGC GCC CCA CAT ATC TCT CTT TTG TGC GCT CTG TGG GGT GTT TTA TAT ATC TCG CGT GTC TCT CTT TTT TTG TGT GTT TTC TCC CCT CTT TTC TCC CCC CCT CTG TGA GAC ACC CCT CTG TGG GGT GTT TTA TAT ATG TGA GAT ATT TTT TTT TTC TCC CCT CTA TAT ATA TAG AGC GCA CAA AAA AAT ATA TAA AAA AAG AGA GAA AAA AAG AGC GCT CTG TGG GGG GGA GAT ATT TTG TGT GTC TCA CAC ACC CCT CTT TTT TTC TCT CTT TTT TTT TTC TCC CCT CTA TAC ACA CAA AAC ACT CTT TTG TGG GGA GAA AAG AGT GTC TCT CTG TGG GGG GGC GCA CAC ACA CAC ACT CTG TGT GTT TTA TAT ATG TGA GAG AGT GTC TCT CTT TTT TTG TGT GTC TCT CTA TAA AAA AAG AGA GAG AGT GTC TCA CAT ATG TGG GGG GGG GGA GAA AAG AGG GGT GTA TAA AAG AGT GTC TCT CTC TCT CTC TCC CCC CCC CCT CTC TCC CCC CCC CCT CTG TGG GGG GGC GCT CTC TCT CTC TCT CTC TCC CCT CTC TCT CTT TTC TCC CCT CTC TCC CCT CTT TTA TAT ATC TCT CTC TCC	2222222221222222222222222222222212222222222222222222222222222222222222222222222222222222222222222222222222222222222222222222222222222222222222222222222222222222222222222222222222222222222222222222222222222222222222222	Oligodend	25555
GCA CAC ACT CTC TCG CGG GGA GAT ATA TAT ATC TCT CTC TCA CAA AAG AGT GTG TGC GCT CTC TCT CTG TGG GGA GAG AGA GAC ACG	22221222222222222222222222221	Oligodend	25275
CTT TTA TAG AGA GAA AAA AAA AAT ATG TGT GTT TTC TCC CCT CTC TCC CCC CCA CAA AAC ACA CAG AGC GCC CCT CTC TCA CAC ACC CCC CCA CAT ATC TCC CCT CTC TCA CAG AGT GTC TCA CAC ACC CCT CTT TTC TCC CCA CAC ACC CCC CCT CTT TTC TCT CTG TGT GTT TTG TGG GGA GAA AAG AGC GCA CAT ATA TAG AGC GCC CCT CTC TCC CCA CAC ACC CCA CAA AAT ATA TAA AAT ATT TTT TTC TCT CTT TTC TCT CTC TCA CAA AAA AAC ACT CTA TAT ATT TTT TTT TTT TTA TAA AAC ACA CAG AGG GGA GAC ACC CCT CTC TCG CGG GGA GAC ACA CAG AGT GTG TGA GAT ATC TCC CCA CAC ACC CCC CCT CTA TAA AAA AAG AGC GCA CAA AAG AGA GAA AAT ATT TTA TAT ATT TTG TGC GCG CGG GGA GAA AAG AGC GCC	222222222222222222222222222222222222222222222222222222222222222222222222222222222222222222222222222222222222222212222222222222222222222222222222221222222	Oligodend	25313
ATG TGA GAT ATA TAG AGT GTG TGC GCC CCG CGA GAG AGT GTA TAA AAC ACC CCC CCT CTG TGG GGT GTC TCA CAC ACT CTT TTG TGT GTG TGA GAT ATG TGT GTC TCC CCA CAG AGG GGC GCA CAG AGG GGC GCC CCA CAG AGT GTG TGC GCG CGT GTG TGG GGG GGC GCT CTG TGG GGC GCA CAG AGG GGT GTG TGC GCT CTG TGC GCA CAG AGA GAC ACG CGT GTG TGC GCC CCG CGT GTC TCT CTG TGT GTG TGC GCC CCT CTG TGG GGC GCA CAG AGC GCC CCA CAG AGA GAT ATT TTA TAG AGA GAA AAA AAC ACA CAA AAC ACC CCA CAT ATG TGG GGC GCC CCC CCT CTG TGG GGC GCC CCC CCA CAC ACC CCC CCG CGC GCC CCA CAC ACA CAT ATA TAA AAC ACT	222222222122222222222222222222222222222222222222221222222222222222222222202222122222222222222222222222222222222222222222222222212222222222	Oligodend	25805
GCA CAA AAA AAA AAA AAA AAC ACG CGA GAG AGG GGG GGC GCT CTA TAC ACG CGA GAG AGA GAA AAA AAT ATT TTG TGG GGG	222222202222222212222222222	Neuron	34276
GCC CCA CAG AGA GAG AGT GTT TTC TCC CCG CGG GGG GGG GGG GGC GCA CAC ACT CTG TGA GAG AGT GTG TGC GCT CTG TGT GTG TGT GTG TGG GGC GCA CAC ACC CCC CCG CGG GGG GGC GCC CCA CAG AGG GGA GAG AGA GAA AAA AAC ACA CAT ATG TGT GTG TGC GCC CCA CAG AGA GAG AGG GGG GGC GCA CAG AGG GGC GCG CGT GTG TGG GGG GGC GCT CTC TCT CTC TCC CCG CGG GGG GGG GGA GAG AGT GTC TCT CTC TCT CTG TGC GCG CGT GTA TAG AGA GAC ACT CTT TTT TTC TCT CTA TAG AGC GCC CCC CCA CAG AGA GAG AGG GGT GTT TTC TCA CAG AGG GGT GTG TGA GAT ATG TGG GGA GAC ACC CCA CAG AGA GAG AGA GAC ACT CTG TGG GGC GCC CCG CGC GCT CTT TTT TTG TGT GTG TGA GAC ACA CAC ACC CCG CGA GAG AGG GGA GAC ACG CGG GGT GTT TTG TGA GAT ATA TAA AAA AAG AGT GTG TGG GGA GAT ATT TTC TCT CTC TCG CGA GAG AGG GGG GGG GGA GAA AAG AGC GCT	222222222122222222222222222222222222122222222222222222222222222222220222222222212222222222221222222222222222222222222222222222222222222222212222222222221222220222222222222222222212222222222	Oligodend	26138
GGT GTA TAT ATG TGG GGC GCC CCG CGC GCT CTG TGG GGG GGA GAA AAG AGA GAG AGC GCC CCT CTG TGG GGC GCA CAA AAT ATG TGT GTC TCT CTT TTA TAA AAG AGA GAA AAG AGT GTT TTA TAG AGG GGG GGC GCC CCC CCG CGG GGC GCC CCC CCG CGG GGT GTG TGG GGC GCT CTC TCA CAC ACG CGC GCC CCT CTG TGG GGA GAA AAT ATC TCC CCC CCA CAG AGC GCA CAC ACT CTT TTT TTG TGG GGG GGA GAG AGG GGC GCC CCG CGA GAG AGG GGC GCG CGG GGG GGT GTG TGG GGA GAT ATC TCA CAC ACC CCT CTG TGA GAA AAG AGT GTC TCA CAG AGG GGA GAG AGT GTT TTT TTG TGA GAG AGA GAC ACC CCA CAG AGC GCC CCT CTG TGG GGC GCC CCA CAA AAC ACA CAT ATG TGG GGT GTG TGA GAA AAA AAT ATT TTA TAC ACT CTA TAA AAA AAA AAA AAT ATA TAC ACA CAA AAA AAA AAA AAT ATT TTA TAG AGC GCT CTG TGG GGG GGT GTG TGT GTG TGG GGT GTG TGG GGT GTG TGC GCA CAT ATG TGC GCC CCT CTG TGT GTA TAG AGT GTC TCC CCC CCA CAG AGC GCT CTA TAC ACT CTC TCA CAG AGG GGA GAT ATA TAC ACC CCA CAA AAG AGG GGC GCA CAG AGG GGA GAG AGA GAA AAT ATC TCA CAC ACT CTT TTG TGA GAA AAC ACC CCC CCG CGG GGC GCA CAA AAG AGC	22222220222222222222222222222222222222222222222022220222222222022222222222222222222222222202222122222222222222222222222222222222222222222222222222222222222222222222222222222222222222222222222222222222222222222222222222222222222222222222222220222222	Heart-Cardio	25986
GGC GCC CCC CCA CAG AGT GTG TGA GAC ACG CGG GGA GAG AGA GAA AAC ACG CGG GGG GGA GAT ATT TTC TCC CCT CTT TTG TGG GGC GCA CAC ACG CGA GAG AGC GCT CTG TGG GGG GGT GTG TGA GAG AGC GCA CAG AGC GCC CCG CGT GTC TCA CAG AGC GCA CAT ATC TCG CGC GCG CGT GTG TGG GGA GAA AAA AAG AGA GAT ATG TGG GGA GAG AGG GGC GCC CCC CCG CGG GGG GGC GCG CGG GGC GCA CAG AGC GCG CGA GAG AGG GGG GGA GAG AGG GGT GTG TGT GTT TTA TAC ACT CTG TGC GCT CTG TGC GCT CTA TAT ATT TTT TTT TTG TGC GCT CTA TAA AAC ACA CAA AAG AGC GCT CTG TGG GGT GTT TTA TAT ATT TTT TTA TAA AAA AAG AGA GAA AAC ACA CAG AGC GCC CCG CGA GAA AAG AGC GCC CCG	222222222122222212222222222222212222222222222222122222222121222222222222222221222122222122222222222222222222222222222222222222222222222222222221222220	Oligodend	34623
GAG AGC GCA CAC ACA CAG AGC GCC CCC CCG CGT GTG TGC GCC CCC CCA CAA AAA AAG AGT GTG TGG GGC GCT CTC TCC CCC CCA CAC ACA CAC ACC CCA CAA AAG AGC GCG CGT GTG TGG GGT GTG TGG GGG GGA GAG AGC GCT CTG TGG GGG GGC GCC CCG CGC GCA CAC ACT CTG TGG GGG GGG GGG GGA GAT ATG TGG GGG GGA GAC ACT CTG TGG GGC GCT CTG TGC GCT CTC TCT CTG TGG GGA GAA AAG AGC GCA CAT ATC TCG CGA GAG AGA GAA AAG AGT GTA TAG AGT GTG TGT GTC TCC CCT CTC TCC CCA CAG AGA GAG AGG GGA GAG AGG GGT GTA TAG AGA GAA AAC ACC CCA CAG AGA GAG AGA GAT ATC TCT CTC TCG CGC GCA CAG AGG GGT GTA TAC ACG	2222222221222222222222222222222222221222222222222222212222222222222222222222222222222222212222222222222222222222222222222222222222122222221	Oligodend	25883
GAT ATA TAG AGA GAT ATA TAA AAA AAC ACA CAA AAA AAA AAG AGA GAT ATG TGA GAA AAT ATA TAA AAA AAC ACT CTC TCA CAG AGG GGG GGA GAG AGT GTA TAG AGC GCA CAA AAT ATT TTA TAA AAC ACA CAT ATG TGG GGA GAA AAA AAG AGG GGA GAT ATA TAA AAA AAC ACA CAA AAA AAG AGA GAA AAG AGT GTT TTA TAC ACT CTT TTT TTA TAA AAA AAG AGG GGT GTA TAA AAA AAA AAA AAC ACC CCA CAA AAC ACA CAT ATT TTT TTT TTT TTA TAT ATA TAA AAT ATC TCT CTT TTC TCA CAA AAT ATG TGA GAT ATT TTC TCT CTA TAT ATA TAC ACA CAG AGC GCC CCC CCA CAT ATC TCT CTT TTC TCC CCT CTT TTG TGT GTA TAA AAT ATT TTT TTA TAC ACG	22222222222222222222222222222222222222222222222222222222222222222222222222222222222222222222222222222222222222222222222222222222222222222221	Heart-Cardio	36983
GGG GGG GGG GGC GCG CGC GCA CAC ACC CCC CCT CTC TCT CTC TCC CCA CAT ATG TGG GGT GTG TGT GTG TGC GCT CTC TCT CTG TGT GTT TTG TGC GCT CTC TCT CTG TGC GCG CGT GTT TTT TTA TAC ACG CGG GGA GAG AGA GAT ATG TGG GGA GAA AAA AAA AAA AAA AAA AAT ATA TAA AAT ATT TTA TAA AAA AAA AAA AAA AAA AAA AAA AAA AAA AAA AAG AGA GAA AAT ATT TTG TGT GTC TCG CGA GAT ATC TCT CTG TGC GCC CCC CCC CCG CGT GTC TCT CTG TGT GTC TCC CCT CTA TAC ACT CTT TTG TGA GAG AGC GCT CTT TTT TTT TTC TCT CTC TCG CGG GGA GAC ACC CCT CTG TGT GTC TCA CAT ATC TCT CTG TGT GTT TTC TCT CTT TTC TCC CCT CTT TTC TCT CTT TTC TCC CCC CCC CCA CAT ATT TTG	2222022222222222222222222222222222222022222022222222222222222222222222222222222222202222222220222222222222222222222220222222222222222222222222222222222	Oligodend	35014
AAG AGC GCA CAT ATT TTG TGC GCA CAC ACG CGT GTA TAT ATT TTG TGA GAC ACC CCC CCT CTC TCG CGC GCA CAG AGC GCC CCA CAT ATG TGC GCA CAC ACA CAG AGT GTG TGC GCC CCT CTC TCT CTG TGA GAC ACG CGT GTG TGG GGG GGC GCA CAG AGC GCT CTC TCC CCA CAG AGA GAC ACT CTG TGA GAG AGC GCT CTT TTC TCT CTG TGC GCA CAT ATC TCA CAG AGA GAC ACA CAA AAG AGC GCA CAG AGG GGA GAG AGA GAC ACA CAG AGA GAT ATG TGA GAG AGG GGA GAG AGT GTG TGA GAG AGC GCC CCG	22222222212222222222212222222222222222222222212222222222222222222222222222222222222222222222222222222222221	Oligodend	34437
TTT TTG TGC GCA CAA AAA AAC ACA CAC ACG CGG GGC GCA CAT ATG TGG GGA GAG AGC GCG CGT GTC TCT CTT TTT TTC TCC CCC CCC CCT CTG TGT GTG TGC GCT CTC TCA CAC ACT CTA TAG AGA GAG AGA GAG AGG GGC GCC CCA CAC ACA CAC ACC CCA CAG AGC GCC CCT CTT TTC TCT CTC TCG CGT GTG TGC GCT CTT TTC TCC CCG CGT GTA TAA AAA AAC ACC CCT CTG TGA GAC ACA CAT ATG TGC GCT CTT TTT TTT TTT TTT TTC TCC CCA CAT ATC TCT CTT TTA TAG AGG GGG GGT GTC TCT CTT TTT TTT TTT TTA TAC ACG CGT GTT TTC TCC CCG CGC GCT CTC TCC CCC CCT CTC TCT CTG TGC	2222222220222222222022222222222222222222222222222222222222222202222222022222222222222222222222222222222222222220222202222222222	Neuron	37211
GCG CGA GAC ACC CCT CTC TCG CGG GGC GCT CTC TCA CAC ACT CTG TGC GCA CAA AAG AGC GCT CTC TCC CCG CGC GCC CCT CTC TCC CCC CCG CGG GGG GGT GTT TTC TCA CAC ACG CGC GCC CCA CAC ACT CTC TCT CTC TCC CCT CTG TGC GCC CCT CTC TCA CAA AAC ACC CCT CTC TCC CCC CCG CGA GAG AGT GTA TAG AGC GCT CTG TGG GGG GGA GAC ACT CTA TAG AGA GAG AGG GGC GCT CTC TCC CCG CGC GCC CCA CAC ACC CCA CAC ACG CGC GCC CCC CCG CGG GGC GCT CTG TGA GAT ATT TTT TTT TTT TTT TTT TTG TGT GTA TAT ATT TTT TTT TTT TTA TAG AGT GTA TAG AGA GAG AGA GAC ACG CGG GGG GGG GGT GTT TTT TTC TCA CAC ACT CTG TGT GTG TGT GTT TTA TAG AGC GCC CCA CAG AGG GGA GAT ATG TGG GGT GTC TCT CTC TCG CGA GAT ATC TCT CTC TCC CCT CTG TGA GAC ACC CCT CTC TCG CGT GTG TGA GAT ATC TCC	12222212222222222222222122222212222222122222222222222222222222122222222222222222222221222222212221222222222222222222222222222221222222222222222222222222222222122222222222221222222	Heart-Cardio	36533
GTT TTA TAA AAC ACC CCG CGC GCA CAC ACA CAA AAT ATT TTT TTA TAG AGC GCC CCT CTG TGC GCC CCT CTG TGT GTT TTG TGT GTG TGT GTC TCT CTC TCG CGC GCG CGG GGG GGC GCC CCC CCC CCA CAC ACC CCT	2222202222222222222222222222222221212222222222	Neuron	36638
CAC ACT CTC TCA CAC ACT CTG TGC GCC CCC CCA CAA AAA AAG AGA GAC ACT CTG TGC GCC CCG CGA GAG AGG GGC GCC CCC CCC CCC CCA CAA AAC ACC CCC CCT CTC TCA CAG AGG GGA GAC ACT CTA TAG AGC GCG CGG GGT GTC TCC CCA CAC ACC CCA CAG AGG GGC GCC CCC CCC CCA CAG AGC GCC CCT CTG TGC GCC CCC CCC CCG CGG GGT GTG TGC GCC CCC CCT CTG TGC GCC CCC CCA CAG AGC GCA CAA AAC ACA CAC ACT CTG TGG GGC GCT CTG TGG GGC GCA CAG AGG GGC GCA CAG AGG GGC GCA CAC ACT CTC TCC CCT CTC TCA CAG AGA GAC ACT CTC TCT CTG TGC GCA CAG AGC GCC CCG CGG GGC GCA CAG AGG GGT GTC TCC CCT CTG	22222222222222222222022222222222222222222222202222222222222222222222220222222222222222222222222222222222222222222222222222222202222222222	Oligodend	36809
ATT TTC TCT CTG TGA GAG AGA GAC ACC CCG CGT GTT TTC TCT CTC TCA CAT ATA TAG AGT GTT TTC TCA CAG AGA GAT ATT TTC TCA CAA AAG AGC GCC CCT CTT TTC TCC CCC CCT CTT TTG TGC GCT CTG TGG GGG GGC GCC CCC CCC CCC CCA CAG AGC GCC CCT CTG TGC GCG CGG GGG GGA GAG AGC GCG CGT GTT TTA TAG AGG GGC GCA CAG AGT GTG TGT GTT TTT TTC TCC CCA CAT ATG TGC GCC CCG CGT GTG TGG GGG GGA GAC ACC CCC CCA CAC ACG CGC GCA CAG AGG GGG GGG GGG GGG GGC GCT CTC TCA CAG AGC GCC CCA CAG AGC GCG CGC GCA CAG AGG GGA GAG AGG GGC GCA CAG AGC GCA CAG AGG GGG GGT GTG TGG GGC GCC CCG CGT GTC TCG CGA GAG AGG GGC GCC CCT CTG TGT GTG TGG GGA GAA AAC ACG CGT GTT TTT TTG TGC GCT CTC TCC CCT CTC TCT CTT TTC TCT CTC TCC CCT CTT TTC TCC CCG CGG GGC GCC CCC CCT CTT TTG TGG GGA GAG	22222222202222222222222222222222222222222222222222222222220222220222222222222222222220222222222202222222222222222221222222222222222222221220222222222222202222222222222222222202222222222	Heart-Cardio	26099
GAA AAC ACG CGT GTC TCC CCT CTG TGC GCC CCA CAG AGG GGG GGC GCC CCG CGC GCA CAG AGT GTG TGG GGT GTC TCG CGA GAG AGA GAC ACA CAA AAG AGG GGA GAT ATA TAG AGT GTT TTT TTT TTT TTA TAA AAT ATG TGC GCA CAG AGG GGA GAT ATA TAG AGT GTT TTC TCT CTT TTT TTT TTC TCT CTT TTT TTT TTT TTC TCT CTT TTT TTT TTC TCT CTT TTT TTT TTC TCT CTT TTT TTT TTT TTT TTT TTT TTT TTT TTT TTT TTT TTT TTG TGA GAG AGA GAC ACG CGG GGA GAG AGG GGC GCT CTC	2202222222222222022222222122222222222222222222222222222222222222222222222222222222222222222222222212222222	Neuron	36447
AGC GCC CCA CAG AGG GGG GGG GGC GCC CCG CGC GCA CAT ATG TGC GCC CCA CAC ACA CAC ACG CGG GGG GGC GCA CAG AGC GCA CAC ACT CTG TGT GTC TCT CTC TCA CAG AGT GTG TGT GTC TCC CCA CAC ACT CTG TGC GCA CAC ACT CTG TGA GAC ACT CTC TCC CCG CGT GTC TCT CTT TTC TCC CCA CAG AGC GCA CAG AGC GCC CCC CCT CTG TGC GCA CAG AGA GAA AAC ACA CAG AGC GCA CAG AGC GCT CTC TCT CTC TCA CAC ACT CTC TCC CCT CTA TAC ACC CCC CCG CGT GTG TGT GTA TAT ATG TGC GCA CAT ATT TTC TCA CAT ATT TTC TCA CAA AAC ACT CTA TAA AAT ATA TAC ACC CCT CTC TCC CCT CTG TGA GAA AAG AGA GAC ACC CCT CTT TTT TTT TTG TGT GTG TGC GCC CCA CAC ACT CTC TCT CTC TCT CTC TCT CTG TGT GTT TTC TCT CTG TGT GTA TAT ATC TCA CAC ACT CTC TCT CTC TCT CTC TCT CTG TGT GTT TTC TCT CTG TGT GTG TGC GCC CCA CAC ACT CTC TCT CTG TGT GTT TTC TCT CTG TGT GTG	2222222221222222222212222222222222222222222222222222222212222222222222222222222222222222222222222221222222222222222222222222222222222222222222222222222222222222222222222222222222222222222222222222	Heart-Cardio	36980
GCA CAC ACG CGT GTG TGC GCT CTC TCT CTT TTC TCT CTA TAG AGA GAG AGA GAC ACT CTG TGA GAT ATG TGG GGG GGA GAA AAC ACG CGC GCT CTC TCA CAG AGC GCT CTT TTG TGC GCT CTT TTC TCA CAC ACT CTC TCT CTC TCA CAG AGA GAC ACC CCT CTT TTC TCT CTC TCT CTC TCC CCC CCC CCG CGC GCC CCC CCA CAG AGC GCG CGC GCG CGG GGA GAC ACG CGG GGG GGC GCT CTC TCC CCG CGG GGG GGC GCT CTA TAG AGG GGA GAG AGC GCT CTC TCG CGC GCA CAG AGA GAG AGG GGG GGA GAC	2212222222222222222222222222122222222222222222222222222222222221222222121222122222212222222222220222222222	Neuron	36508
TGG GGA GAG AGA GAA AAT ATA TAT ATC TCG CGT GTT TTT TTT TTT TTG TGT GTC TCT CTA TAA AAT ATC TCT CTC TCT CTC TCA CAC ACC CCG CGA GAC ACC CCA CAG AGT GTC TCT CTC TCT CTC TCT CTG TGA GAC ACT CTT TTC TCT CTG TGT GTC TCT CTT TTC TCT CTA TAG AGA GAC ACC CCC CCA CAC ACG CGT GTT TTT TTG TGA GAA AAG AGG GGA GAT ATT TTT TTT TTT TTG TGA GAG AGG GGT GTT TTA TAG AGT GTT TTC TCA CAG AGG GGA GAT ATT TTA TAT ATC TCC CCA CAG AGC GCT CTG TGG GGA GAT ATA TAA AAT ATC TCC CCC CCA CAT ATT TTT TTT TTC TCT CTT TTA TAA AAA AAG AGT GTT TTA TAG AGC GCC CCT CTG TGA GAT ATC TCA CAT ATG TGA GAA AAA	222222222022222222222222222222022222222222222222222222222222222220222222222222222222222222222222222222222222222222222222222222222222222222222222	Oligodend	37067
AAC ACT CTG TGA GAG AGC GCA CAG AGC GCG CGG GGG GGT GTT TTC TCA CAC ACC CCT CTC TCC CCC CCA CAG AGG GGT GTC TCC CCT CTT TTC TCA CAT ATG TGA GAT ATC TCC CCT CTG TGG GGT GTG TGT GTC TCC CCC CCT CTG TGC GCC CCG CGC	22222222202222222222222222222222222222222222222222202	Oligodend	34691
TCA CAT ATG TGG GGG GGG GGA GAC ACC CCG CGG GGT GTG TGA GAG AGG GGC GCT CTG TGG GGG GGT GTG TGT GTG TGA GAG AGG GGG GGT GTG TGG GGG GGG GGG GGG GGT GTG TGG GGG GGC GCA CAA AAG AGC GCC CCG CGG GGA GAC ACT CTC TCA CAC ACG CGT GTG TGG GGC GCC CCG CGT GTA TAG AGC GCT CTG TGG GGA GAG AGC GCA CAG AGA GAC ACG CGC GCT CTC TCC CCC CCA CAC ACG	222222222022222222222222222222222222222222222202222222022222022222222222222022222220	Neuron	36639
AGA GAC ACT CTG TGG GGT GTC TCT CTC TCG CGA GAA AAC ACT CTC TCC CCT CTG TGA GAC ACC CCT CTT TTG TGT GTG TGA GAT ATC TCC CCA CAC ACC CCC CCG CGC GCC CCT CTC TCG CGG GGC GCC CCT CTC TCC CCC CCA CAA AAA AAG AGT GTG TGC GCT CTG TGG GGG GGA GAT ATT TTA TAC ACA CAG AGG GGC GCG CGT GTG TGA GAG AGC GCC CCA CAC ACC CCG	222222222122222222222222222222222212222122222222222222222222222222212222222221	Neuron	25544
CTT TTC TCT CTG TGG GGT GTT TTC TCC CCG CGG GGA GAG AGC GCG CGG GGA GAC ACT CTA TAG AGA GAC ACA CAG AGC GCC CCA CAG AGC GCC CCC CCA CAG AGT GTC TCC CCT CTT TTG TGA GAT ATA TAG AGA GAG AGC GCC CCC CCG CGT GTC TCG CGC GCC CCA CAC ACT CTG TGG GGT GTG TGG GGC GCA CAC ACA CAG AGG GGT GTG TGG GGC GCC CCT CTG TGA GAA AAT ATG TGT GTA TAC ACC CCA CAG AGT GTT TTC TCA CAT ATG TGT GTG TGG GGC GCA CAA AAA AAG AGG GGG GGA GAG AGT GTG TGC GCA CAG AGT GTC TCC CCC CCA CAG AGC GCT CTT TTG TGT GTC TCT CTG TGT GTG TGG GGT GTC TCC CCC CCT CTG TGC GCT CTG TGC GCA CAT ATT TTC TCA CAC ACG CGG GGC GCA CAT ATT TTG TGG GGA GAG AGA GAG AGG GGT GTC TCC CCT CTG TGC GCT CTT TTG	22222222212222022222222222222222222222222222222221221222222222222222222222222222222222222222222222222222222222222222222222222222222222222222220222222222222222222222	Heart-Cardio	36988
ATT TTT TTA TAT ATG TGT GTG TGG GGC GCG CGA GAA AAC ACA CAA AAG AGC GCA CAT ATG TGC GCA CAT ATT TTG TGA GAG AGC GCG CGC GCC CCT CTG TGC GCC CCA CAT ATG TGT	222222222122222222222222222202222222222	Heart-Cardio	37089
GGT GTG TGT GTA TAG AGC GCG CGA GAA AAG AGG GGT GTC TCT CTG TGG GGG GGG GGA GAT ATG TGG GGG GGG GGC GCT CTG TGG GGT GTG TGA GAG AGG GGG GGA GAT ATG TGA GAG AGG GGG GGG GGT GTG TGC GCT CTG TGT GTG TGG GGG GGG GGA GAG AGG GGC GCT CTG TGG GGG GGT GTG TGT GTG TGA GAA AAG AGG GGG GGC GCT CTG TGT GTT TTC TCT CTG TGC GCC CCT CTG TGG GGA GAA AAC ACA CAG AGG GGT GTG TGG GGG GGC GCC CCT CTG TGC GCT CTG TGT GTT TTC TCA CAG AGG GGC GCT CTG TGA GAC ACA CAG AGC GCT CTG TGC GCG CGC GCT CTG TGT GTC TCT CTG TGC GCC CCT	2222220222222222222222222222222222222222222222222222222222222222222222222222222222222222222222222222222222222222222202222222222	Neuron	34320
GCG CGC GCT CTG TGG GGG GGG GGC GCC CCA CAG AGC GCC CCA CAG AGC GCC CCG CGC GCC CCG CGC GCC CCC CCC CCG CGA GAG AGA GAG AGG GGT GTC TCT CTC TCG CGC GCC CCC CCG CGC GCG CGC GCT CTG TGA GAG AGC GCC CCC CCT CTG TGT GTC TCC CCC CCT CTG TGG GGG GGG GGC GCC CCC CCC CCC CCG CGC GCC CCC CCC CCT CTG TGT GTT TTG TGC GCG CGC GCC CCC CCG CGG GGA GAG AGC GCT CTC TCA CAG AGC GCC CCA CAC ACA CAG AGA GAT ATG TGT GTC TCC CCA CAG AGC GCC CCA CAC ACA CAA AAT ATT TTC TCT CTC TCG CGG GGT GTT TTG TGG GGC GCC	122222222222222221221222212222222221222121222222222222222222222222122222222221222122222222222222222222222222222222212222222	Heart-Cardio	36573
CTG TGA GAT ATT TTA TAT ATA TAT ATT TTC TCA CAG AGG GGA GAT ATA TAT ATC TCT CTA TAT ATT TTC TCT CTC TCA CAG AGC GCA CAT ATT TTT TTT TTA TAA AAA AAT ATA TAT ATT TTC TCA CAA AAT ATT TTG TGT GTG TGA GAA AAT ATG TGG GGT GTA TAC ACA CAG AGC GCA CAA AAT ATG TGA GAT ATT TTT TTG TGC GCC CCA CAG AGG GGG GGC GCC CCA CAA AAT ATG TGC GCC CCT CTG TGA GAA AAT ATG TGT GTT TTC TCC CCA CAA AAA AAT ATG TGA GAG AGA GAC ACC CCT CTC TCA CAG AGC GCT CTT TTT TTA TAG AGT GTT TTG TGA GAT ATT TTC TCA CAA AAT ATG TGA GAA AAT ATA TAT ATT TTT TTA TAT ATT TTA TAA AAC ACG CGT GTA TAG AGA GAC ACT CTA TAG AGC GCC	222222222222222222222222222222222222222222222222222222222222222222222222222222222222222222222222222222222222222222222222222222222222222212222222222	Oligodend	36338
GGA GAC ACT CTA TAC ACA CAG AGG GGC GCG CGC GCT CTG TGA GAT ATG TGA GAG AGC GCT CTG TGA GAT ATG TGA GAG AGG GGT GTT TTT TTT TTT TTA TAA AAA AAA AAG AGA GAA AAT ATT TTG TGT GTT TTT TTT TTC TCT CTT TTT TTT TTT TTT TTT TTT TTT TTA TAG AGA GAC ACT CTG TGA GAG AGT GTC TCT CTT TTG TGC GCT CTC TCT CTT TTG TGT GTT TTG TGC GCA CAC ACA CAG AGG GGC GCT CTG TGG GGA GAG AGT GTG TGC GCA CAA AAT ATG TGG GGC GCA CAC ACA CAA AAT ATC TCT CTT TTG TGG GGC GCT CTC TCA CAC ACC CCG CGG GGA GAA AAC ACC CCT CTC TCT CTG TGC	222222222122222222222222222222222222222222222222222222222222222222222222222222222222222222222222222222222222222222202222222222	Neuron	36412
GTT TTG TGG GGG GGT GTT TTC TCA CAC ACG CGC GCA CAT ATG TGA GAT ATC TCT CTT TTT TTA TAG AGA GAG AGA GAA AAG AGC GCC CCA CAG AGT GTC TCT CTA TAC ACA CAC ACA CAG AGA GAC ACC CCA CAC ACA CAT ATT TTT TTC TCT CTA TAA AAA AAT ATG TGA GAG AGG GGC GCA CAG AGT GTT TTT TTT TTA TAC ACA CAG AGG GGG GGG GGA GAA AAA AAA AAG AGA GAA AAA AAA AAT ATC TCC CCC CCA CAG AGC GCT CTG TGG GGC GCC CCA CAC ACA CAG AGC GCG	2222222220222222222222222222222222222222222222222222222222222222222222222222222222222222222222222220	Neuron	34471
GGC GCC CCT CTG TGA GAG AGA GAG AGC GCG CGG GGT GTG TGC GCA CAT ATA TAA AAA AAT ATA TAA AAT ATC TCC CCA CAA AAG AGT GTT TTT TTG TGG GGA GAA AAA AAA AAT ATA TAC ACC CCT CTA TAC ACT CTT TTC TCA CAT ATA TAT ATG TGC GCA CAT ATT TTT TTT TTG TGG GGG GGA GAA AAA AAT ATA TAA AAC ACA CAA AAC ACA CAA AAT ATG TGA GAA AAA AAA AAA AAA AAC ACC CCT CTT TTG TGT GTC TCC CCC CCA CAC ACG CGG GGC GCT CTT TTT TTC TCT CTA TAA AAC	2222222221222222222222222222222222222222222222222222222222222222222222222222222222222222222212222222222	Oligodend	26000
ACC CCT CTT TTG TGC GCT CTG TGG GGC GCG CGC GCG CGG GGT GTC TCG CGT GTA TAG AGC GCT CTG TGT GTC TCG CGT GTG TGC GCA CAG AGC GCT CTG TGC GCA CAG AGG GGT GTG TGC GCT CTG TGG GGC GCC CCC CCA CAC ACC CCT CTT TTG TGC GCT CTG TGC GCT CTC TCA CAG AGG GGT GTC TCC CCA CAC ACC CCC CCA CAT ATT TTT TTG TGC GCC CCC CCT CTT TTG TGA GAA AAC ACC CCA CAC ACT CTT TTG TGA GAC ACC CCA CAC ACA CAG AGG GGC GCG CGG GGC GCT CTT TTC TCA CAG AGG GGA GAG	222222222020222022222222022222222222222222222222222222222222222222222222222222222222222222222222202222222222	Heart-Cardio	25432
GCG CGC GCT CTT TTG TGG GGA GAG AGC GCC CCA CAG AGT GTG TGT GTA TAT ATT TTT TTG TGG GGG GGG GGG GGC GCA CAT ATG TGT GTG TGA GAC ACC CCT CTA TAG AGA GAG AGA GAA AAA AAC ACA CAG AGC GCA CAG AGC GCT CTA TAG AGG GGG GGC GCA CAG AGC GCT CTA TAT ATG TGG GGA GAG AGT GTG TGC GCT CTT TTG TGC GCC CCC CCA CAC ACC CCC CCC CCT CTC TCC CCT CTC TCC CCA CAA AAC ACC CCC CCT CTA TAG AGA GAC ACA CAG AGT GTG TGC GCA CAG AGC GCT CTC TCG CGC GCA CAG AGC GCT CTC TCT CTG TGA GAC ACA CAG AGA GAG AGA GAC ACC CCT CTC TCT CTT TTT TTC TCT CTT TTC TCC CCG	0222222222222222222222222222222222222222222222222222222222222222222222222222222222222222222222222222222212222222222222222222222222220	Heart-Cardio	36822
GAG AGA GAT ATC TCG CGC GCA CAC ACC CCA CAC ACT CTG TGC GCA CAC ACT CTC TCC CCA CAG AGC GCC CCA CAC ACG CGA GAC ACA CAG AGG GGG GGC	222202222222222222222222212222222	Heart-Cardio	26194
TTA TAC ACA CAA AAC ACA CAG AGT GTG TGC GCC CCT CTG TGG GGC GCG CGG GGT GTA TAG AGT GTA TAT ATG TGT GTG TGT GTA TAA AAT ATT TTA TAC ACA CAG AGT GTA TAA AAA AAT ATG TGC GCA CAG AGG GGT GTG TGT GTT TTG TGG GGA GAA AAG AGG GGT GTA TAC ACT CTT TTG TGG GGT GTA TAA AAA AAT ATG TGC GCT CTG TGG GGA GAA AAA AAG AGA GAC ACA CAT ATT TTT TTC TCC CCC CCT CTA TAG AGA GAC ACC CCC CCC CCT CTC TCC CCC CCA CAC ACC CCT CTT TTA TAG AGC GCA CAG AGT GTT TTA TAG AGG GGT GTG TGC GCT CTC TCT CTC TCT CTC TCT CTT TTC TCT CTG TGG GGT GTT TTC TCT CTC TCA CAG AGA GAG AGA GAG AGT GTT TTC TCT CTG TGG GGA GAA AAG AGT GTG TGG GGA GAC ACA CAG AGC GCA CAA AAG AGC GCT CTG TGG GGG GGG GGC GCT CTC TCG	222222222222222022222222222222222222222222222222222222222222222222222222222222222222222222222222222222222222222222222222222222222222222222222222222222222222222222222221	Heart-Cardio	25898
GAT ATT TTT TTC TCT CTC TCC CCC CCC CCG CGC GCC CCA CAG AGC GCA CAA AAG AGT GTC TCG CGG GGC GCA CAC ACT CTC TCA CAG AGT GTT TTC TCT CTG TGC GCA CAG AGC GCG CGG GGC	22222222212222222222122222222222222222122	Neuron	25286
TGA GAC ACC CCG CGG GGC GCT CTG TGG GGG GGA GAA AAA AAA AAC ACA CAG AGA GAT ATC TCT CTG TGA GAA AAA AAA AAA AAA AAG AGA GAA AAA AAT ATT TTT TTG TGC GCA CAA AAA AAA AAA AAT ATC TCA CAG AGG GGT GTT TTT TTG TGC GCA CAG AGT GTG TGG GGG GGT GTC TCT CTC TCA CAG AGG GGG GGA GAA AAA AAA AAA AAC ACA CAG AGA GAT ATG TGC GCT CTT TTA TAT ATT TTT TTA TAT ATG TGT GTA TAA AAT ATA TAA AAG AGA GAA AAG AGG GGC GCC CCT CTT TTC TCC CCC CCA CAT ATG TGC GCA CAC ACA CAA AAA AAG AGC GCT CTT TTA TAA AAT ATG TGC GCA CAG AGA GAA AAA AAG AGA	2221222222222222222222222222222222222222222222222222222222222222222222222222222222222222222222222222222222222222222222222222222222	Oligodend	25674
GAA AAT ATA TAG AGG GGG GGT GTA TAA AAT ATG TGA GAC ACT CTG TGA GAG AGA GAA AAA AAC ACT CTG TGG GGC GCT CTT TTC TCA CAG AGA GAG AGA GAC ACC CCC CCA CAC ACA CAG AGG GGC GCC CCC CCC CCA CAG AGC GCT CTC TCT CTG TGC GCC CCA CAT ATC TCC CCG CGC GCA CAG AGT GTC TCT CTT TTA TAA AAC ACC CCA CAG AGC GCA CAC ACT CTC TCT CTT TTA TAG AGT GTA TAC ACT CTC TCA CAT ATC TCA CAG AGG GGA GAC ACT CTC TCA CAA AAT ATT TTA TAG AGC GCA CAT ATG TGC GCT CTT TTA TAC ACT CTA TAG AGT GTT TTG TGG GGG GGC GCC CCC CCT CTG TGT GTC TCT CTG TGT GTT TTT TTT TTA TAG AGT GTT TTT TTC TCC CCT CTC TCA CAT ATT TTT TTA TAA AAA AAA AAA AAT ATA TAA AAT ATC TCT CTT TTG TGG GGC GCC CCG CGG GGG GGC GCA CAC ACC	222222222222222222222222222222222222222222222222222222222202222222222222222222222222222222222222222222222222222222222222222222222222222222222222222222222222222221222222	Heart-Cardio	25885
