cell_type,chr,start,end
Adipocytes,chr1,12499442,12499960
Adipocytes,chr7,135165081,135165411
Adipocytes,chr2,127121016,127121256
Adipocytes,chr11,62537015,62537055
Adipocytes,chr2,237405448,237405511
Adipocytes,chr11,27480944,27481425
Adipocytes,chr3,179670423,179670577
Adipocytes,chr17,1475469,1475627
Adipocytes,chr1,109883776,109884508
Adipocytes,chr8,127157989,127158016
Adipocytes,chr17,42852619,42852913
Adipocytes,chr7,33410893,33411272
Adipocytes,chr11,12818514,12819260
Adipocytes,chr19,56613782,56614113
Adipocytes,chr11,75825997,75826219
Adipocytes,chr12,63937809,63938081
Adipocytes,chr6,155036860,155037246
Adipocytes,chr19,47716733,47716919
Adipocytes,chr17,42852328,42852531
Adipocytes,chr17,42425369,42425744
Adipocytes,chr10,70131346,70131695
Adipocytes,chr12,109157566,109157804
Adipocytes,chr9,130935896,130935944
Adipocytes,chr13,110243721,110243940
Adipocytes,chr17,49615598,49616098
Adipocytes,chr17,63934340,63934438
Adipocytes,chr19,5714961,5715175
Adipocytes,chr12,115245060,115245265
Adipocytes,chr10,69473222,69473442
Adipocytes,chr12,116650688,116650967
Adipocytes,chr17,40293163,40294010
Adipocytes,chr2,44236003,44236274
Adipocytes,chr18,3155156,3155379
Adipocytes,chr4,143282734,143283084
Adipocytes,chr4,38045345,38045556
Adipocytes,chr10,70130434,70130857
Adipocytes,chr12,124626717,124627115
Adipocytes,chr13,106462912,106463331
Adipocytes,chr4,113845157,113845566
Adipocytes,chr17,42851800,42852308
Adipocytes,chr14,95416099,95416203
Adipocytes,chr8,121764235,121764669
Adipocytes,chr9,19129152,19129254
Adipocytes,chr9,131320478,131320536
Adipocytes,chr2,10815030,10815355
Adipocytes,chr9,127120480,127120815
Adipocytes,chr6,5130291,5130673
Adipocytes,chr8,22656689,22657502
Adipocytes,chr8,10719338,10719412
Adipocytes,chr6,151536121,151536376
Adipocytes,chr7,95607776,95608136
Adipocytes,chr7,1056786,1056912
Adipocytes,chr9,121300805,121300960
Adipocytes,chr5,123868862,123869527
Adipocytes,chr12,124630064,124630380
Adipocytes,chr2,241578193,241578690
Adipocytes,chr6,25068431,25069002
Adipocytes,chr9,121301889,121302585
Adipocytes,chr11,18972471,18972581
Adipocytes,chr18,73785001,73785155
Adipocytes,chr2,109326259,109326500
Adipocytes,chr20,62207530,62207628
Adipocytes,chr12,1794652,1794704
Adipocytes,chr14,95481908,95482160
Adipocytes,chr7,151965258,151965322
Adipocytes,chr6,52544566,52544676
Adipocytes,chr20,61345099,61345338
Adipocytes,chr15,73696447,73696623
Adipocytes,chr22,45602991,45603183
Adipocytes,chr7,116530996,116531678
Adipocytes,chr2,1714495,1714797
Adipocytes,chr8,81488684,81489238
Adipocytes,chr11,93532868,93533195
Adipocytes,chr18,63237250,63237430
Adipocytes,chr2,237497748,237497864
Adipocytes,chr8,19581029,19581562
Adipocytes,chr12,93995560,93995857
Adipocytes,chr9,98911445,98911849
Adipocytes,chr19,29706409,29706842
Adipocytes,chr6,148381155,148381687
Adipocytes,chr12,13200346,13200867
Adipocytes,chr12,1928551,1928707
Adipocytes,chr1,96525595,96526040
Adipocytes,chr17,82066220,82066282
Adipocytes,chr8,61410425,61410767
Adipocytes,chr20,11993919,11994307
Adipocytes,chr7,3158486,3158793
Adipocytes,chr4,8186396,8186466
Adipocytes,chr9,109182622,109182784
Adipocytes,chr18,48301914,48302245
Adipocytes,chr5,178869634,178869850
Adipocytes,chr15,74589227,74589466
Adipocytes,chr13,110294083,110295282
Adipocytes,chr17,77677109,77677427
Adipocytes,chr3,32190313,32191046
Adipocytes,chr19,4507550,4507866
Adipocytes,chr1,65490247,65490908
Adipocytes,chr18,35733426,35733796
Adipocytes,chr19,44790243,44790396
Adipocytes,chr11,70839156,70839498
Adipocytes,chr2,205704844,205705487
Adipocytes,chr6,11951931,11952611
Adipocytes,chr22,37655819,37656310
Adipocytes,chr17,43645548,43645692
Adipocytes,chr1,208643042,208643166
Adipocytes,chr5,5303813,5304019
Adipocytes,chr18,59728864,59729735
Adipocytes,chr22,39268957,39269249
Adipocytes,chr17,79439328,79439487
Adipocytes,chr9,130935954,130936148
Adipocytes,chr17,78475334,78475534
Bladder-Ep,chr3,189986306,189986383
Bladder-Ep,chr3,189986481,189986577
Bladder-Ep,chr7,97779325,97779429
Bladder-Ep,chr15,80970595,80970695
Bladder-Ep,chr17,45131287,45131390
Bladder-Ep,chr2,134518496,134518579
Bladder-Ep,chr10,95229434,95229534
Bladder-Ep,chr2,60948377,60948748
Bladder-Ep,chr1,185001566,185001852
Bladder-Ep,chr1,33144119,33144340
Bladder-Ep,chr1,33539006,33539129
Bladder-Ep,chr6,57029417,57029534
Bladder-Ep,chr6,34998819,34999802
Bladder-Ep,chr19,11815956,11816756
Bladder-Ep,chr10,9229415,9229611
Bladder-Ep,chr14,93239949,93240390
Bladder-Ep,chr20,53224577,53225098
Bladder-Ep,chr18,7173235,7173413
Bladder-Ep,chr2,151779435,151779889
Bladder-Ep,chr4,102979503,102979985
Bladder-Ep,chr10,109825978,109826178
Bladder-Ep,chr1,119673228,119674017
Bladder-Ep,chr4,2959465,2959745
Bladder-Ep,chr8,81666987,81667893
Bladder-Ep,chr15,77156307,77156646
Bladder-Ep,chr16,28567578,28568238
Bladder-Ep,chr1,148761973,148762352
Bladder-Ep,chr17,41502485,41502745
Bladder-Ep,chr10,122294913,122295143
Bladder-Ep,chr10,68424548,68424708
Bladder-Ep,chr7,34175270,34175581
Bladder-Ep,chr7,116408879,116409145
Bladder-Ep,chr8,140650136,140650228
Bladder-Ep,chr10,132179717,132179800
Bladder-Ep,chr2,112958274,112958428
Bladder-Ep,chr12,132859112,132859337
Bladder-Ep,chr18,76534909,76535062
Bladder-Ep,chr4,6695208,6695387
Bladder-Ep,chr6,34810402,34810867
Bladder-Ep,chr19,48802508,48802742
Bladder-Ep,chr17,79871146,79871248
Bladder-Ep,chr16,33983242,33983304
Bladder-Ep,chr3,184848713,184848903
Bladder-Ep,chr15,101398556,101398668
Bladder-Ep,chr2,30430725,30430756
Bladder-Ep,chr12,11642827,11643628
Bladder-Ep,chr19,52960005,52960196
Bladder-Ep,chr13,20395552,20395814
Bladder-Ep,chr4,36099472,36100075
Bladder-Ep,chr1,200998163,200998614
Bladder-Ep,chr14,102026690,102027441
Bladder-Ep,chr3,53927599,53927810
Bladder-Ep,chr2,130327973,130328055
Bladder-Ep,chr14,50369158,50369476
Bladder-Ep,chr14,54739652,54739823
Bladder-Ep,chr9,89954775,89955143
Bladder-Ep,chr14,32650430,32650964
Bladder-Ep,chr17,41502965,41503388
Bladder-Ep,chr11,43921688,43922214
Bladder-Ep,chr3,120378460,120378589
Bladder-Ep,chr13,80902813,80903335
Bladder-Ep,chr3,174098746,174099287
Bladder-Ep,chr6,114132747,114132957
Bladder-Ep,chr9,83228685,83228801
Bladder-Ep,chr1,203304102,203304369
Bladder-Ep,chr16,1553356,1553505
Bladder-Ep,chr2,160229619,160230342
Bladder-Ep,chr7,141007831,141008186
Bladder-Ep,chr10,33022504,33022697
Bladder-Ep,chr4,38567230,38567508
Bladder-Ep,chr6,37134268,37134541
Bladder-Ep,chr8,61234258,61234391
Bladder-Ep,chr16,1526679,1526809
Bladder-Ep,chr10,46095669,46095781
Bladder-Ep,chr18,12723939,12724419
Bladder-Ep,chr2,230739525,230739839
Bladder-Ep,chr7,140810366,140810803
Bladder-Ep,chr4,165325289,165325824
Bladder-Ep,chr15,45083703,45083851
Bladder-Ep,chr4,120741224,120741717
Bladder-Ep,chr9,95357391,95357658
Bladder-Ep,chr10,3943006,3943195
Bladder-Ep,chr16,32878231,32878293
Bladder-Ep,chr2,54953613,54953817
Bladder-Ep,chr2,1688867,1689139
Bladder-Ep,chr14,81390150,81390519
Bladder-Ep,chr2,48509219,48509630
Bladder-Ep,chr7,91035859,91035913
Bladder-Ep,chr1,240759066,240759235
Bladder-Ep,chr14,56268466,56269221
Bladder-Ep,chr16,14357386,14357561
Bladder-Ep,chr2,188783730,188783802
Bladder-Ep,chr18,8552690,8552914
Bladder-Ep,chr10,62112021,62112094
Bladder-Ep,chr11,75694083,75694518
Bladder-Ep,chr14,55541649,55542363
Bladder-Ep,chr9,132937612,132937862
Bladder-Ep,chr10,52499928,52500608
Bladder-Ep,chr14,23619284,23620029
Bladder-Ep,chr18,8683410,8684227
Bladder-Ep,chr22,34616957,34617018
Bladder-Ep,chr12,124131595,124132125
Bladder-Ep,chr9,15513987,15514011
Bladder-Ep,chr13,111039522,111039666
Bladder-Ep,chr18,7048034,7048314
Bladder-Ep,chr22,32693228,32693653
Bladder-Ep,chr3,128424918,128425197
Bladder-Ep,chr2,24037274,24037627
Bladder-Ep,chr15,78090322,78090988
Bladder-Ep,chr18,2592394,2593369
Bladder-Ep,chr20,19308614,19308784
Bladder-Ep,chr9,96157428,96157484
Bladder-Ep,chr10,28667243,28667380
Bladder-Ep,chr17,51084742,51085347
Bladder-Ep,chr3,9149954,9150445
Bladder-Ep,chr17,41501824,41502412
Bladder-Ep,chr17,9434694,9435304
Bladder-Ep,chr7,142108902,142108963
Bladder-Ep,chr13,43260915,43261305
Bladder-Ep,chr20,51630777,51630913
Bladder-Ep,chr21,41687703,41688249
Bladder-Ep,chr8,58370528,58370605
Bladder-Ep,chr2,10022158,10022345
Bladder-Ep,chr13,37029932,37030692
Bladder-Ep,chr4,37527221,37527647
Bladder-Ep,chr11,107546045,107546472
Bladder-Ep,chr14,23635975,23636882
Bladder-Ep,chr15,22895832,22896016
Bladder-Ep,chr8,19160244,19160540
Bladder-Ep,chr3,127069973,127070100
Bladder-Ep,chr7,74316308,74316453
Bladder-Ep,chr18,8458880,8459064
Bladder-Ep,chr7,27023825,27024130
Bladder-Ep,chr17,7925453,7925717
Bladder-Ep,chrY,26340085,26340180
Bladder-Ep,chr16,86602908,86603221
Bladder-Ep,chr2,109636962,109637533
Bladder-Ep,chr3,70873752,70873989
Bladder-Ep,chr1,6317411,6317673
Bladder-Ep,chr4,40703319,40703442
Bladder-Ep,chr8,52843350,52843497
Bladder-Ep,chr10,79304285,79304546
Bladder-Ep,chr19,45502652,45502844
Bladder-Ep,chr17,38232228,38232494
Bladder-Ep,chr3,53927499,53927554
Bladder-Ep,chr6,125794836,125795383
Bladder-Ep,chr1,154281610,154281801
Bladder-Ep,chr11,57733358,57733583
Bladder-Ep,chr1,14906424,14906523
Bladder-Ep,chr7,155788369,155788718
Bladder-Ep,chr14,103581412,103581704
Bladder-Ep,chrY,19418721,19419003
Bladder-Ep,chrY,8867738,8868179
Bladder-Ep,chr4,6692435,6692724
Bladder-Ep,chr2,10022378,10022738
Bladder-Ep,chr7,102740228,102740668
Bladder-Ep,chr9,134379487,134379729
Bladder-Ep,chr4,88846953,88847762
Bladder-Ep,chr2,102711589,102711793
Bladder-Ep,chr7,93310643,93311326
Bladder-Ep,chr10,96842666,96842928
Bladder-Ep,chr4,128791807,128792239
Bladder-Ep,chr6,166724331,166724662
Bladder-Ep,chr9,38638843,38638955
Bladder-Ep,chr16,74206096,74206354
Bladder-Ep,chr2,10968405,10968588
Bladder-Ep,chr9,36274914,36275152
Bladder-Ep,chrY,26339871,26340056
Bladder-Ep,chr10,30164487,30164647
Bladder-Ep,chr8,74978403,74979030
Bladder-Ep,chr22,34616633,34616735
Bladder-Ep,chr8,37824586,37824716
Bladder-Ep,chr5,157023878,157024073
Bladder-Ep,chr13,34700247,34700793
Bladder-Ep,chr17,65887318,65887954
Bladder-Ep,chr2,100855150,100855398
Bladder-Ep,chr2,29224619,29224720
Bladder-Ep,chr8,140739268,140739992
Bladder-Ep,chrX,49956637,49957025
Bladder-Ep,chr19,56214293,56214683
Bladder-Ep,chr19,53638697,53638830
Bladder-Ep,chr4,54589397,54590072
Bladder-Ep,chr19,45502898,45503037
Bladder-Ep,chr3,11539541,11539741
Bladder-Ep,chr11,131645938,131646345
Bladder-Ep,chr22,36052377,36052589
Bladder-Ep,chr3,28843244,28843358
Bladder-Ep,chr8,133905261,133905558
Bladder-Ep,chr15,67148777,67149180
Bladder-Ep,chr10,34484495,34484901
Bladder-Ep,chr10,122290478,122290552
Bladder-Ep,chr3,22115908,22116254
Bladder-Ep,chr12,109498213,109498364
Bladder-Ep,chr15,79179557,79179674
Bladder-Ep,chr8,28124265,28124930
Bladder-Ep,chr16,12143027,12143297
Bladder-Ep,chr10,72801013,72802275
Bladder-Ep,chr5,96656509,96656792
Bladder-Ep,chr16,89607889,89608028
Bladder-Ep,chr4,153272177,153272306
Bladder-Ep,chr1,246620875,246621906
Bladder-Ep,chr17,5835152,5835283
Bladder-Ep,chr6,1252432,1252611
Bladder-Ep,chr8,125279460,125279910
Bladder-Ep,chr9,1264232,1265060
Bladder-Ep,chr13,110180528,110180746
Bladder-Ep,chr2,30301561,30301738
Bladder-Ep,chr5,134345475,134346082
Bladder-Ep,chr8,132924536,132924832
Bladder-Ep,chr14,23638154,23638367
Bladder-Ep,chr2,101186284,101186710
Bladder-Ep,chr18,74235665,74235993
Bladder-Ep,chr18,36161277,36161718
Bladder-Ep,chr2,44748291,44748499
Bladder-Ep,chr10,119325283,119325606
Bladder-Ep,chr4,2960114,2960596
Bladder-Ep,chr6,89491752,89492052
Bladder-Ep,chr2,121662139,121663202
Bladder-Ep,chr1,245489000,245489268
Bladder-Ep,chr2,43040111,43040282
Bladder-Ep,chr9,88277922,88278131
Bladder-Ep,chr11,32303687,32303886
Bladder-Ep,chr20,44730251,44730436
Bladder-Ep,chr2,208228144,208228243
Bladder-Ep,chr3,13571395,13571472
Bladder-Ep,chr7,87039605,87039829
Bladder-Ep,chr7,87039859,87039963
Bladder-Ep,chr14,103251402,103251788
Bladder-Ep,chr4,124941698,124943060
Bladder-Ep,chr19,18853204,18853600
Bladder-Ep,chr6,106134794,106134857
Bladder-Ep,chr8,127664221,127664488
Bladder-Ep,chr15,58435675,58435991
Bladder-Ep,chr1,224604699,224605712
Bladder-Ep,chr14,37047083,37047474
Bladder-Ep,chr2,11887396,11887642
Bladder-Ep,chr22,40715885,40716247
Bladder-Ep,chr9,15542760,15543406
Bladder-Ep,chr1,118280954,118281210
Bladder-Ep,chr5,83265859,83266355
Bladder-Ep,chr20,32804092,32804853
Bladder-Ep,chr2,227748719,227749247
Bladder-Ep,chr20,19223636,19223794
Bladder-Ep,chr7,17370440,17371004
Bladder-Ep,chr21,45915818,45916056
Bladder-Ep,chr9,72560559,72560780
Bladder-Ep,chr8,29998898,29999150
Bladder-Ep,chr15,72233140,72233232
Bladder-Ep,chr13,113996955,113997390
Bladder-Ep,chr1,202057739,202058190
Blood-B,chr17,76423806,76424009
Blood-B,chr19,1648938,1648992
Blood-B,chr20,16392383,16392649
Blood-B,chr15,50444625,50445010
Blood-B,chr6,106648848,106649202
Blood-B,chr15,90595485,90595714
Blood-B,chr19,16443641,16443937
Blood-B,chr2,197145151,197145248
Blood-B,chr8,100906103,100906408
Blood-B,chr11,45938693,45939054
Blood-B,chr16,29337402,29337689
Blood-B,chr21,33296236,33296396
Blood-B,chr12,122820712,122820798
Blood-B,chr10,124601275,124601567
Blood-B,chr2,144562292,144562646
Blood-B,chr14,89383828,89384431
Blood-B,chr21,43380950,43381229
Blood-B,chr12,64613820,64613993
Blood-B,chr6,99484602,99485096
Blood-B,chr12,113050967,113051121
Blood-B,chr1,185603065,185603283
Blood-B,chr19,38049768,38049878
Blood-B,chr12,131766436,131766712
Blood-B,chr6,14254722,14255015
Blood-B,chr16,71728101,71728190
Blood-B,chr13,99374718,99375228
Blood-B,chr7,98314656,98314867
Blood-B,chr19,2680897,2681207
Blood-B,chr10,129473122,129473443
Blood-B,chr8,28338516,28338798
Blood-B,chr10,62653447,62653578
Blood-B,chr16,88045851,88046190
Blood-B,chr7,47670257,47670838
Blood-B,chr16,87701230,87701777
Blood-B,chr16,85910903,85911065
Blood-B,chr1,101246726,101246956
Blood-B,chr11,75824759,75824925
Blood-B,chr13,110675743,110676086
Blood-B,chr2,25419709,25419962
Blood-B,chr17,63925555,63925946
Blood-B,chr8,102534741,102535138
Blood-B,chr16,21646640,21646817
Blood-B,chr16,11966059,11966278
Blood-B,chr22,41936015,41936162
Blood-B,chr9,134128704,134128961
Blood-B,chr17,80911552,80911764
Blood-B,chr9,35719099,35719257
Blood-B,chr4,83222016,83222381
Blood-B,chr17,78739966,78740156
Blood-B,chr11,83066619,83066832
Blood-B,chr12,130980261,130980559
Blood-B,chr12,112014954,112015238
Blood-B,chr2,233124815,233124917
Blood-B,chr21,43381257,43381440
Blood-B,chr22,42356677,42356800
Blood-B,chr10,78681282,78681496
Blood-B,chr13,30443328,30444785
Blood-B,chr17,76481905,76482681
Blood-B,chr16,88069425,88069531
Blood-B,chr7,18567185,18567300
Blood-B,chr8,38277338,38277523
Blood-B,chr2,61464606,61464788
Blood-B,chr8,38905185,38905842
Blood-B,chr9,123233938,123234899
Blood-B,chr11,35271659,35271830
Blood-B,chr16,88046273,88046569
Blood-B,chr12,122009982,122010152
Blood-B,chr9,92729259,92729398
Blood-B,chr10,124539714,124539987
Blood-B,chr22,18004792,18005227
Blood-B,chr21,36255012,36255858
Blood-B,chr2,127578177,127578235
Blood-B,chr13,51811195,51811326
Blood-B,chr3,16433898,16434081
Blood-B,chr17,63936946,63937048
Blood-B,chr6,73304039,73304207
Blood-B,chr3,66386128,66386578
Blood-B,chr4,38781365,38782457
Blood-B,chr7,74100631,74101063
Blood-B,chr6,131683895,131684041
Blood-B,chr2,33530416,33530940
Blood-B,chr3,71421464,71421676
Blood-B,chr17,39550596,39550795
Blood-B,chr9,77997554,77997656
Blood-B,chr8,19609948,19610355
Blood-B,chr14,96493129,96493709
Blood-B,chr4,15784826,15785220
Blood-B,chr6,13260876,13261243
Blood-B,chr15,90595310,90595400
Blood-B,chr22,23752890,23753331
Blood-B,chr18,23479356,23479791
Blood-B,chr2,3254458,3254708
Blood-B,chr10,96700010,96700281
Blood-B,chr16,29346604,29347237
Blood-B,chr19,11052009,11052367
Blood-B,chr3,15384695,15385523
Blood-B,chr3,20126544,20126846
Blood-B,chr13,99429749,99429918
Blood-B,chr10,1576670,1576991
Blood-B,chr1,245699091,245699271
Blood-B,chr20,50539926,50540205
Blood-B,chr22,17594465,17594933
Blood-B,chr9,37189400,37189680
Blood-B,chr11,75891691,75891893
Blood-B,chr6,63665467,63665709
Blood-B,chr12,56375437,56375792
Blood-B,chr14,105818742,105818891
Blood-B,chr9,109909153,109909385
Blood-B,chr16,68070901,68071113
Blood-B,chr20,50810610,50811101
Blood-B,chr16,21367452,21368085
Blood-B,chr16,87701790,87701911
Blood-B,chr3,42663571,42664000
Blood-B,chr9,124290091,124290133
Blood-B,chr19,11599821,11599958
Blood-B,chr11,70437413,70437902
Blood-B,chr22,41477979,41478436
Blood-B,chr9,78756993,78757411
Blood-B,chr17,3590315,3590609
Blood-B,chr6,43384369,43384532
Blood-B,chr20,47412271,47412776
Blood-B,chr21,44999758,45000107
Blood-B,chr22,33568541,33568918
Blood-B,chr5,139389275,139389405
Blood-B,chr8,80099800,80100458
Blood-B,chr7,363619,363786
Blood-B,chr8,28338065,28338435
Blood-B,chr5,158559705,158560087
Blood-B,chr20,53893851,53894669
Blood-B,chr9,645679,645812
Blood-B,chr11,2393701,2394121
Blood-B,chr5,133103348,133103603
Blood-B,chr16,1480822,1480936
Blood-B,chr3,13086467,13086667
Blood-B,chr4,6963120,6963184
Blood-B,chr19,11438074,11438382
Blood-B,chr19,18108028,18108208
Blood-B,chr10,11535116,11535840
Blood-B,chr1,44694664,44695096
Blood-B,chr7,541066,541257
Blood-B,chr17,28888955,28889060
Blood-B,chr8,11494326,11494420
Blood-B,chr15,99515565,99515653
Blood-B,chr9,33124559,33124987
Blood-B,chr19,35323550,35324005
Blood-B,chr6,137920197,137920662
Blood-B,chr17,40623756,40624122
Blood-B,chr14,100157692,100158057
Blood-B,chr17,73132198,73132457
Blood-B,chr3,169846377,169846777
Blood-B,chr1,25585268,25585527
Blood-B,chr2,89006104,89006343
Blood-B,chr10,5840160,5840242
Blood-B,chr17,30810363,30810525
Blood-B,chr5,177291218,177291482
Blood-B,chr17,73281963,73282217
Blood-B,chr20,57699484,57699859
Blood-B,chr13,42988498,42988718
Blood-B,chr19,37978702,37979287
Blood-B,chr9,137758923,137759440
Blood-B,chr12,57287963,57288284
Blood-B,chr12,49160729,49161337
Blood-B,chr9,133171495,133171629
Blood-B,chr4,40184611,40185117
Blood-B,chr6,110206168,110206592
Blood-B,chr2,45695629,45695766
Blood-B,chr9,133961650,133961962
Blood-B,chr20,4987394,4987571
Blood-B,chr11,121569538,121570359
Blood-B,chr14,102916892,102917245
Blood-B,chr15,44593846,44593959
Blood-B,chr8,132668481,132668664
Blood-B,chr3,194696399,194696535
Blood-B,chr20,64071376,64071467
Blood-B,chr2,168531592,168531808
Blood-B,chr12,122005707,122006061
Blood-B,chr1,207425004,207425115
Blood-B,chr19,14584178,14584384
Blood-B,chr4,1021061,1021679
Blood-B,chr4,38760871,38761147
Blood-B,chr18,79460712,79460869
Blood-B,chr1,3580395,3580598
Blood-B,chr11,36573810,36574044
Blood-B,chr1,178605186,178605919
Blood-B,chr19,34201368,34201621
Blood-B,chr20,51524969,51525152
Blood-B,chr13,50773080,50773200
Blood-B,chr17,42260955,42261151
Blood-B,chr10,62104963,62105310
Blood-B,chr14,104657552,104657740
Blood-B,chr3,13196040,13196241
Blood-B,chr22,26535564,26536398
Blood-B,chr19,14577590,14577924
Blood-B,chr12,132070902,132071593
Blood-B,chr1,23888201,23888580
Blood-B,chr9,132888156,132888636
Blood-B,chr1,161704938,161705727
Blood-B,chr22,40983238,40983498
Blood-B,chr8,26325074,26325392
Blood-B,chr17,81448625,81448736
Blood-B,chr4,42331855,42331971
Blood-B,chr6,132152218,132152547
Blood-B,chr11,66798365,66798549
Blood-B,chr4,39618430,39619911
Blood-B,chr5,16555994,16556450
Blood-B,chr2,88859552,88859762
Blood-B,chr2,101704603,101704786
Blood-B,chr3,30636790,30637510
Blood-B,chr18,80105414,80105732
Blood-B,chr2,3254159,3254386
Blood-B,chr2,89085447,89085867
Blood-B,chr4,38762762,38763422
Blood-B,chr3,112114429,112115106
Blood-B,chr14,96487026,96487469
Blood-B,chr2,64091800,64092572
Blood-B,chr9,37369667,37370590
Blood-B,chr7,73267809,73268332
Blood-B,chr1,161981250,161981574
Blood-B,chr18,36060227,36061110
Blood-B,chr19,17527658,17528178
Blood-B,chr16,81480277,81480519
Blood-B,chr4,6963686,6964048
Blood-B,chr2,39527366,39527867
Blood-B,chr10,124601966,124602172
Blood-B,chr22,17215956,17216142
Blood-B,chr2,113861365,113862098
Blood-B,chr2,241392710,241393272
Blood-B,chr10,79193901,79194116
Blood-B,chr8,122917055,122917276
Blood-B,chr4,3040832,3041000
Blood-B,chr2,230472154,230472423
Blood-B,chr21,41229493,41230613
Blood-B,chr5,131647836,131648218
Blood-B,chr14,104660986,104662163
Blood-B,chr7,140125438,140125936
Blood-B,chr22,30379776,30380051
Blood-B,chr19,37951753,37951875
Blood-B,chr3,142355908,142357097
Blood-B,chr1,181130360,181131124
Blood-B,chr1,27002651,27002732
Blood-B,chr17,3645576,3646077
Blood-B,chr14,105571538,105571621
Blood-B,chr2,109194264,109194503
Blood-B,chr19,13105778,13106320
Blood-B,chr3,58348383,58349769
Blood-B,chr4,101812584,101813647
Blood-B,chr17,57003963,57004259
Blood-B,chr1,15563609,15564296
Blood-B,chr12,131770914,131771376
Blood-B,chr12,56378549,56378909
Blood-Granul,chr12,12360145,12360348
Blood-Granul,chr4,25408327,25408623
Blood-Granul,chr7,65749775,65749857
Blood-Granul,chr5,1475139,1475232
Blood-Granul,chr20,49654325,49654694
Blood-Granul,chr10,3772928,3773136
Blood-Granul,chr19,19184591,19184761
Blood-Granul,chr2,8786232,8786702
Blood-Granul,chr2,149568125,149568764
Blood-Granul,chr2,97812896,97813219
Blood-Granul,chr1,10151292,10151631
Blood-Granul,chr16,88839896,88840842
Blood-Granul,chr7,157137840,157137887
Blood-Granul,chr15,49974104,49974208
Blood-Granul,chr19,4464268,4464436
Blood-Granul,chr14,89974529,89974716
Blood-Granul,chr2,64007712,64008139
Blood-Granul,chr2,64415700,64416046
Blood-Granul,chr3,150568292,150568650
Blood-Granul,chr12,57500277,57500514
Blood-Granul,chr2,8895859,8896322
Blood-Granul,chr4,139931225,139931426
Blood-Granul,chr21,44915448,44915517
Blood-Granul,chr3,37395229,37396032
Blood-Granul,chr7,100431198,100431357
Blood-Granul,chr1,109169459,109169541
Blood-Granul,chr14,92658429,92659141
Blood-Granul,chr12,32587637,32588651
Blood-Granul,chr3,128991464,128991794
Blood-Granul,chr9,98830689,98830949
Blood-Granul,chr3,183944971,183945293
Blood-Granul,chr22,19687020,19687100
Blood-Granul,chr12,11666646,11666827
Blood-Granul,chr7,2077013,2077218
Blood-Granul,chr15,77999189,77999351
Blood-Granul,chr14,102210572,102211040
Blood-Granul,chr1,5975667,5975786
Blood-Granul,chr1,206725065,206725238
Blood-Granul,chr2,24087885,24088039
Blood-Granul,chr20,49163060,49163178
Blood-Granul,chr16,14959763,14960240
Blood-Granul,chr15,69803993,69804261
Blood-Granul,chr16,46627410,46627532
Blood-Granul,chr3,5090103,5090192
Blood-Granul,chr17,73068988,73069128
Blood-Granul,chr9,136912104,136912232
Blood-Granul,chr12,132665920,132666186
Blood-Granul,chr16,89500533,89500656
Blood-Granul,chr19,40733011,40733210
Blood-Granul,chr2,8996530,8996727
Blood-Granul,chr8,60584049,60584280
Blood-Granul,chr17,4150184,4150448
Blood-Granul,chr20,1804395,1804875
Blood-Granul,chr15,98531044,98531169
Blood-Granul,chr6,52334637,52334754
Blood-Granul,chr17,66425803,66425948
Blood-Granul,chr16,15971368,15971698
Blood-Granul,chr9,89656910,89657074
Blood-Granul,chr18,9704838,9705009
Blood-Granul,chr17,70314978,70315083
Blood-Granul,chr1,212893204,212893606
Blood-Granul,chr8,67350591,67351053
Blood-Granul,chr15,65771966,65772155
Blood-Granul,chr5,14401413,14401543
Blood-Granul,chr1,13705415,13705609
Blood-Granul,chr3,38280706,38280930
Blood-Granul,chr11,33699294,33699602
Blood-Granul,chr15,65293627,65293785
Blood-Granul,chr2,134403077,134403917
Blood-Granul,chr9,136917737,136917978
Blood-Granul,chr19,2303625,2303683
Blood-Granul,chr7,23287595,23287937
Blood-Granul,chr7,40460880,40461423
Blood-Granul,chr16,1488647,1488670
Blood-Granul,chr7,2145911,2146084
Blood-Granul,chr18,62940803,62941442
Blood-Granul,chr1,205005829,205006046
Blood-Granul,chr16,67721352,67721481
Blood-Granul,chr10,35164847,35165425
Blood-Granul,chr12,116283978,116284136
Blood-Granul,chr20,34609425,34609835
Blood-Granul,chr7,100148064,100148129
Blood-Granul,chr10,95718666,95719284
Blood-Granul,chr7,105633960,105634246
Blood-Granul,chr11,15163696,15163868
Blood-Granul,chr12,123892694,123892751
Blood-Granul,chr14,89971615,89972277
Blood-Granul,chr15,90945021,90945465
Blood-Granul,chr10,69067005,69067186
Blood-Granul,chr7,105442307,105442489
Blood-Granul,chr5,69318021,69318518
Blood-Granul,chr12,105222580,105222894
Blood-Granul,chr5,138571404,138571568
Blood-Granul,chr8,8244493,8244675
Blood-Granul,chr12,76541049,76541351
Blood-Granul,chr11,3931994,3932111
Blood-Granul,chr9,129523752,129524105
Blood-Granul,chr9,37131443,37131858
Blood-Granul,chr17,1469457,1469599
Blood-Granul,chr3,11271122,11271290
Blood-Granul,chr11,59725538,59726066
Blood-Granul,chr11,1813367,1813617
Blood-Granul,chr13,20471120,20471179
Blood-Granul,chr10,103332943,103333076
Blood-Granul,chr10,1042666,1042753
Blood-Granul,chr17,18769301,18769606
Blood-Granul,chr1,172799879,172800072
Blood-Granul,chr9,123423246,123423404
Blood-Granul,chr16,89713605,89713747
Blood-Granul,chr11,76096911,76097521
Blood-Granul,chr1,228982495,228982811
Blood-Granul,chr7,37333793,37334420
Blood-Granul,chr22,19322130,19322466
Blood-Granul,chr5,146181079,146181246
Blood-Granul,chr11,113770908,113771121
Blood-Granul,chr1,202742452,202742737
Blood-Granul,chr10,132586931,132587032
Blood-Granul,chr17,43488503,43488590
Blood-Granul,chr3,38290682,38291582
Blood-Granul,chr9,86284228,86284368
Blood-Granul,chr7,101801694,101802065
Blood-Granul,chr8,66658649,66659258
Blood-Granul,chr6,14827591,14827753
Blood-Granul,chr17,49732704,49732818
Blood-Granul,chr16,3612704,3612883
Blood-Granul,chr2,42211364,42212002
Blood-Granul,chr20,38294026,38294219
Blood-Granul,chr15,90042770,90042944
Blood-Granul,chr8,22251829,22251935
Blood-Granul,chr9,121322893,121323123
Blood-Granul,chr19,19181392,19181752
Blood-Granul,chr7,29244573,29244765
Blood-Granul,chr5,42942545,42942643
Blood-Granul,chr3,47080839,47081396
Blood-Granul,chr19,1423536,1423831
Blood-Granul,chr10,68202293,68202428
Blood-Granul,chr10,277685,277829
Blood-Granul,chr1,109611323,109611498
Blood-Granul,chr2,95113698,95113860
Blood-Granul,chr1,38843644,38844247
Blood-Granul,chr6,1725453,1725537
Blood-Granul,chr9,38639607,38639767
Blood-Granul,chr20,57359083,57359665
Blood-Granul,chr21,37484817,37485503
Blood-Granul,chr1,173885684,173886549
Blood-Granul,chr15,66846998,66847308
Blood-Granul,chr2,143156098,143156299
Blood-Granul,chr1,3647132,3647310
Blood-Granul,chr1,53330329,53330858
Blood-Granul,chr20,37037698,37037832
Blood-Granul,chr16,69013565,69013782
Blood-Granul,chr2,210107464,210107785
Blood-Granul,chr9,128143077,128143267
Blood-Granul,chr1,12034899,12035085
Blood-Granul,chr10,103049092,103049513
Blood-Granul,chr20,57403128,57403378
Blood-Granul,chr7,6591499,6591725
Blood-Granul,chr9,127749585,127749661
Blood-Granul,chr12,98626949,98627221
Blood-Granul,chr21,34518613,34518757
Blood-Granul,chr6,108254019,108254494
Blood-Granul,chr11,62829957,62830112
Blood-Granul,chr2,47439378,47439653
Blood-Granul,chr8,129987927,129988317
Blood-Granul,chr1,10390785,10391596
Blood-Granul,chr16,22230918,22231246
Blood-Granul,chr7,2834922,2834987
Blood-Granul,chr16,4628630,4628872
Blood-Granul,chr19,42453232,42453692
Blood-Granul,chr1,6040917,6041038
Blood-Granul,chr12,14982125,14982466
Blood-Granul,chr12,6596656,6596833
Blood-Granul,chr22,23673156,23673696
Blood-Granul,chr3,197533229,197533656
Blood-Granul,chr14,23115324,23115682
Blood-Granul,chr17,49235631,49235927
Blood-Granul,chr14,23118789,23119022
Blood-Granul,chr14,52304989,52305296
Blood-Granul,chr2,69977507,69977600
Blood-Granul,chr10,119042401,119042612
Blood-Granul,chr17,60371306,60371484
Blood-Granul,chr10,110596415,110597085
Blood-Granul,chr16,4346750,4346971
Blood-Granul,chr2,178534262,178535136
Blood-Granul,chr7,8007319,8007423
Blood-Granul,chr8,26444066,26444539
Blood-Granul,chr6,2835158,2835964
Blood-Granul,chr14,51727541,51727830
Blood-Granul,chr6,31215758,31215977
Blood-Granul,chr4,8288185,8288642
Blood-Granul,chr12,123554547,123554904
Blood-Granul,chr1,207855458,207855585
Blood-Granul,chr1,3602626,3602999
Blood-Granul,chr17,10699671,10699828
Blood-Granul,chr12,55983856,55984230
Blood-Granul,chr7,149173013,149173621
Blood-Granul,chr16,2937034,2937187
Blood-Granul,chr11,14572219,14572893
Blood-Granul,chr1,10250218,10250496
Blood-Granul,chr11,73842661,73843004
Blood-Granul,chr11,64152246,64152364
Blood-Granul,chr3,197144890,197145298
Blood-Granul,chr2,32296524,32297286
Blood-Granul,chr12,8128067,8128631
Blood-Granul,chr9,121462181,121462419
Blood-Granul,chr19,38622888,38623045
Blood-Granul,chr17,40020798,40021032
Blood-Granul,chr11,68762419,68762735
Blood-Granul,chr11,33977064,33977746
Blood-Granul,chr9,135806004,135806141
Blood-Granul,chr17,10678196,10678985
Blood-Granul,chr8,73322036,73322961
Blood-Granul,chr8,10080626,10080932
Blood-Granul,chr4,107643176,107643475
Blood-Granul,chr8,139978580,139978870
Blood-Granul,chr1,202803679,202803780
Blood-Granul,chr19,5669327,5669630
Blood-Granul,chr20,62683892,62684080
Blood-Granul,chr4,139572488,139573002
Blood-Granul,chr8,28346443,28346888
Blood-Granul,chr19,11986890,11987036
Blood-Granul,chr12,6680934,6681264
Blood-Granul,chr2,233233160,233233427
Blood-Granul,chr1,150411515,150411748
Blood-Granul,chr4,13580965,13581165
Blood-Granul,chr3,127771368,127771831
Blood-Granul,chr4,7647385,7647485
Blood-Granul,chr11,68715853,68716485
Blood-Granul,chr2,99144242,99144961
Blood-Granul,chr18,11917561,11918078
Blood-Granul,chr7,157049884,157050153
Blood-Granul,chr17,57413194,57413434
Blood-Granul,chr17,64843059,64843726
Blood-Granul,chr15,55634824,55634982
Blood-Granul,chr2,239383488,239383706
Blood-Granul,chr12,11818338,11818641
Blood-Granul,chr20,3838147,3838670
Blood-Granul,chr20,35085544,35086118
Blood-Granul,chr13,114052108,114052203
Blood-Granul,chr17,63753845,63754710
Blood-Granul,chr21,45813590,45814156
Blood-Granul,chr1,145746603,145747728
Blood-Granul,chr8,124543715,124544151
Blood-Granul,chr20,56492888,56493644
Blood-Granul,chr9,121323409,121323666
Blood-Granul,chr6,6794396,6794477
Blood-Granul,chr11,47712620,47713078
Blood-Granul,chr11,65021937,65022659
Blood-Granul,chr12,55978221,55979057
Blood-Granul,chr17,76328565,76329131
Blood-Mono+Macro,chr19,10126106,10126283
Blood-Mono+Macro,chr11,74022616,74022885
Blood-Mono+Macro,chr6,134375341,134375586
Blood-Mono+Macro,chr1,59580390,59580738
Blood-Mono+Macro,chr16,29173589,29173921
Blood-Mono+Macro,chr12,111888469,111888639
Blood-Mono+Macro,chr17,66438132,66438372
Blood-Mono+Macro,chr2,101521664,101521761
Blood-Mono+Macro,chr6,150238896,150239214
Blood-Mono+Macro,chr2,233242913,233243096
Blood-Mono+Macro,chr2,215860679,215860858
Blood-Mono+Macro,chr2,25280522,25280607
Blood-Mono+Macro,chr11,33197976,33198159
Blood-Mono+Macro,chr12,26360086,26360372
Blood-Mono+Macro,chr12,66379530,66379999
Blood-Mono+Macro,chr2,27798610,27798805
Blood-Mono+Macro,chr7,107028249,107028462
Blood-Mono+Macro,chr17,81326542,81326619
Blood-Mono+Macro,chr8,27391154,27391244
Blood-Mono+Macro,chr6,10624926,10625032
Blood-Mono+Macro,chr1,155675833,155676115
Blood-Mono+Macro,chr7,140494871,140494944
Blood-Mono+Macro,chr3,12187096,12187167
Blood-Mono+Macro,chr2,64754165,64754279
Blood-Mono+Macro,chr3,184617257,184617556
Blood-Mono+Macro,chr12,24967110,24967269
Blood-Mono+Macro,chr2,218699875,218700049
Blood-Mono+Macro,chr1,184917402,184917509
Blood-Mono+Macro,chr14,77518127,77518167
Blood-Mono+Macro,chr16,84069291,84069826
Blood-Mono+Macro,chr17,42167918,42168005
Blood-Mono+Macro,chr10,87184496,87184743
Blood-Mono+Macro,chr2,113875015,113875152
Blood-Mono+Macro,chr8,29103773,29103934
Blood-Mono+Macro,chr16,85838433,85838537
Blood-Mono+Macro,chr18,32050907,32051248
Blood-Mono+Macro,chr2,121287283,121287589
Blood-Mono+Macro,chr20,58918719,58918879
Blood-Mono+Macro,chr2,43236651,43236828
Blood-Mono+Macro,chr19,51811466,51811655
Blood-Mono+Macro,chr12,52531773,52531818
Blood-Mono+Macro,chr14,22407291,22407354
Blood-Mono+Macro,chr1,87296362,87296554
Blood-Mono+Macro,chr19,45893492,45893773
Blood-Mono+Macro,chr3,196575177,196575231
Blood-Mono+Macro,chr6,26545760,26545942
Blood-Mono+Macro,chr6,45709691,45709773
Blood-Mono+Macro,chr17,80212972,80213067
Blood-Mono+Macro,chr9,129114114,129114182
Blood-Mono+Macro,chr17,50792834,50792930
Blood-Mono+Macro,chr3,143998210,143998617
Blood-Mono+Macro,chr2,99785778,99785969
Blood-Mono+Macro,chr1,179950691,179950850
Blood-Mono+Macro,chr1,40034144,40034320
Blood-Mono+Macro,chr21,46432070,46432232
Blood-Mono+Macro,chr9,33843581,33843767
Blood-Mono+Macro,chr1,6056291,6056341
Blood-Mono+Macro,chr20,53696750,53697072
Blood-Mono+Macro,chr3,185685272,185685775
Blood-Mono+Macro,chr12,123941665,123941951
Blood-Mono+Macro,chr16,15941959,15942215
Blood-Mono+Macro,chr12,923779,923879
Blood-Mono+Macro,chr16,79307343,79307555
Blood-Mono+Macro,chr14,61121161,61121380
Blood-Mono+Macro,chrX,44446350,44446447
Blood-Mono+Macro,chr2,240706295,240706502
Blood-Mono+Macro,chr17,19923324,19923568
Blood-Mono+Macro,chr2,98748823,98749034
Blood-Mono+Macro,chr13,40781732,40782073
Blood-Mono+Macro,chr1,116727195,116727378
Blood-Mono+Macro,chr16,53804387,53804719
Blood-Mono+Macro,chr1,112883314,112883388
Blood-Mono+Macro,chr3,138842455,138843194
Blood-Mono+Macro,chr14,67766438,67766769
Blood-Mono+Macro,chr7,36717581,36717989
Blood-Mono+Macro,chr12,117057690,117057949
Blood-Mono+Macro,chr20,3434523,3434604
Blood-Mono+Macro,chr3,185649383,185649601
Blood-Mono+Macro,chr20,53698318,53698457
Blood-Mono+Macro,chr19,6686493,6686567
Blood-Mono+Macro,chr5,143165398,143165613
Blood-Mono+Macro,chr16,21650422,21651218
Blood-Mono+Macro,chr16,75469138,75469275
Blood-Mono+Macro,chr19,51824381,51824478
Blood-Mono+Macro,chr3,170044255,170044614
Blood-Mono+Macro,chr14,103190933,103191100
Blood-Mono+Macro,chr14,65208515,65208878
Blood-Mono+Macro,chr16,3988108,3988295
Blood-Mono+Macro,chr19,53845768,53845907
Blood-Mono+Macro,chr21,46432239,46432422
Blood-Mono+Macro,chr12,14252677,14252797
Blood-Mono+Macro,chr15,72464371,72464558
Blood-Mono+Macro,chr12,132482024,132482250
Blood-Mono+Macro,chr17,27413792,27414223
Blood-Mono+Macro,chr10,133174318,133174470
Blood-Mono+Macro,chr6,149279558,149279703
Blood-Mono+Macro,chr4,139674550,139675191
Blood-Mono+Macro,chr19,7543783,7543939
Blood-Mono+Macro,chr12,111186451,111186595
Blood-Mono+Macro,chr6,2375661,2375798
Blood-Mono+Macro,chr15,80718934,80719413
Blood-Mono+Macro,chr4,1333393,1333662
Blood-Mono+Macro,chr1,41692034,41692274
Blood-Mono+Macro,chr2,8277159,8277294
Blood-Mono+Macro,chr10,132451294,132451375
Blood-Mono+Macro,chr3,13578969,13579116
Blood-Mono+Macro,chr6,169720600,169721060
Blood-Mono+Macro,chr2,239303447,239303567
Blood-Mono+Macro,chr14,103443184,103443650
Blood-Mono+Macro,chr1,6056543,6056770
Blood-Mono+Macro,chr22,39329249,39329509
Blood-Mono+Macro,chr10,49285522,49285791
Blood-Mono+Macro,chr1,150791487,150792044
Blood-Mono+Macro,chr6,105867338,105867540
Blood-Mono+Macro,chr1,28715083,28715443
Blood-Mono+Macro,chr7,139992729,139992937
Blood-Mono+Macro,chr12,110691298,110691619
Blood-Mono+Macro,chr2,111993971,111994344
Blood-Mono+Macro,chr11,61093200,61093750
Blood-Mono+Macro,chr11,48008416,48008538
Blood-Mono+Macro,chr16,68831578,68832129
Blood-Mono+Macro,chr16,11814785,11815519
Blood-Mono+Macro,chr20,37270247,37270556
Blood-Mono+Macro,chr2,152049397,152049481
Blood-Mono+Macro,chr2,147642682,147643104
Blood-Mono+Macro,chr16,84997307,84997414
Blood-Mono+Macro,chr19,53850251,53850369
Blood-Mono+Macro,chr9,110156404,110156553
Blood-Mono+Macro,chr1,36120183,36120546
Blood-Mono+Macro,chr19,46825142,46825327
Blood-Mono+Macro,chr3,184284398,184284530
Blood-Mono+Macro,chr3,53749409,53749724
Blood-Mono+Macro,chr12,121460980,121461682
Blood-Mono+Macro,chr8,26433272,26433476
Blood-Mono+Macro,chr10,103465490,103465644
Blood-Mono+Macro,chr22,32145256,32145386
Blood-Mono+Macro,chr19,40363803,40364269
Blood-Mono+Macro,chr11,126313938,126314176
Blood-Mono+Macro,chr19,4666886,4667160
Blood-Mono+Macro,chr9,91208619,91209222
Blood-Mono+Macro,chr1,149931235,149931424
Blood-Mono+Macro,chr12,110694063,110694354
Blood-Mono+Macro,chr16,48391099,48391300
Blood-Mono+Macro,chr7,112850,112972
Blood-Mono+Macro,chr1,150163959,150164543
Blood-Mono+Macro,chr19,19127915,19128214
Blood-Mono+Macro,chr16,17155198,17155730
Blood-Mono+Macro,chr19,54608884,54609066
Blood-Mono+Macro,chr3,102025526,102026665
Blood-Mono+Macro,chr10,21985945,21985994
Blood-Mono+Macro,chr1,229566547,229567425
Blood-Mono+Macro,chr7,139901437,139902055
Blood-Mono+Macro,chr16,66520424,66520613
Blood-Mono+Macro,chr1,3843067,3843455
Blood-Mono+Macro,chr7,1916048,1916274
Blood-Mono+Macro,chr1,9633588,9633748
Blood-Mono+Macro,chr15,75154998,75155295
Blood-Mono+Macro,chr16,75572031,75572119
Blood-Mono+Macro,chr19,35447644,35447868
Blood-Mono+Macro,chr7,2244847,2244977
Blood-Mono+Macro,chr2,45725779,45726081
Blood-Mono+Macro,chr1,175004553,175004869
Blood-Mono+Macro,chr12,10120817,10121035
Blood-Mono+Macro,chr18,10797427,10797761
Blood-Mono+Macro,chr22,30270696,30270876
Blood-Mono+Macro,chr3,46132651,46133496
Blood-Mono+Macro,chr6,15223099,15223218
Blood-Mono+Macro,chr12,293102,293392
Blood-Mono+Macro,chr19,1901418,1901991
Blood-Mono+Macro,chr17,47072522,47072859
Blood-Mono+Macro,chr22,17760239,17760409
Blood-Mono+Macro,chr10,132444096,132444336
Blood-Mono+Macro,chr10,72091437,72091575
Blood-Mono+Macro,chr10,76403945,76404831
Blood-Mono+Macro,chr16,89855931,89856136
Blood-Mono+Macro,chr7,26100305,26100933
Blood-Mono+Macro,chr16,77180659,77180988
Blood-Mono+Macro,chr2,47896518,47896647
Blood-Mono+Macro,chr3,122056311,122056438
Blood-Mono+Macro,chr19,14423971,14424075
Blood-Mono+Macro,chr19,46759283,46759502
Blood-Mono+Macro,chr1,39833460,39834214
Blood-Mono+Macro,chr4,102593272,102593535
Blood-Mono+Macro,chr3,37772766,37773024
Blood-Mono+Macro,chr1,241810964,241811384
Blood-Mono+Macro,chr1,51230024,51230228
Blood-Mono+Macro,chr17,59278055,59279062
Blood-Mono+Macro,chr8,43103265,43103851
Blood-Mono+Macro,chr10,93387235,93387569
Blood-Mono+Macro,chr1,116497851,116498078
Blood-Mono+Macro,chr11,16791004,16791358
Blood-Mono+Macro,chr16,21658713,21659160
Blood-Mono+Macro,chr22,40434747,40435102
Blood-Mono+Macro,chr11,62427548,62427746
Blood-Mono+Macro,chr16,15588966,15589213
Blood-Mono+Macro,chr6,149270768,149271017
Blood-Mono+Macro,chr1,10646250,10646326
Blood-Mono+Macro,chr14,96495789,96496057
Blood-Mono+Macro,chr1,153307071,153307121
Blood-Mono+Macro,chr17,4982080,4982143
Blood-Mono+Macro,chr7,2024230,2024743
Blood-Mono+Macro,chr18,62577008,62577399
Blood-Mono+Macro,chr5,72373215,72373615
Blood-Mono+Macro,chr17,19610931,19611223
Blood-Mono+Macro,chr1,26385461,26385624
Blood-Mono+Macro,chr4,145822517,145822985
Blood-Mono+Macro,chr7,17127600,17128084
Blood-Mono+Macro,chr7,76986086,76986206
Blood-Mono+Macro,chr1,180083737,180083885
Blood-Mono+Macro,chr17,50594584,50595016
Blood-Mono+Macro,chr7,6356223,6356697
Blood-Mono+Macro,chr1,179340905,179341288
Blood-Mono+Macro,chr4,1226974,1227100
Blood-Mono+Macro,chr11,74025714,74026140
Blood-Mono+Macro,chr17,80092440,80092844
Blood-Mono+Macro,chr7,40268667,40268880
Blood-Mono+Macro,chr4,51905801,51906091
Blood-Mono+Macro,chr22,46560984,46561091
Blood-Mono+Macro,chr3,57982411,57982968
Blood-Mono+Macro,chr12,124719923,124720149
Blood-Mono+Macro,chr20,20400062,20400432
Blood-Mono+Macro,chr5,172129313,172129827
Blood-Mono+Macro,chr2,101041231,101041791
Blood-Mono+Macro,chr7,157769983,157770060
Blood-Mono+Macro,chr16,11180437,11180726
Blood-Mono+Macro,chr18,50830617,50831015
Blood-Mono+Macro,chr20,4806740,4807218
Blood-Mono+Macro,chr6,53583359,53583736
Blood-Mono+Macro,chr9,34692054,34692157
Blood-Mono+Macro,chr17,56880613,56880897
Blood-Mono+Macro,chrX,85882378,85882892
Blood-Mono+Macro,chr8,96621037,96621476
Blood-Mono+Macro,chr19,54381710,54382113
Blood-Mono+Macro,chr10,15035212,15035325
Blood-Mono+Macro,chr5,132763074,132763431
Blood-Mono+Macro,chr5,180024505,180024843
Blood-Mono+Macro,chr1,46018200,46018663
Blood-Mono+Macro,chr8,81014646,81015366
Blood-Mono+Macro,chr16,4782664,4782857
Blood-Mono+Macro,chr20,18280342,18280398
Blood-Mono+Macro,chr22,45292022,45292260
Blood-Mono+Macro,chr5,170365074,170365337
Blood-Mono+Macro,chr18,76636378,76636478
Blood-Mono+Macro,chr6,26094205,26094508
Blood-Mono+Macro,chr5,155024087,155024163
Blood-Mono+Macro,chr1,10969248,10969565
Blood-Mono+Macro,chr12,7675899,7676079
Blood-Mono+Macro,chr21,46436488,46436720
Blood-Mono+Macro,chr6,32004350,32004765
Blood-Mono+Macro,chr20,46190700,46190798
Blood-NK,chr7,74231564,74231719
Blood-NK,chr15,90826965,90827098
Blood-NK,chr6,15505629,15505736
Blood-NK,chr6,35524104,35524283
Blood-NK,chr17,74468387,74468750
Blood-NK,chr2,439609,439841
Blood-NK,chr2,8282910,8283009
Blood-NK,chr2,238405624,238405865
Blood-NK,chr3,17155052,17155274
Blood-NK,chr12,9831001,9831394
Blood-NK,chr1,178411754,178411919
Blood-NK,chr6,15505755,15505882
Blood-NK,chr10,7243322,7243430
Blood-NK,chr12,9642673,9643208
Blood-NK,chr17,74468095,74468314
Blood-NK,chr19,52137509,52137726
Blood-NK,chr12,104691636,104691778
Blood-NK,chr2,8455859,8455990
Blood-NK,chr14,24678626,24678697
Blood-NK,chr17,47738677,47738896
Blood-NK,chr19,4709197,4709329
Blood-NK,chr6,170111044,170111232
Blood-NK,chr9,136959495,136959740
Blood-NK,chr12,48933649,48933837
Blood-NK,chr12,123750669,123751279
Blood-NK,chr2,239695945,239696075
Blood-NK,chr2,231528485,231529106
Blood-NK,chr20,5997245,5997369
Blood-NK,chr3,25461281,25461699
Blood-NK,chr7,72818691,72818952
Blood-NK,chr18,79631680,79632005
Blood-NK,chr16,88653534,88653999
Blood-NK,chr1,43593355,43593649
Blood-NK,chr11,114074321,114074544
Blood-NK,chr11,1019378,1019547
Blood-NK,chr22,38143812,38143946
Blood-NK,chr13,109733913,109733977
Blood-NK,chr18,9859311,9859401
Blood-NK,chr11,119896577,119896720
Blood-NK,chr19,29676178,29676380
Blood-NK,chr12,53368739,53368828
Blood-NK,chr20,51505657,51505865
Blood-NK,chr16,85642971,85643072
Blood-NK,chr17,74464331,74464519
Blood-NK,chr1,167479472,167479745
Blood-NK,chr7,101090921,101091107
Blood-NK,chr12,9826858,9828229
Blood-NK,chr9,137521703,137521903
Blood-NK,chr6,170461998,170462413
Blood-NK,chr9,124625204,124625476
Blood-NK,chr17,47701668,47702050
Blood-NK,chr14,99451526,99451652
Blood-NK,chr11,333161,333286
Blood-NK,chr22,43255420,43255554
Blood-NK,chr17,47700048,47700534
Blood-NK,chr8,28781896,28782042
Blood-NK,chr1,167490610,167490744
Blood-NK,chr17,3705075,3705310
Blood-NK,chr12,109451412,109451615
Blood-NK,chr14,56210687,56211170
Blood-NK,chr2,237901186,237901782
Blood-NK,chr6,166335023,166335282
Blood-NK,chr7,2000310,2000555
Blood-NK,chr14,92539913,92540029
Blood-NK,chrX,3741034,3741194
Blood-NK,chr3,195788564,195788677
Blood-NK,chr22,25033801,25034348
Blood-NK,chr10,133033572,133033650
Blood-NK,chr17,20698228,20698488
Blood-NK,chr2,420843,421142
Blood-NK,chr16,308740,309147
Blood-NK,chr16,57648499,57648792
Blood-NK,chr3,172093983,172094145
Blood-NK,chr16,247119,247332
Blood-NK,chr17,67407664,67408112
Blood-NK,chr19,13886259,13886458
Blood-NK,chr12,124424107,124424312
Blood-NK,chr12,67669546,67669787
Blood-NK,chr13,109759058,109759214
Blood-NK,chr14,34741703,34741771
Blood-NK,chr2,8489009,8489419
Blood-NK,chr16,85642800,85642959
Blood-NK,chr18,23308308,23308486
Blood-NK,chr22,21689674,21689954
Blood-NK,chr11,87298914,87299045
Blood-NK,chr14,22458516,22459559
Blood-NK,chr7,1944188,1944284
Blood-NK,chr17,47740007,47740169
Blood-NK,chr3,48519443,48519620
Blood-NK,chr1,167484502,167484854
Blood-NK,chr17,67242186,67242369
Blood-NK,chr22,46283292,46283807
Blood-NK,chr7,3107161,3107421
Blood-NK,chr4,77849419,77849604
Blood-NK,chr3,57654145,57654450
Blood-NK,chr16,88654058,88654183
Blood-NK,chr5,10377021,10377208
Blood-NK,chr10,7190056,7190198
Blood-NK,chr6,164086684,164086786
Blood-NK,chr4,48124094,48124686
Blood-NK,chr1,167446719,167446990
Blood-NK,chr17,82306384,82306628
Blood-NK,chr2,202601791,202601950
Blood-NK,chr17,74470760,74471724
Blood-NK,chr2,85692124,85692569
Blood-NK,chr12,124424354,124424455
Blood-NK,chr15,94273056,94273564
Blood-NK,chr17,68082002,68082240
Blood-NK,chr10,70599355,70600522
Blood-NK,chr7,5477178,5477299
Blood-NK,chr1,10525686,10525916
Blood-NK,chr6,168876090,168876318
Blood-NK,chr7,3168970,3169257
Blood-NK,chr11,61124113,61124573
Blood-NK,chr1,167451940,167452576
Blood-NK,chr1,45921229,45921381
Blood-NK,chr17,38497241,38497423
Blood-NK,chr2,53995589,53995908
Blood-NK,chr14,24631893,24632172
Blood-NK,chr11,14328093,14328321
Blood-NK,chr2,238406185,238406591
Blood-NK,chr3,32904035,32904369
Blood-NK,chr19,12552982,12553046
Blood-NK,chr16,4480034,4480344
Blood-NK,chr15,25802416,25802522
Blood-NK,chr22,21680931,21681605
Blood-NK,chr11,3139831,3140046
Blood-NK,chr1,167486736,167487250
Blood-NK,chr1,207370394,207370963
Blood-NK,chr1,167482768,167483755
Blood-NK,chr12,109469632,109469829
Blood-NK,chr17,38913617,38913768
Blood-NK,chr17,74465070,74466026
Blood-NK,chr20,24956128,24956437
Blood-NK,chr9,123545964,123546287
Blood-NK,chr2,119928547,119929053
Blood-NK,chr6,161259398,161259791
Blood-NK,chr16,24821927,24822525
Blood-NK,chr22,46239225,46239402
Blood-NK,chr12,9604213,9605626
Blood-NK,chr19,9650497,9650678
Blood-NK,chr19,8568417,8568644
Blood-NK,chr6,168798843,168798956
Blood-NK,chr16,81851413,81851616
Blood-NK,chr17,57575320,57575449
Blood-NK,chr13,114070621,114071279
Blood-NK,chr17,64650382,64650785
Blood-NK,chr17,39708890,39709882
Blood-NK,chr3,15275001,15275569
Blood-NK,chr15,20612301,20612469
Blood-NK,chr7,1944309,1944404
Blood-NK,chr8,143981230,143981489
Blood-NK,chr17,83054449,83054781
Blood-NK,chr4,83106488,83107512
Blood-NK,chr9,136998417,136998624
Blood-NK,chr3,32562606,32563034
Blood-NK,chr3,9856530,9856789
Blood-NK,chr20,25346412,25346791
Blood-NK,chr7,2102200,2102246
Blood-NK,chr9,27676352,27676630
Blood-NK,chr12,2504237,2504300
Blood-NK,chr21,44010123,44010482
Blood-NK,chr12,186155,186248
Blood-NK,chr5,79543425,79543534
Blood-NK,chr12,31303425,31303947
Blood-NK,chr16,29110647,29110930
Blood-NK,chr12,102050499,102050643
Blood-NK,chr8,47363124,47363367
Blood-NK,chr17,80003744,80003905
Blood-NK,chr8,122947732,122947980
Blood-NK,chr1,167475785,167476910
Blood-NK,chr16,11561730,11562301
Blood-NK,chr1,167490870,167491291
Blood-NK,chr20,44984263,44984498
Blood-NK,chr17,47715256,47715622
Blood-NK,chr20,2851785,2851903
Blood-NK,chr16,11237866,11238267
Blood-NK,chr19,19527268,19527447
Blood-NK,chr14,24627298,24627413
Blood-NK,chr2,68373165,68373543
Blood-NK,chr18,77118810,77119279
Blood-NK,chr6,111294549,111294844
Blood-NK,chr11,128801069,128801491
Blood-NK,chr12,47940875,47941278
Blood-NK,chr5,160274196,160274612
Blood-NK,chr5,36629811,36630016
Blood-NK,chr19,2551964,2552157
Blood-NK,chr7,158732455,158733111
Blood-NK,chr17,81456468,81456672
Blood-NK,chrX,3708592,3708988
Blood-NK,chr7,133257927,133258479
Blood-NK,chr15,22387711,22388105
Blood-NK,chr2,212815981,212816536
Blood-NK,chr1,61595808,61596146
Blood-NK,chr9,110921797,110922047
Blood-NK,chr1,162409063,162409865
Blood-NK,chr6,117538651,117538766
Blood-NK,chrX,111775729,111775960
Blood-NK,chr13,114125913,114126321
Blood-NK,chr2,105074897,105075301
Blood-NK,chr6,16179587,16179866
Blood-NK,chr7,72942384,72942885
Blood-NK,chr11,47615870,47616499
Blood-NK,chr18,56573242,56573427
Blood-NK,chr5,1576975,1577480
Blood-NK,chr1,167501115,167501355
Blood-NK,chr2,68369376,68369606
Blood-NK,chr9,134393468,134393619
Blood-NK,chr3,125118349,125119117
Blood-NK,chr12,107179251,107179350
Blood-NK,chr12,9814596,9814752
Blood-NK,chr1,167479998,167480267
Blood-NK,chr14,65821391,65821592
Blood-NK,chr21,44814015,44814156
Blood-NK,chr6,170117196,170117796
Blood-NK,chr8,1739358,1739574
Blood-NK,chr21,33202877,33202970
Blood-NK,chr19,5138548,5139035
Blood-NK,chr20,32566651,32567194
Blood-NK,chr13,19817254,19817434
Blood-NK,chr13,95791303,95791922
Blood-NK,chr20,31669475,31669778
Blood-NK,chr2,225096332,225096440
Blood-NK,chr2,127981198,127981378
Blood-NK,chr1,167471895,167472841
Blood-NK,chr12,120480784,120480981
Blood-NK,chr7,105354888,105355383
Blood-NK,chr18,77116511,77116718
Blood-NK,chr8,141172570,141173048
Blood-NK,chr1,167490064,167490580
Blood-NK,chr1,167504822,167505009
Blood-NK,chr19,18694279,18694888
Blood-NK,chr22,27602842,27603349
Blood-NK,chr8,47358048,47358829
Blood-NK,chr17,81455269,81455505
Blood-NK,chr1,167508872,167509352
Blood-NK,chr19,16372669,16373127
Blood-NK,chr1,27607799,27607964
Blood-NK,chr7,1943771,1943948
Blood-NK,chr1,167493081,167493753
Blood-NK,chr14,105395154,105396646
Blood-NK,chr11,75300135,75300963
Blood-NK,chr11,128747525,128747706
Blood-NK,chr1,3361587,3362072
Blood-NK,chr15,68796111,68796239
Blood-NK,chr1,167495778,167496573
Blood-NK,chr16,57576990,57577675
Blood-NK,chr16,89737744,89738008
Blood-NK,chr13,26831801,26832338
Blood-NK,chr19,3799958,3800074
Blood-T,chr1,116756305,116757552
Blood-T,chr13,24251511,24251862
Blood-T,chr22,39901776,39901921
Blood-T,chr5,119299814,119300063
Blood-T,chr16,28985618,28986646
Blood-T,chr1,167517981,167518452
Blood-T,chr17,82126737,82126940
Blood-T,chr1,116754652,116755717
Blood-T,chr1,151057437,151057509
Blood-T,chr22,25068522,25068726
Blood-T,chr19,34350604,34350683
Blood-T,chr12,9671010,9671520
Blood-T,chr11,118304916,118305780
Blood-T,chr14,61332499,61332960
Blood-T,chr10,6530300,6530517
Blood-T,chr17,82126574,82126705
Blood-T,chr7,138903531,138903759
Blood-T,chr1,116758733,116759585
Blood-T,chr5,39200187,39201013
Blood-T,chr14,100069088,100069426
Blood-T,chr12,9674328,9675486
Blood-T,chr3,111542337,111542681
Blood-T,chr17,35537044,35537159
Blood-T,chr11,118341599,118342558
Blood-T,chr13,40187121,40187449
Blood-T,chr12,9677629,9678169
Blood-T,chr12,9671775,9673121
Blood-T,chr1,32253200,32253572
Blood-T,chr8,29061304,29061525
Blood-T,chr1,206803228,206803554
Blood-T,chr11,118339444,118340659
Blood-T,chr1,8152907,8153123
Blood-T,chr13,113846387,113846838
Blood-T,chr7,583821,584090
Blood-T,chr5,157193800,157194247
Blood-T,chr7,3461942,3462236
Blood-T,chr2,106094326,106094866
Blood-T,chr1,111197927,111199199
Blood-T,chr11,118306042,118306428
Blood-T,chr1,32252846,32253137
Blood-T,chr22,20100494,20101062
Blood-T,chr13,24251951,24252235
Blood-T,chr11,60971838,60971966
Blood-T,chr14,98932002,98932207
Blood-T,chr11,60972305,60972834
Blood-T,chr2,174489588,174489782
Blood-T,chr9,89481562,89481979
Blood-T,chr16,68210942,68211377
Blood-T,chr8,143461671,143461850
Blood-T,chr2,233268343,233268653
Blood-T,chr14,22504405,22504511
Blood-T,chr21,42405573,42405740
Blood-T,chr11,61102972,61103215
Blood-T,chr15,38653423,38653552
Blood-T,chr13,99215503,99215762
Blood-T,chr1,167516636,167517063
Blood-T,chr11,134058306,134058381
Blood-T,chr17,82126985,82127338
Blood-T,chr10,46268603,46268840
Blood-T,chr22,40324362,40324630
Blood-T,chr22,39903375,39904872
Blood-T,chr10,27101565,27101908
Blood-T,chr1,116764597,116765104
Blood-T,chr14,22496232,22496496
Blood-T,chr1,38977576,38977985
Blood-T,chr14,22529090,22530071
Blood-T,chr2,85932461,85932586
Blood-T,chr5,119299403,119299590
Blood-T,chr11,118342812,118343296
Blood-T,chr5,39198817,39199096
Blood-T,chr14,61333070,61334484
Blood-T,chr10,8331348,8331524
Blood-T,chr13,48186123,48186227
Blood-T,chr19,19598994,19599343
Blood-T,chr11,78203186,78203296
Blood-T,chr1,32254316,32255187
Blood-T,chr14,99230466,99230650
Blood-T,chr10,73921867,73922512
Blood-T,chr4,879424,879762
Blood-T,chr17,80731381,80731607
Blood-T,chr5,39201854,39202719
Blood-T,chr19,6362828,6362904
Blood-T,chr9,129869333,129869565
Blood-T,chr5,119300089,119300338
Blood-T,chr3,45943344,45943677
Blood-T,chr11,118343580,118343817
Blood-T,chr22,39902325,39903295
Blood-T,chr6,548666,548817
Blood-T,chr14,106200669,106200796
Blood-T,chr22,49839343,49839650
Blood-T,chr5,157181048,157181778
Blood-T,chr2,203937939,203938691
Blood-T,chr1,116766787,116767322
Blood-T,chr14,22506102,22506703
Blood-T,chr11,118344047,118344734
Blood-T,chr1,198680281,198680385
Blood-T,chr1,226732123,226732497
Blood-T,chr11,61103399,61103629
Blood-T,chr1,116737677,116737902
Blood-T,chr10,127101101,127101380
Blood-T,chr3,195609460,195609708
Blood-T,chr1,12177725,12177861
Blood-T,chr14,22518480,22519003
Blood-T,chr10,127333657,127334003
Blood-T,chrY,7326350,7327182
Blood-T,chr2,204243336,204243439
Blood-T,chr14,22499353,22500774
Blood-T,chr14,68781623,68782004
Blood-T,chr14,22526966,22528050
Blood-T,chr3,108823431,108824162
Blood-T,chr17,77459681,77459887
Blood-T,chr5,3980387,3980588
Blood-T,chr10,104587501,104587514
Blood-T,chr4,113683501,113683847
Blood-T,chr9,94622293,94622441
Blood-T,chr2,106096261,106096988
Blood-T,chr7,150998312,150998448
Blood-T,chr12,55928777,55929026
Blood-T,chr21,42405797,42406160
Blood-T,chr14,22533170,22533881
Blood-T,chr20,50202887,50203027
Blood-T,chr12,66394299,66394449
Blood-T,chr10,11845168,11845648
Blood-T,chr14,22514939,22515420
Blood-T,chr14,91415499,91415589
Blood-T,chr22,48079913,48080100
Blood-T,chr19,9862921,9863063
Blood-T,chr14,91245978,91246248
Blood-T,chr12,27502047,27502423
Blood-T,chr2,63977995,63978356
Blood-T,chr5,81007525,81007741
Blood-T,chr14,22528058,22528980
Blood-T,chr5,170313382,170313673
Blood-T,chr7,1824661,1824957
Blood-T,chr16,3067653,3067792
Blood-T,chr13,111189218,111189732
Blood-T,chr20,63638868,63638991
Blood-T,chr9,97904793,97905145
Blood-T,chr8,8345473,8345862
Blood-T,chr12,68891759,68891894
Blood-T,chr7,139093620,139093812
Blood-T,chr20,32252185,32252518
Blood-T,chr5,134119820,134120044
Blood-T,chr22,37238149,37238478
Blood-T,chr1,235848139,235848743
Blood-T,chr1,11905538,11905646
Blood-T,chr11,61083737,61083799
Blood-T,chr16,27252957,27253123
Blood-T,chr19,1079558,1079663
Blood-T,chr5,392830,392958
Blood-T,chr5,35954367,35954421
Blood-T,chr12,132185799,132185868
Blood-T,chr17,73822427,73822779
Blood-T,chr11,11149718,11150151
Blood-T,chr22,40325114,40325584
Blood-T,chr9,136113574,136113693
Blood-T,chr12,47211902,47212312
Blood-T,chr11,128503885,128504188
Blood-T,chr13,114010999,114011074
Blood-T,chr14,22544066,22544883
Blood-T,chr15,78621876,78621943
Blood-T,chr11,67920723,67921201
Blood-T,chr4,7855098,7855294
Blood-T,chr6,37209573,37209715
Blood-T,chr7,99624157,99624485
Blood-T,chr1,198614265,198615053
Blood-T,chr16,50745470,50746099
Blood-T,chr11,117952655,117952872
Blood-T,chr17,21419245,21419468
Blood-T,chr2,85439965,85440419
Blood-T,chr2,86825672,86825971
Blood-T,chr17,27878686,27878960
Blood-T,chr5,134105006,134105516
Blood-T,chr8,27319921,27320159
Blood-T,chr5,39178846,39179609
Blood-T,chr11,69339046,69339147
Blood-T,chr19,54555046,54555133
Blood-T,chr20,36645137,36645615
Blood-T,chr17,61221995,61222536
Blood-T,chr6,111813207,111813955
Blood-T,chr14,22548541,22548940
Blood-T,chr16,89096949,89097218
Blood-T,chr3,128788317,128788805
Blood-T,chr14,22511278,22512254
Blood-T,chr6,152183140,152183614
Blood-T,chr12,47213159,47214146
Blood-T,chr17,17179275,17179776
Blood-T,chr5,157189430,157189804
Blood-T,chr5,14221641,14222069
Blood-T,chr16,89097290,89097485
Blood-T,chr17,2562539,2562754
Blood-T,chr11,14075354,14075554
Blood-T,chr14,89613503,89614027
Blood-T,chr19,41885094,41885285
Blood-T,chr3,197869190,197869432
Blood-T,chr2,104762181,104762386
Blood-T,chrX,16889277,16889585
Blood-T,chr12,8312845,8312966
Blood-T,chr12,132867140,132867283
Blood-T,chr14,22514464,22514925
Blood-T,chr17,77453172,77453476
Blood-T,chr18,10279598,10280159
Blood-T,chr11,32162879,32162984
Blood-T,chr1,24992544,24992688
Blood-T,chr1,3033107,3033243
Blood-T,chr8,127981892,127982459
Blood-T,chr20,1358015,1358561
Blood-T,chr7,100219285,100219636
Blood-T,chr1,224718841,224718989
Blood-T,chr6,107736457,107736780
Blood-T,chr18,58505215,58505515
Blood-T,chr22,40279067,40279460
Blood-T,chr7,38359818,38360585
Blood-T,chr6,39922709,39923173
Blood-T,chr19,2856500,2857283
Blood-T,chr8,30072830,30073377
Blood-T,chr2,196156267,196156701
Blood-T,chr1,111197190,111197450
Blood-T,chr14,106200920,106201066
Blood-T,chr22,37231259,37231452
Blood-T,chr8,143461533,143461641
Blood-T,chr6,90473192,90473535
Blood-T,chr1,224735176,224735506
Blood-T,chr6,34182473,34182623
Blood-T,chr4,10161746,10162215
Blood-T,chr18,75071576,75071702
Blood-T,chr14,22553040,22553666
Blood-T,chr22,17548295,17548384
Blood-T,chr19,9809271,9809753
Blood-T,chr8,143360746,143361252
Blood-T,chr14,22545358,22546005
Blood-T,chr10,48820878,48821047
Blood-T,chr2,128883209,128883409
Blood-T,chr5,149346760,149346863
Blood-T,chr10,127407811,127408018
Blood-T,chr15,57816739,57816927
Blood-T,chr14,22538907,22539875
Blood-T,chr16,29021771,29021905
Blood-T,chr1,9191244,9191423
Blood-T,chr7,73368204,73368351
Blood-T,chr20,4378909,4379199
Blood-T,chr15,22880171,22880471
Blood-T,chr6,141566757,141567178
Blood-T,chrX,20354699,20354843
Blood-T,chr9,132823927,132824413
Blood-T,chr1,9192883,9193133
Blood-T,chr3,152279235,152279680
Blood-T,chr3,126107377,126107483
Blood-T,chr2,31168459,31168564
Blood-T,chr19,55429662,55429829
Bone-Osteob,chr22,24914752,24915056
Bone-Osteob,chr10,98529063,98529074
Bone-Osteob,chr15,88695369,88695399
Bone-Osteob,chr6,168072554,168072641
Bone-Osteob,chr17,27600566,27600631
Bone-Osteob,chr8,116155776,116155930
Bone-Osteob,chr1,172246705,172247198
Bone-Osteob,chr6,143125912,143126266
Bone-Osteob,chr13,76191300,76191359
Bone-Osteob,chr9,96554095,96554143
Bone-Osteob,chr1,145909070,145909856
Bone-Osteob,chr7,690420,690899
Bone-Osteob,chr9,17795570,17795841
Bone-Osteob,chr17,79739623,79739681
Bone-Osteob,chr10,3813965,3814391
Bone-Osteob,chr2,39419466,39419944
Bone-Osteob,chr20,48427275,48427367
Bone-Osteob,chr9,85008768,85008855
Bone-Osteob,chr10,129131115,129131255
Bone-Osteob,chr3,183281272,183281742
Bone-Osteob,chr4,184041164,184041538
Bone-Osteob,chr19,56943315,56943582
Bone-Osteob,chr3,182184986,182185177
Bone-Osteob,chr6,70302443,70302780
Bone-Osteob,chr7,6913061,6913300
Bone-Osteob,chr9,135536527,135536605
Bone-Osteob,chr15,82082173,82082366
Bone-Osteob,chr1,117587527,117587865
Bone-Osteob,chr7,72325994,72326092
Bone-Osteob,chr9,81526918,81527078
Bone-Osteob,chr2,236320276,236320350
Bone-Osteob,chr10,12768221,12768524
Bone-Osteob,chr17,42845781,42845835
Bone-Osteob,chr18,74434030,74434863
Bone-Osteob,chr10,28201867,28202122
Bone-Osteob,chr10,98528713,98529034
Bone-Osteob,chr4,7105275,7105368
Bone-Osteob,chr1,10820995,10821153
Bone-Osteob,chr13,71470026,71470378
Bone-Osteob,chr6,106756837,106757114
Bone-Osteob,chr17,13046533,13046687
Bone-Osteob,chr6,168710736,168710935
Bone-Osteob,chr1,244369327,244369592
Bone-Osteob,chr9,121443899,121444053
Bone-Osteob,chr9,119477767,119477889
Bone-Osteob,chr13,76191045,76191174
Bone-Osteob,chr4,16693441,16693599
Bone-Osteob,chr2,234403191,234403315
Bone-Osteob,chr6,70301000,70301314
Bone-Osteob,chr11,70595907,70595993
Bone-Osteob,chr17,20775440,20775609
Bone-Osteob,chr6,70301508,70302279
Bone-Osteob,chr2,88728607,88729282
Bone-Osteob,chr1,22402746,22402833
Bone-Osteob,chr17,79739919,79739972
Bone-Osteob,chr12,19237521,19238946
Bone-Osteob,chr9,123116628,123116801
Bone-Osteob,chr22,33007358,33007558
Bone-Osteob,chr17,16930107,16930349
Bone-Osteob,chr10,27681000,27681099
Bone-Osteob,chr5,160139304,160139537
Bone-Osteob,chr13,21906765,21906852
Bone-Osteob,chr1,84572526,84572836
Bone-Osteob,chr14,75636742,75636945
Bone-Osteob,chr12,131947183,131947233
Bone-Osteob,chr17,73338651,73338849
Bone-Osteob,chr1,245210674,245211296
Bone-Osteob,chr4,185914299,185914599
Bone-Osteob,chr21,31928650,31928816
Bone-Osteob,chr17,72321895,72322128
Bone-Osteob,chr9,118895902,118896035
Bone-Osteob,chr9,91802828,91802985
Bone-Osteob,chr2,236197244,236197651
Bone-Osteob,chr12,114000798,114001073
Bone-Osteob,chr10,133168448,133168524
Bone-Osteob,chr16,87632125,87632517
Bone-Osteob,chr18,48960123,48960332
Bone-Osteob,chr4,169071519,169071776
Bone-Osteob,chr12,111084680,111084872
Bone-Osteob,chr2,102483120,102483511
Bone-Osteob,chr4,27054462,27054790
Bone-Osteob,chr1,115733176,115733272
Bone-Osteob,chr15,64942521,64942788
Bone-Osteob,chr6,154459537,154459977
Bone-Osteob,chr8,74097536,74097661
Bone-Osteob,chr11,26442805,26442860
Bone-Osteob,chr15,28001892,28001959
Bone-Osteob,chr4,187183301,187183541
Bone-Osteob,chr16,78306090,78306362
Bone-Osteob,chr8,1145255,1145392
Bone-Osteob,chr12,18715590,18716005
Bone-Osteob,chr5,142253912,142254123
Bone-Osteob,chr15,86014488,86014669
Bone-Osteob,chr22,47355231,47355280
Bone-Osteob,chr3,175880816,175881302
Bone-Osteob,chr15,85283064,85283411
Bone-Osteob,chr2,99597874,99598135
Bone-Osteob,chr12,60271422,60271827
Bone-Osteob,chr4,56097823,56098836
Bone-Osteob,chr10,100786028,100786237
Bone-Osteob,chr8,58810723,58811047
Bone-Osteob,chr14,26375326,26375542
Bone-Osteob,chr2,174766863,174767042
Bone-Osteob,chr4,155031826,155031993
Bone-Osteob,chr7,36956740,36957188
Bone-Osteob,chr8,9133287,9133869
Bone-Osteob,chr1,214694083,214694505
Bone-Osteob,chr16,86230654,86230703
Bone-Osteob,chr14,33616182,33616439
Bone-Osteob,chr6,2414634,2414947
Bone-Osteob,chr11,47136433,47137201
Bone-Osteob,chr6,8173222,8173457
Bone-Osteob,chr14,100705484,100705735
Bone-Osteob,chr1,20527701,20527784
Bone-Osteob,chr4,56200757,56201140
Bone-Osteob,chr5,2041527,2041566
Bone-Osteob,chr22,49660835,49660934
Bone-Osteob,chr2,47536780,47537121
Bone-Osteob,chr5,176436424,176436559
Bone-Osteob,chr1,214164314,214164437
Bone-Osteob,chr2,224599837,224600152
Bone-Osteob,chr17,31499502,31499748
Bone-Osteob,chr17,61284245,61284597
Bone-Osteob,chr9,997132,997887
Bone-Osteob,chr16,78010104,78010393
Bone-Osteob,chr18,10717897,10718491
Bone-Osteob,chr12,2374143,2374589
Bone-Osteob,chr12,19435958,19436352
Bone-Osteob,chr5,44840845,44841406
Bone-Osteob,chr4,153140363,153141051
Bone-Osteob,chr18,23761670,23762355
Bone-Osteob,chr4,8485761,8486417
Bone-Osteob,chr6,157485732,157485962
Bone-Osteob,chr1,245079416,245079539
Bone-Osteob,chr10,117748578,117748746
Bone-Osteob,chr15,76961058,76961309
Bone-Osteob,chr12,71222276,71222693
Bone-Osteob,chr8,665241,665316
Bone-Osteob,chr6,168520416,168520621
Bone-Osteob,chr10,80058654,80058878
Bone-Osteob,chr2,204472544,204472768
Bone-Osteob,chr5,39615877,39615980
Bone-Osteob,chr5,120736130,120736390
Bone-Osteob,chr11,46931986,46932285
Bone-Osteob,chr16,6149222,6149235
Bone-Osteob,chr1,22159926,22160041
Bone-Osteob,chr12,8683430,8684000
Bone-Osteob,chr2,29580645,29580995
Bone-Osteob,chr5,177080279,177080787
Bone-Osteob,chr5,179854391,179855214
Bone-Osteob,chr17,48126642,48126977
Bone-Osteob,chr2,120464774,120464914
Bone-Osteob,chr2,25234475,25234612
Bone-Osteob,chr7,151794438,151794612
Bone-Osteob,chr12,124116361,124116874
Bone-Osteob,chr20,11272067,11272350
Bone-Osteob,chr5,93303209,93303471
Bone-Osteob,chr4,185028151,185028403
Bone-Osteob,chr6,3074915,3075081
Bone-Osteob,chr9,95783615,95783792
Bone-Osteob,chr1,156239888,156240352
Bone-Osteob,chr2,171897009,171897466
Bone-Osteob,chr11,69505422,69506172
Bone-Osteob,chr21,37952433,37952537
Bone-Osteob,chr5,115934702,115934888
Bone-Osteob,chr7,15296275,15296836
Bone-Osteob,chr9,133489175,133489456
Bone-Osteob,chr19,57339412,57339570
Bone-Osteob,chr17,63390070,63390673
Bone-Osteob,chr5,1501691,1502016
Bone-Osteob,chr4,52670686,52671164
Bone-Osteob,chr5,171821087,171821361
Bone-Osteob,chr5,154534110,154534532
Bone-Osteob,chr6,117615868,117616286
Bone-Osteob,chr8,122094645,122095096
Bone-Osteob,chr2,25234103,25234374
Bone-Osteob,chr15,57839954,57840695
Bone-Osteob,chr3,16444421,16445535
Bone-Osteob,chr6,168909213,168909515
Bone-Osteob,chr3,157672705,157673073
Bone-Osteob,chr16,51828071,51828136
Bone-Osteob,chr11,44301851,44301924
Bone-Osteob,chr11,1499582,1499652
Bone-Osteob,chr1,9662990,9663199
Bone-Osteob,chr22,29406025,29406250
Bone-Osteob,chr17,49279209,49279284
Bone-Osteob,chr7,130846907,130846979
Bone-Osteob,chr17,65386509,65387153
Bone-Osteob,chr6,25476389,25477067
Bone-Osteob,chr3,146180796,146181415
Bone-Osteob,chr16,87028440,87028668
Bone-Osteob,chr12,131613401,131613495
Bone-Osteob,chr19,3806502,3806616
Bone-Osteob,chr1,189521013,189521286
Bone-Osteob,chr7,117053121,117053849
Bone-Osteob,chr13,49838244,49838654
Bone-Osteob,chr2,28023451,28024133
Bone-Osteob,chr20,31896131,31896238
Bone-Osteob,chr12,1388879,1390049
Bone-Osteob,chr11,46304913,46305149
Bone-Osteob,chr2,3484979,3485465
Bone-Osteob,chr15,49127421,49127864
Bone-Osteob,chr5,6222368,6222588
Bone-Osteob,chr7,139953655,139953930
Bone-Osteob,chr7,1816875,1817085
Bone-Osteob,chr7,6594196,6594545
Bone-Osteob,chr22,42541541,42541655
Bone-Osteob,chr2,26950811,26951211
Bone-Osteob,chr4,42121313,42121397
Bone-Osteob,chr2,99597248,99597759
Bone-Osteob,chr21,44571934,44572122
Bone-Osteob,chr22,44674415,44674550
Bone-Osteob,chr22,46968920,46969134
Bone-Osteob,chr22,46967223,46968025
Bone-Osteob,chr16,78399936,78400173
Bone-Osteob,chr17,21350902,21350962
Bone-Osteob,chr18,14090046,14090327
Bone-Osteob,chr17,79738410,79738717
Bone-Osteob,chr9,98988837,98989258
Bone-Osteob,chr8,116583119,116583307
Bone-Osteob,chr2,96876090,96876492
Bone-Osteob,chr7,105519019,105519497
Bone-Osteob,chr20,37977967,37978308
Bone-Osteob,chr1,150012106,150012252
Bone-Osteob,chr10,101027550,101027780
Bone-Osteob,chr17,31477471,31477738
Bone-Osteob,chr6,168909723,168909792
Bone-Osteob,chr16,31162615,31163384
Bone-Osteob,chr11,68658064,68658511
Bone-Osteob,chr11,13681269,13681697
Bone-Osteob,chr11,114214642,114214801
Bone-Osteob,chr5,56757629,56757686
Bone-Osteob,chr6,167044767,167044935
Bone-Osteob,chr16,69972389,69972815
Bone-Osteob,chr3,130076319,130076558
Bone-Osteob,chr3,153046262,153046446
Bone-Osteob,chr15,84159274,84160088
Bone-Osteob,chr5,154954814,154955089
Bone-Osteob,chr11,63614969,63615962
Bone-Osteob,chr1,150013494,150014532
Bone-Osteob,chr1,200389477,200389712
Bone-Osteob,chr3,185897024,185897866
Bone-Osteob,chr4,76049985,76050038
Bone-Osteob,chr17,79916855,79917404
Bone-Osteob,chr22,50517168,50517354
Bone-Osteob,chr14,65203029,65203506
Bone-Osteob,chr20,17924623,17924812
Bone-Osteob,chr12,111490664,111491241
Bone-Osteob,chr15,28178834,28179210
Bone-Osteob,chr6,8085685,8086635
Breast-Basal-Ep,chr20,35337887,35338015
Breast-Basal-Ep,chr9,136211489,136211936
Breast-Basal-Ep,chr13,113233003,113233489
Breast-Basal-Ep,chr7,144217941,144219092
Breast-Basal-Ep,chr6,35090326,35090440
Breast-Basal-Ep,chr14,105453185,105453384
Breast-Basal-Ep,chr20,32427204,32427682
Breast-Basal-Ep,chr14,103706582,103706629
Breast-Basal-Ep,chr16,79004240,79005398
Breast-Basal-Ep,chr13,40535208,40535546
Breast-Basal-Ep,chr8,102743216,102743522
Breast-Basal-Ep,chr16,81356757,81356977
Breast-Basal-Ep,chr4,10081377,10081475
Breast-Basal-Ep,chr19,13929553,13929607
Breast-Basal-Ep,chr20,63683450,63683738
Breast-Basal-Ep,chr1,234393659,234393763
Breast-Basal-Ep,chr5,151269672,151270094
Breast-Basal-Ep,chr1,154585125,154585306
Breast-Basal-Ep,chr11,70429094,70429452
Breast-Basal-Ep,chr2,10571855,10572256
Breast-Basal-Ep,chr17,4550596,4551107
Breast-Basal-Ep,chr5,126425634,126427040
Breast-Basal-Ep,chr17,66443643,66443924
Breast-Basal-Ep,chr20,41175302,41175792
Breast-Basal-Ep,chr22,17794463,17794770
Breast-Basal-Ep,chr17,80513404,80513496
Breast-Basal-Ep,chr1,35498058,35498321
Breast-Basal-Ep,chr3,41246408,41246904
Breast-Basal-Ep,chr22,36296766,36297149
Breast-Basal-Ep,chr2,65072774,65072892
Breast-Basal-Ep,chr2,11163643,11164037
Breast-Basal-Ep,chr1,115225979,115226283
Breast-Basal-Ep,chr17,80365477,80365700
Breast-Basal-Ep,chr9,70106810,70107070
Breast-Basal-Ep,chr18,22936140,22936249
Breast-Basal-Ep,chr16,58258337,58258519
Breast-Basal-Ep,chr9,137064644,137064709
Breast-Basal-Ep,chr17,57095415,57096064
Breast-Basal-Ep,chr10,132425741,132425930
Breast-Basal-Ep,chr12,120219017,120219193
Breast-Basal-Ep,chr16,15496728,15497146
Breast-Basal-Ep,chr15,68343939,68344118
Breast-Basal-Ep,chr17,4170745,4170930
Breast-Basal-Ep,chr19,16507291,16507404
Breast-Basal-Ep,chr14,99672308,99672479
Breast-Basal-Ep,chr19,52215602,52216112
Breast-Basal-Ep,chr19,13929968,13930538
Breast-Basal-Ep,chr9,69409753,69409897
Breast-Basal-Ep,chr19,4090759,4091052
Breast-Basal-Ep,chr6,35089361,35089698
Breast-Basal-Ep,chr2,25132820,25133012
Breast-Basal-Ep,chr8,70483819,70484057
Breast-Basal-Ep,chr11,71325921,71326335
Breast-Basal-Ep,chr16,15677972,15678219
Breast-Basal-Ep,chr11,8620480,8620654
Breast-Basal-Ep,chr1,24618667,24619056
Breast-Basal-Ep,chr6,35088635,35088722
Breast-Basal-Ep,chr7,5681885,5682198
Breast-Basal-Ep,chr4,4561773,4562134
Breast-Basal-Ep,chr11,12010135,12010419
Breast-Basal-Ep,chr2,234438977,234439363
Breast-Basal-Ep,chr16,28697443,28697731
Breast-Basal-Ep,chr17,80288452,80288579
Breast-Basal-Ep,chr15,58541790,58541973
Breast-Basal-Ep,chr6,106132334,106132407
Breast-Basal-Ep,chr6,156989159,156989453
Breast-Basal-Ep,chr3,8775489,8775821
Breast-Basal-Ep,chr15,75138075,75138224
Breast-Basal-Ep,chr16,68842238,68842391
Breast-Basal-Ep,chr7,491694,491991
Breast-Basal-Ep,chr14,43871237,43872311
Breast-Basal-Ep,chr3,101653704,101654063
Breast-Basal-Ep,chr9,69405698,69406432
Breast-Basal-Ep,chr14,74509487,74510389
Breast-Basal-Ep,chr12,51204323,51204917
Breast-Basal-Ep,chr17,31105080,31105618
Breast-Basal-Ep,chr18,37387004,37387053
Breast-Basal-Ep,chr6,2950798,2950903
Breast-Basal-Ep,chr20,59573603,59573940
Breast-Basal-Ep,chr19,5843996,5844449
Breast-Basal-Ep,chr21,45004638,45004754
Breast-Basal-Ep,chr7,461921,462309
Breast-Basal-Ep,chr19,40776467,40776774
Breast-Basal-Ep,chr14,102246698,102246916
Breast-Basal-Ep,chr17,65078923,65079283
Breast-Basal-Ep,chr16,749112,749519
Breast-Basal-Ep,chr11,3143569,3143671
Breast-Basal-Ep,chr17,66135936,66136460
Breast-Basal-Ep,chr21,44978225,44978408
Breast-Basal-Ep,chr6,168368529,168368699
Breast-Basal-Ep,chr1,115291948,115292244
Breast-Basal-Ep,chr1,16343269,16343606
Breast-Basal-Ep,chr21,45004154,45004565
Breast-Basal-Ep,chr2,23423047,23423291
Breast-Basal-Ep,chr12,19641221,19641566
Breast-Basal-Ep,chr10,133270791,133271407
Breast-Basal-Ep,chr18,23904339,23904763
Breast-Basal-Ep,chr19,2195972,2196494
Breast-Basal-Ep,chr14,99469991,99470382
Breast-Basal-Ep,chr2,96941621,96941974
Breast-Basal-Ep,chr3,140291646,140291882
Breast-Basal-Ep,chr16,66621613,66621916
Breast-Basal-Ep,chr17,63939553,63939929
Breast-Basal-Ep,chr1,72649524,72649718
Breast-Basal-Ep,chr21,16894639,16894734
Breast-Basal-Ep,chr4,4558438,4559006
Breast-Basal-Ep,chr10,125992068,125992398
Breast-Basal-Ep,chr15,48961849,48962525
Breast-Basal-Ep,chr16,81668249,81668445
Breast-Basal-Ep,chr1,19256908,19257187
Breast-Basal-Ep,chr1,214376307,214376522
Breast-Basal-Ep,chr1,248815656,248815925
Breast-Basal-Ep,chr14,64790594,64791348
Breast-Basal-Ep,chr17,73349780,73350341
Breast-Basal-Ep,chr2,240128433,240128622
Breast-Basal-Ep,chr1,229123295,229123518
Breast-Basal-Ep,chr19,4944184,4944573
Breast-Basal-Ep,chr12,6938974,6939059
Breast-Basal-Ep,chr19,11426900,11427088
Breast-Basal-Ep,chr14,74516696,74516907
Breast-Basal-Ep,chr18,22971934,22972341
Breast-Basal-Ep,chr19,39423007,39423663
Breast-Basal-Ep,chr3,57163392,57163538
Breast-Basal-Ep,chr14,102430393,102431063
Breast-Basal-Ep,chr18,10350801,10351001
Breast-Basal-Ep,chr3,8765995,8766648
Breast-Basal-Ep,chr6,163600559,163600922
Breast-Basal-Ep,chr2,218176952,218177307
Breast-Basal-Ep,chr2,85760169,85760441
Breast-Basal-Ep,chr3,8774375,8775379
Breast-Basal-Ep,chr6,11790767,11791478
Breast-Basal-Ep,chr1,111811457,111811637
Breast-Basal-Ep,chr14,102341487,102341763
Breast-Basal-Ep,chr2,73894625,73895137
Breast-Basal-Ep,chr1,116735409,116735555
Breast-Basal-Ep,chr15,99166081,99166334
Breast-Basal-Ep,chr16,22325421,22325769
Breast-Basal-Ep,chr17,81199497,81200406
Breast-Basal-Ep,chr19,2556722,2556920
Breast-Basal-Ep,chr21,43469817,43470094
Breast-Basal-Ep,chr2,84985209,84985422
Breast-Basal-Ep,chr22,39426753,39427138
Breast-Basal-Ep,chr2,238996717,238996944
Breast-Basal-Ep,chr16,4463755,4464231
Breast-Basal-Ep,chr1,93824173,93824760
Breast-Basal-Ep,chr16,19537127,19537919
Breast-Basal-Ep,chr19,39465725,39466613
Breast-Basal-Ep,chr10,88941701,88941820
Breast-Basal-Ep,chr17,21208015,21208288
Breast-Basal-Ep,chr19,16376817,16376915
Breast-Basal-Ep,chr11,128945242,128945525
Breast-Basal-Ep,chr1,180950629,180951038
Breast-Basal-Ep,chr14,23968763,23968928
Breast-Basal-Ep,chr17,80365233,80365432
Breast-Basal-Ep,chr7,228487,228714
Breast-Basal-Ep,chr5,177492341,177492703
Breast-Basal-Ep,chr22,19712772,19712909
Breast-Basal-Ep,chr2,95486299,95486457
Breast-Basal-Ep,chr5,139610,139822
Breast-Basal-Ep,chr9,95444212,95444544
Breast-Basal-Ep,chr1,12574590,12574792
Breast-Basal-Ep,chr13,24299429,24299728
Breast-Basal-Ep,chr19,10642030,10642335
Breast-Basal-Ep,chr11,68353477,68353784
Breast-Basal-Ep,chr15,63628108,63628322
Breast-Basal-Ep,chr19,34126925,34127206
Breast-Basal-Ep,chr17,57287643,57287949
Breast-Basal-Ep,chr3,134441941,134442679
Breast-Basal-Ep,chr16,23562456,23562885
Breast-Basal-Ep,chr9,131475387,131475766
Breast-Basal-Ep,chr19,46410267,46410796
Breast-Basal-Ep,chr19,56085451,56085674
Breast-Basal-Ep,chr6,14364360,14365003
Breast-Basal-Ep,chr12,69490122,69491348
Breast-Basal-Ep,chr22,50434045,50435043
Breast-Basal-Ep,chr7,100805401,100805667
Breast-Basal-Ep,chr7,73992747,73992889
Breast-Basal-Ep,chr11,130173684,130174552
Breast-Basal-Ep,chr12,2031283,2031829
Breast-Basal-Ep,chr19,5306486,5306621
Breast-Basal-Ep,chr14,68997657,68998285
Breast-Basal-Ep,chr16,4897619,4897982
Breast-Basal-Ep,chr17,47914983,47915391
Breast-Basal-Ep,chr3,9867011,9867212
Breast-Basal-Ep,chr12,113837494,113837810
Breast-Basal-Ep,chr1,236558260,236559060
Breast-Basal-Ep,chr12,6450065,6450300
Breast-Basal-Ep,chr14,73276645,73277289
Breast-Basal-Ep,chr22,30887465,30887689
Breast-Basal-Ep,chr4,88006015,88006831
Breast-Basal-Ep,chr8,46235022,46235243
Breast-Basal-Ep,chr3,8761314,8761503
Breast-Basal-Ep,chr6,137875855,137876584
Breast-Basal-Ep,chr21,42110902,42111019
Breast-Basal-Ep,chr17,80184098,80184261
Breast-Basal-Ep,chr9,94980734,94981562
Breast-Basal-Ep,chr11,45081002,45081348
Breast-Basal-Ep,chr7,99450491,99450729
Breast-Basal-Ep,chr5,170149279,170149573
Breast-Basal-Ep,chr3,188961607,188962308
Breast-Basal-Ep,chr10,133271500,133271716
Breast-Basal-Ep,chr19,46988419,46988791
Breast-Basal-Ep,chr8,142342211,142342406
Breast-Basal-Ep,chr12,113385133,113385310
Breast-Basal-Ep,chr17,21202853,21203138
Breast-Basal-Ep,chr22,31087921,31088139
Breast-Basal-Ep,chr1,16868538,16868724
Breast-Basal-Ep,chr15,101369131,101369863
Breast-Basal-Ep,chr19,38140568,38140753
Breast-Basal-Ep,chr20,34931971,34932186
Breast-Basal-Ep,chr5,151265301,151265663
Breast-Basal-Ep,chr11,66871189,66872006
Breast-Basal-Ep,chr16,81355159,81356259
Breast-Basal-Ep,chr18,35157037,35157585
Breast-Basal-Ep,chr2,32065105,32065310
Breast-Basal-Ep,chr15,40011104,40011572
Breast-Basal-Ep,chr21,43690975,43691796
Breast-Basal-Ep,chr1,46194353,46194860
Breast-Basal-Ep,chr21,41175960,41176341
Breast-Basal-Ep,chr7,135259698,135260043
Breast-Basal-Ep,chr1,27967012,27967759
Breast-Basal-Ep,chr5,1807994,1808338
Breast-Basal-Ep,chr10,121582172,121582738
Breast-Basal-Ep,chr14,105158298,105158584
Breast-Basal-Ep,chr10,97598852,97599192
Breast-Basal-Ep,chr12,12234179,12234445
Breast-Basal-Ep,chr8,127855242,127855409
Breast-Basal-Ep,chr16,24822917,24823414
Breast-Basal-Ep,chr19,55616783,55617370
Breast-Basal-Ep,chr20,3190097,3190921
Breast-Basal-Ep,chr10,11529453,11530436
Breast-Basal-Ep,chr12,104273310,104273464
Breast-Basal-Ep,chr21,44977415,44977889
Breast-Basal-Ep,chr16,3120203,3120618
Breast-Basal-Ep,chr19,39380596,39381082
Breast-Basal-Ep,chr20,37389092,37389712
Breast-Basal-Ep,chr17,42083351,42083822
Breast-Basal-Ep,chr2,108459877,108460291
Breast-Basal-Ep,chr9,136211022,136211277
Breast-Basal-Ep,chr11,65862480,65863499
Breast-Basal-Ep,chr1,5948115,5948518
Breast-Basal-Ep,chr15,64142583,64143005
Breast-Basal-Ep,chr16,748881,749060
Breast-Basal-Ep,chr6,131134695,131134862
Breast-Basal-Ep,chr10,72008108,72008425
Breast-Basal-Ep,chr20,41174158,41174812
Breast-Basal-Ep,chr11,66059332,66060042
Breast-Basal-Ep,chr14,105452540,105453033
Breast-Basal-Ep,chr1,209849504,209850180
Breast-Basal-Ep,chr9,34249645,34250409
Breast-Basal-Ep:Breast-Luminal-Ep,chr22,23459215,23459452
Breast-Basal-Ep:Breast-Luminal-Ep,chr7,37113057,37113314
Breast-Basal-Ep:Breast-Luminal-Ep,chr9,133562772,133563005
Breast-Basal-Ep:Breast-Luminal-Ep,chr22,24441114,24441276
Breast-Basal-Ep:Breast-Luminal-Ep,chr16,19688567,19688605
Breast-Basal-Ep:Breast-Luminal-Ep,chr10,107545624,107545966
Breast-Basal-Ep:Breast-Luminal-Ep,chr3,78481140,78481252
Breast-Basal-Ep:Breast-Luminal-Ep,chr12,27795925,27796187
Breast-Basal-Ep:Breast-Luminal-Ep,chr2,241848911,241848969
Breast-Basal-Ep:Breast-Luminal-Ep,chr2,36441284,36441509
Breast-Basal-Ep:Breast-Luminal-Ep,chr3,150774038,150774178
Breast-Basal-Ep:Breast-Luminal-Ep,chr1,227895741,227895906
Breast-Basal-Ep:Breast-Luminal-Ep,chr5,143310129,143310368
Breast-Basal-Ep:Breast-Luminal-Ep,chr12,4628355,4628795
Breast-Basal-Ep:Breast-Luminal-Ep,chr1,2915441,2915579
Breast-Basal-Ep:Breast-Luminal-Ep,chr16,28697443,28697731
Breast-Basal-Ep:Breast-Luminal-Ep,chr7,100804836,100804921
Breast-Basal-Ep:Breast-Luminal-Ep,chr3,127056284,127056454
Breast-Basal-Ep:Breast-Luminal-Ep,chr2,235147330,235147526
Breast-Basal-Ep:Breast-Luminal-Ep,chr13,45379494,45380077
Breast-Basal-Ep:Breast-Luminal-Ep,chr2,126482655,126482921
Breast-Basal-Ep:Breast-Luminal-Ep,chr16,71708069,71708293
Breast-Basal-Ep:Breast-Luminal-Ep,chr16,1428097,1428339
Breast-Basal-Ep:Breast-Luminal-Ep,chr8,46233053,46233088
Breast-Basal-Ep:Breast-Luminal-Ep,chr11,75802392,75802610
Breast-Basal-Ep:Breast-Luminal-Ep,chr6,777457,777756
Breast-Basal-Ep:Breast-Luminal-Ep,chr17,42283430,42284214
Breast-Basal-Ep:Breast-Luminal-Ep,chr14,95547123,95547603
Breast-Basal-Ep:Breast-Luminal-Ep,chr5,5571417,5571716
Breast-Basal-Ep:Breast-Luminal-Ep,chr7,47747285,47747393
Breast-Basal-Ep:Breast-Luminal-Ep,chr13,111423133,111423334
Breast-Basal-Ep:Breast-Luminal-Ep,chr10,117555383,117555442
Breast-Basal-Ep:Breast-Luminal-Ep,chr9,75817865,75818179
Breast-Basal-Ep:Breast-Luminal-Ep,chr1,168098567,168098847
Breast-Basal-Ep:Breast-Luminal-Ep,chr11,22390973,22391201
Breast-Basal-Ep:Breast-Luminal-Ep,chr14,41144417,41144482
Breast-Basal-Ep:Breast-Luminal-Ep,chr20,61820180,61820332
Breast-Basal-Ep:Breast-Luminal-Ep,chr17,2375433,2375837
Breast-Basal-Ep:Breast-Luminal-Ep,chr19,27860352,27860529
Breast-Basal-Ep:Breast-Luminal-Ep,chr10,2228895,2229327
Breast-Basal-Ep:Breast-Luminal-Ep,chr18,78319910,78319962
Breast-Basal-Ep:Breast-Luminal-Ep,chr20,54914166,54914241
Breast-Basal-Ep:Breast-Luminal-Ep,chr17,64257740,64258015
Breast-Basal-Ep:Breast-Luminal-Ep,chr22,33975457,33976255
Breast-Basal-Ep:Breast-Luminal-Ep,chr18,78319664,78319800
Breast-Basal-Ep:Breast-Luminal-Ep,chr22,26884872,26885099
Breast-Basal-Ep:Breast-Luminal-Ep,chr10,19154304,19154574
Breast-Basal-Ep:Breast-Luminal-Ep,chr8,18542667,18543304
Breast-Basal-Ep:Breast-Luminal-Ep,chr3,96775842,96776191
Breast-Basal-Ep:Breast-Luminal-Ep,chr1,41424120,41424295
Breast-Basal-Ep:Breast-Luminal-Ep,chr13,38966751,38966959
Breast-Basal-Ep:Breast-Luminal-Ep,chr13,27665870,27666429
Breast-Basal-Ep:Breast-Luminal-Ep,chr2,115614613,115614695
Breast-Basal-Ep:Breast-Luminal-Ep,chr4,178742725,178742862
Breast-Basal-Ep:Breast-Luminal-Ep,chr11,232603,233049
Breast-Basal-Ep:Breast-Luminal-Ep,chr2,9149132,9149369
Breast-Basal-Ep:Breast-Luminal-Ep,chr12,3952219,3952410
Breast-Basal-Ep:Breast-Luminal-Ep,chr5,388476,388690
Breast-Basal-Ep:Breast-Luminal-Ep,chr18,59423750,59423843
Breast-Basal-Ep:Breast-Luminal-Ep,chr2,16181326,16181419
Breast-Basal-Ep:Breast-Luminal-Ep,chr3,44903790,44904502
Breast-Basal-Ep:Breast-Luminal-Ep,chr20,63380679,63380787
Breast-Basal-Ep:Breast-Luminal-Ep,chr5,177336985,177337242
Breast-Basal-Ep:Breast-Luminal-Ep,chr16,1427887,1428046
Breast-Basal-Ep:Breast-Luminal-Ep,chr13,45381392,45381802
Breast-Basal-Ep:Breast-Luminal-Ep,chr1,2895479,2895589
Breast-Basal-Ep:Breast-Luminal-Ep,chr19,27859484,27860248
Breast-Basal-Ep:Breast-Luminal-Ep,chr2,26301820,26302004
Breast-Basal-Ep:Breast-Luminal-Ep,chr5,168410995,168411129
Breast-Basal-Ep:Breast-Luminal-Ep,chr8,143236000,143236146
Breast-Basal-Ep:Breast-Luminal-Ep,chr11,233160,233419
Breast-Basal-Ep:Breast-Luminal-Ep,chr16,88113427,88113554
Breast-Basal-Ep:Breast-Luminal-Ep,chr5,24295412,24295604
Breast-Basal-Ep:Breast-Luminal-Ep,chr2,44270423,44270687
Breast-Basal-Ep:Breast-Luminal-Ep,chr12,132407439,132407512
Breast-Basal-Ep:Breast-Luminal-Ep,chr17,4550174,4550261
Breast-Basal-Ep:Breast-Luminal-Ep,chr5,178086082,178086284
Breast-Basal-Ep:Breast-Luminal-Ep,chr2,241816104,241816168
Breast-Basal-Ep:Breast-Luminal-Ep,chr8,23370403,23370674
Breast-Basal-Ep:Breast-Luminal-Ep,chr18,23285795,23286267
Breast-Basal-Ep:Breast-Luminal-Ep,chr2,3285921,3285969
Breast-Basal-Ep:Breast-Luminal-Ep,chr19,29483739,29483777
Breast-Basal-Ep:Breast-Luminal-Ep,chr20,63413471,63413574
Breast-Basal-Ep:Breast-Luminal-Ep,chr2,117376877,117376955
Breast-Basal-Ep:Breast-Luminal-Ep,chr14,94995678,94995941
Breast-Basal-Ep:Breast-Luminal-Ep,chr16,4737694,4737972
Breast-Basal-Ep:Breast-Luminal-Ep,chr9,123392082,123392479
Breast-Basal-Ep:Breast-Luminal-Ep,chr11,118057506,118057818
Breast-Basal-Ep:Breast-Luminal-Ep,chr6,120471826,120472118
Breast-Basal-Ep:Breast-Luminal-Ep,chr9,123391981,123392073
Breast-Basal-Ep:Breast-Luminal-Ep,chr13,45382434,45382791
Breast-Basal-Ep:Breast-Luminal-Ep,chr20,62004999,62005231
Breast-Basal-Ep:Breast-Luminal-Ep,chr20,63380553,63380665
Breast-Basal-Ep:Breast-Luminal-Ep,chr11,119921625,119921847
Breast-Basal-Ep:Breast-Luminal-Ep,chr13,45382971,45383263
Breast-Basal-Ep:Breast-Luminal-Ep,chr17,75246434,75246773
Breast-Basal-Ep:Breast-Luminal-Ep,chr19,19945485,19945684
Breast-Basal-Ep:Breast-Luminal-Ep,chr2,226748625,226749244
Breast-Basal-Ep:Breast-Luminal-Ep,chr8,124568389,124568562
Breast-Basal-Ep:Breast-Luminal-Ep,chr1,2635880,2636509
Breast-Basal-Ep:Breast-Luminal-Ep,chr20,56702500,56702621
Breast-Basal-Ep:Breast-Luminal-Ep,chr1,204437585,204437929
Breast-Basal-Ep:Breast-Luminal-Ep,chr16,1428440,1428504
Breast-Basal-Ep:Breast-Luminal-Ep,chr4,39085887,39086811
Breast-Basal-Ep:Breast-Luminal-Ep,chr8,46233980,46234076
Breast-Basal-Ep:Breast-Luminal-Ep,chr14,28157155,28157540
Breast-Basal-Ep:Breast-Luminal-Ep,chr5,4340051,4340166
Breast-Basal-Ep:Breast-Luminal-Ep,chr11,65388819,65389362
Breast-Basal-Ep:Breast-Luminal-Ep,chr18,78320046,78320313
Breast-Basal-Ep:Breast-Luminal-Ep,chr21,45466679,45466776
Breast-Basal-Ep:Breast-Luminal-Ep,chr5,178098861,178098914
Breast-Basal-Ep:Breast-Luminal-Ep,chr10,127535472,127535743
Breast-Basal-Ep:Breast-Luminal-Ep,chr2,241816187,241816281
Breast-Basal-Ep:Breast-Luminal-Ep,chr3,90184856,90185391
Breast-Basal-Ep:Breast-Luminal-Ep,chr22,49421063,49421257
Breast-Basal-Ep:Breast-Luminal-Ep,chr8,5172692,5172794
Breast-Basal-Ep:Breast-Luminal-Ep,chr9,9559677,9560036
Breast-Basal-Ep:Breast-Luminal-Ep,chr20,56703988,56704217
Breast-Basal-Ep:Breast-Luminal-Ep,chr1,241720204,241720588
Breast-Basal-Ep:Breast-Luminal-Ep,chr5,16800515,16800730
Breast-Basal-Ep:Breast-Luminal-Ep,chr8,143128280,143128520
Breast-Basal-Ep:Breast-Luminal-Ep,chr9,103471490,103471947
Breast-Basal-Ep:Breast-Luminal-Ep,chr9,132641528,132641705
Breast-Basal-Ep:Breast-Luminal-Ep,chr1,187292001,187292409
Breast-Basal-Ep:Breast-Luminal-Ep,chr10,85096190,85096776
Breast-Basal-Ep:Breast-Luminal-Ep,chr8,59434482,59434936
Breast-Basal-Ep:Breast-Luminal-Ep,chr9,34230156,34230354
Breast-Basal-Ep:Breast-Luminal-Ep,chr6,169240983,169241270
Breast-Basal-Ep:Breast-Luminal-Ep,chr1,4117791,4117842
Breast-Basal-Ep:Breast-Luminal-Ep,chr1,5837520,5837730
Breast-Basal-Ep:Breast-Luminal-Ep,chr3,16486885,16487381
Breast-Basal-Ep:Breast-Luminal-Ep,chr3,158733861,158734370
Breast-Basal-Ep:Breast-Luminal-Ep,chr14,41419701,41419950
Breast-Basal-Ep:Breast-Luminal-Ep,chr14,71621264,71621858
Breast-Basal-Ep:Breast-Luminal-Ep,chr1,224450382,224450806
Breast-Basal-Ep:Breast-Luminal-Ep,chr2,235147215,235147326
Breast-Basal-Ep:Breast-Luminal-Ep,chr12,117772750,117773028
Breast-Basal-Ep:Breast-Luminal-Ep,chr16,30624160,30624427
Breast-Basal-Ep:Breast-Luminal-Ep,chr11,75802632,75803038
Breast-Basal-Ep:Breast-Luminal-Ep,chr5,18535954,18536092
Breast-Basal-Ep:Breast-Luminal-Ep,chr5,2921710,2921984
Breast-Basal-Ep:Breast-Luminal-Ep,chr3,125108813,125109470
Breast-Basal-Ep:Breast-Luminal-Ep,chr2,240135356,240135405
Breast-Basal-Ep:Breast-Luminal-Ep,chr5,160349344,160349474
Breast-Basal-Ep:Breast-Luminal-Ep,chr20,56206665,56206792
Breast-Basal-Ep:Breast-Luminal-Ep,chr9,119263638,119263904
Breast-Basal-Ep:Breast-Luminal-Ep,chr4,6971690,6971946
Breast-Basal-Ep:Breast-Luminal-Ep,chr10,132981936,132982028
Breast-Basal-Ep:Breast-Luminal-Ep,chr19,13253050,13253267
Breast-Basal-Ep:Breast-Luminal-Ep,chr3,49231821,49232007
Breast-Basal-Ep:Breast-Luminal-Ep,chr15,75671986,75672116
Breast-Basal-Ep:Breast-Luminal-Ep,chr19,46465017,46465136
Breast-Basal-Ep:Breast-Luminal-Ep,chr8,143236168,143236364
Breast-Basal-Ep:Breast-Luminal-Ep,chr10,1488781,1488910
Breast-Basal-Ep:Breast-Luminal-Ep,chr5,14118502,14118682
Breast-Basal-Ep:Breast-Luminal-Ep,chr12,122727105,122727545
Breast-Basal-Ep:Breast-Luminal-Ep,chr10,122768159,122768317
Breast-Basal-Ep:Breast-Luminal-Ep,chr16,3673607,3673867
Breast-Basal-Ep:Breast-Luminal-Ep,chr22,34177032,34177112
Breast-Basal-Ep:Breast-Luminal-Ep,chr4,3737781,3737873
Breast-Basal-Ep:Breast-Luminal-Ep,chr10,128322315,128322613
Breast-Basal-Ep:Breast-Luminal-Ep,chr13,94552609,94553011
Breast-Basal-Ep:Breast-Luminal-Ep,chr5,150501331,150501513
Breast-Basal-Ep:Breast-Luminal-Ep,chr1,242604354,242604426
Breast-Basal-Ep:Breast-Luminal-Ep,chr20,32556401,32556660
Breast-Basal-Ep:Breast-Luminal-Ep,chr13,21625731,21625935
Breast-Basal-Ep:Breast-Luminal-Ep,chr15,22231984,22232402
Breast-Basal-Ep:Breast-Luminal-Ep,chr18,11928057,11928246
Breast-Basal-Ep:Breast-Luminal-Ep,chr9,134830033,134830166
Breast-Basal-Ep:Breast-Luminal-Ep,chrX,7069342,7069487
Breast-Basal-Ep:Breast-Luminal-Ep,chr1,6073676,6074121
Breast-Basal-Ep:Breast-Luminal-Ep,chr17,9909356,9909483
Breast-Basal-Ep:Breast-Luminal-Ep,chr19,22602345,22602713
Breast-Basal-Ep:Breast-Luminal-Ep,chr10,6709432,6709524
Breast-Basal-Ep:Breast-Luminal-Ep,chr5,122343628,122344171
Breast-Basal-Ep:Breast-Luminal-Ep,chr10,133142250,133142296
Breast-Basal-Ep:Breast-Luminal-Ep,chr10,8069685,8070163
Breast-Basal-Ep:Breast-Luminal-Ep,chr11,56357390,56357698
Breast-Basal-Ep:Breast-Luminal-Ep,chr19,45817936,45818037
Breast-Basal-Ep:Breast-Luminal-Ep,chr8,6290316,6290553
Breast-Basal-Ep:Breast-Luminal-Ep,chr13,110342691,110342908
Breast-Basal-Ep:Breast-Luminal-Ep,chr7,463319,463627
Breast-Basal-Ep:Breast-Luminal-Ep,chr8,142253080,142253241
Breast-Basal-Ep:Breast-Luminal-Ep,chr22,49184833,49184948
Breast-Basal-Ep:Breast-Luminal-Ep,chr4,132200658,132200883
Breast-Basal-Ep:Breast-Luminal-Ep,chr22,49589691,49589932
Breast-Basal-Ep:Breast-Luminal-Ep,chr14,106167150,106167356
Breast-Basal-Ep:Breast-Luminal-Ep,chr2,117066692,117066809
Breast-Basal-Ep:Breast-Luminal-Ep,chr12,124303755,124304177
Breast-Basal-Ep:Breast-Luminal-Ep,chr8,35214758,35215019
Breast-Basal-Ep:Breast-Luminal-Ep,chr19,557056,557111
Breast-Basal-Ep:Breast-Luminal-Ep,chr16,73704239,73704558
Breast-Basal-Ep:Breast-Luminal-Ep,chr10,130979463,130979582
Breast-Basal-Ep:Breast-Luminal-Ep,chr13,111646280,111646400
Breast-Basal-Ep:Breast-Luminal-Ep,chr5,178516383,178516498
Breast-Basal-Ep:Breast-Luminal-Ep,chr22,49182620,49182773
Breast-Basal-Ep:Breast-Luminal-Ep,chr22,49590015,49590100
Breast-Basal-Ep:Breast-Luminal-Ep,chr3,184667611,184667691
Breast-Basal-Ep:Breast-Luminal-Ep,chr5,170387445,170387744
Breast-Basal-Ep:Breast-Luminal-Ep,chr2,15757512,15757670
Breast-Basal-Ep:Breast-Luminal-Ep,chr2,83501876,83502903
Breast-Basal-Ep:Breast-Luminal-Ep,chr18,55830670,55830873
Breast-Basal-Ep:Breast-Luminal-Ep,chr3,162047388,162047852
Breast-Basal-Ep:Breast-Luminal-Ep,chr7,157674747,157674928
Breast-Basal-Ep:Breast-Luminal-Ep,chr22,19694105,19694266
Breast-Basal-Ep:Breast-Luminal-Ep,chr2,9145891,9145997
Breast-Basal-Ep:Breast-Luminal-Ep,chr7,139955227,139955496
Breast-Basal-Ep:Breast-Luminal-Ep,chr10,125266879,125267150
Breast-Basal-Ep:Breast-Luminal-Ep,chr13,46425907,46426768
Breast-Basal-Ep:Breast-Luminal-Ep,chr10,133142071,133142146
Breast-Basal-Ep:Breast-Luminal-Ep,chr1,2895059,2895238
Breast-Basal-Ep:Breast-Luminal-Ep,chr11,119187248,119187615
Breast-Basal-Ep:Breast-Luminal-Ep,chr20,38212619,38212854
Breast-Basal-Ep:Breast-Luminal-Ep,chr20,19427171,19427515
Breast-Basal-Ep:Breast-Luminal-Ep,chr4,42108475,42108897
Breast-Basal-Ep:Breast-Luminal-Ep,chr8,57193403,57193510
Breast-Basal-Ep:Breast-Luminal-Ep,chr9,21489099,21489534
Breast-Basal-Ep:Breast-Luminal-Ep,chr3,170807056,170807614
Breast-Basal-Ep:Breast-Luminal-Ep,chr8,46234216,46234351
Breast-Basal-Ep:Breast-Luminal-Ep,chr15,29125381,29125520
Breast-Basal-Ep:Breast-Luminal-Ep,chr16,1116174,1116448
Breast-Basal-Ep:Breast-Luminal-Ep,chr2,231008222,231008447
Breast-Basal-Ep:Breast-Luminal-Ep,chr2,3602765,3602903
Breast-Basal-Ep:Breast-Luminal-Ep,chr10,132981877,132981920
Breast-Basal-Ep:Breast-Luminal-Ep,chr1,3387567,3387704
Breast-Basal-Ep:Breast-Luminal-Ep,chr22,16856967,16857042
Breast-Basal-Ep:Breast-Luminal-Ep,chr2,240163515,240163687
Breast-Basal-Ep:Breast-Luminal-Ep,chr2,97741289,97741405
Breast-Basal-Ep:Breast-Luminal-Ep,chrX,30242163,30242388
Breast-Basal-Ep:Breast-Luminal-Ep,chr10,117555550,117555734
Breast-Basal-Ep:Breast-Luminal-Ep,chr9,133561977,133562265
Breast-Basal-Ep:Breast-Luminal-Ep,chr8,141868474,141868608
Breast-Basal-Ep:Breast-Luminal-Ep,chr20,62689159,62689331
Breast-Basal-Ep:Breast-Luminal-Ep,chr7,17693757,17693836
Breast-Basal-Ep:Breast-Luminal-Ep,chr8,90180743,90181157
Breast-Basal-Ep:Breast-Luminal-Ep,chr4,126202110,126202261
Breast-Basal-Ep:Breast-Luminal-Ep,chr6,168189971,168190206
Breast-Basal-Ep:Breast-Luminal-Ep,chr2,9146053,9146166
Breast-Basal-Ep:Breast-Luminal-Ep,chr21,13368059,13368780
Breast-Basal-Ep:Breast-Luminal-Ep,chr2,240135102,240135241
Breast-Basal-Ep:Breast-Luminal-Ep,chr4,186847053,186848179
Breast-Basal-Ep:Breast-Luminal-Ep,chr12,123877785,123878004
Breast-Basal-Ep:Breast-Luminal-Ep,chr15,62832645,62833050
Breast-Basal-Ep:Breast-Luminal-Ep,chr16,89159476,89159626
Breast-Basal-Ep:Breast-Luminal-Ep,chr14,19638760,19638851
Breast-Basal-Ep:Breast-Luminal-Ep,chr12,118767230,118767411
Breast-Basal-Ep:Breast-Luminal-Ep,chr16,1427531,1427806
Breast-Basal-Ep:Breast-Luminal-Ep,chr12,110965167,110965479
Breast-Basal-Ep:Breast-Luminal-Ep,chr10,131445706,131445846
Breast-Basal-Ep:Breast-Luminal-Ep,chr1,3110847,3110972
Breast-Luminal-Ep,chr1,168098567,168098847
Breast-Luminal-Ep,chr6,83211659,83212045
Breast-Luminal-Ep,chr7,6149150,6149205
Breast-Luminal-Ep,chr19,10184527,10184636
Breast-Luminal-Ep,chr19,1167118,1167263
Breast-Luminal-Ep,chr19,10184993,10185164
Breast-Luminal-Ep,chr10,60171965,60172376
Breast-Luminal-Ep,chr2,9635941,9636275
Breast-Luminal-Ep,chr17,32021074,32021298
Breast-Luminal-Ep,chr19,36117243,36117393
Breast-Luminal-Ep,chr2,235515473,235515719
Breast-Luminal-Ep,chr8,8714786,8714965
Breast-Luminal-Ep,chr1,14954541,14954609
Breast-Luminal-Ep,chr2,26302167,26302789
Breast-Luminal-Ep,chr2,239769786,239769919
Breast-Luminal-Ep,chr2,27210323,27210588
Breast-Luminal-Ep,chr4,56311814,56312051
Breast-Luminal-Ep,chr7,6148624,6149093
Breast-Luminal-Ep,chr4,48299015,48299725
Breast-Luminal-Ep,chr9,9559677,9560036
Breast-Luminal-Ep,chr19,283342,283701
Breast-Luminal-Ep,chr9,136229864,136230019
Breast-Luminal-Ep,chr16,87984040,87984242
Breast-Luminal-Ep,chr4,3215286,3215570
Breast-Luminal-Ep,chr18,14798183,14798394
Breast-Luminal-Ep,chr6,169240983,169241270
Breast-Luminal-Ep,chr10,29666207,29666535
Breast-Luminal-Ep,chr11,101345798,101345986
Breast-Luminal-Ep,chr1,21246882,21247192
Breast-Luminal-Ep,chr5,178098861,178098914
Breast-Luminal-Ep,chr10,8070279,8070848
Breast-Luminal-Ep,chr11,6478129,6478484
Breast-Luminal-Ep,chr17,1945642,1945972
Breast-Luminal-Ep,chr5,150501331,150501513
Breast-Luminal-Ep,chr11,129455005,129455527
Breast-Luminal-Ep,chr17,67401214,67401372
Breast-Luminal-Ep,chr1,55927291,55927382
Breast-Luminal-Ep,chr21,43430300,43430393
Breast-Luminal-Ep,chr17,1620498,1620616
Breast-Luminal-Ep,chr11,233160,233419
Breast-Luminal-Ep,chr17,37188356,37188706
Breast-Luminal-Ep,chr18,75683666,75683806
Breast-Luminal-Ep,chr12,14882527,14883401
Breast-Luminal-Ep,chr6,42429690,42430025
Breast-Luminal-Ep,chr12,5638567,5638732
Breast-Luminal-Ep,chr2,10460569,10460643
Breast-Luminal-Ep,chr13,100086279,100086544
Breast-Luminal-Ep,chr2,233122020,233122279
Breast-Luminal-Ep,chr17,66662138,66662422
Breast-Luminal-Ep,chr2,61244373,61244609
Breast-Luminal-Ep,chr1,204566792,204567105
Breast-Luminal-Ep,chr10,21758554,21758693
Breast-Luminal-Ep,chr7,24235858,24236145
Breast-Luminal-Ep,chr22,27463244,27463434
Breast-Luminal-Ep,chr11,75456858,75457133
Breast-Luminal-Ep,chr8,116219554,116220030
Breast-Luminal-Ep,chr15,40775510,40776265
Breast-Luminal-Ep,chr21,30215539,30215702
Breast-Luminal-Ep,chr2,117376877,117376955
Breast-Luminal-Ep,chr1,41422801,41422862
Breast-Luminal-Ep,chr14,35074831,35075002
Breast-Luminal-Ep,chr6,34538535,34538712
Breast-Luminal-Ep,chr8,139743156,139743294
Breast-Luminal-Ep,chr6,142823136,142823353
Breast-Luminal-Ep,chr12,124580264,124580661
Breast-Luminal-Ep,chr11,110447372,110447758
Breast-Luminal-Ep,chr22,20026661,20027009
Breast-Luminal-Ep,chr1,42127808,42127967
Breast-Luminal-Ep,chr11,70170853,70171214
Breast-Luminal-Ep,chr11,33310551,33310771
Breast-Luminal-Ep,chr4,185244252,185244452
Breast-Luminal-Ep,chr11,3124023,3124155
Breast-Luminal-Ep,chr10,12665808,12665931
Breast-Luminal-Ep,chr2,75597750,75598077
Breast-Luminal-Ep,chr20,61702968,61703051
Breast-Luminal-Ep,chr22,46492729,46493024
Breast-Luminal-Ep,chr14,41419701,41419950
Breast-Luminal-Ep,chr5,3630794,3631142
Breast-Luminal-Ep,chr13,29918408,29918706
Breast-Luminal-Ep,chr1,242604354,242604426
Breast-Luminal-Ep,chr15,48226542,48226725
Breast-Luminal-Ep,chr9,129756235,129756621
Breast-Luminal-Ep,chr3,41794034,41794521
Breast-Luminal-Ep,chr21,38935403,38935632
Breast-Luminal-Ep,chr11,71613351,71613514
Breast-Luminal-Ep,chr16,4640374,4640491
Breast-Luminal-Ep,chr10,29277260,29277598
Breast-Luminal-Ep,chr1,230172389,230172949
Breast-Luminal-Ep,chr8,139758124,139758280
Breast-Luminal-Ep,chr1,32798151,32798792
Breast-Luminal-Ep,chr22,42877426,42877566
Breast-Luminal-Ep,chr7,33868167,33868391
Breast-Luminal-Ep,chr17,3000390,3001520
Breast-Luminal-Ep,chr16,15035444,15035563
Breast-Luminal-Ep,chr3,33070623,33071648
Breast-Luminal-Ep,chr10,21758252,21758463
Breast-Luminal-Ep,chr1,153521617,153521684
Breast-Luminal-Ep,chr12,92291928,92292419
Breast-Luminal-Ep,chr2,236585815,236586255
Breast-Luminal-Ep,chr8,64766632,64767226
Breast-Luminal-Ep,chr8,116045410,116046378
Breast-Luminal-Ep,chr12,11689382,11689950
Breast-Luminal-Ep,chr2,61187449,61188144
Breast-Luminal-Ep,chr16,80607430,80607727
Breast-Luminal-Ep,chr8,37269556,37269706
Breast-Luminal-Ep,chr10,70873805,70874390
Breast-Luminal-Ep,chr7,4832003,4832237
Breast-Luminal-Ep,chr7,149675076,149675326
Breast-Luminal-Ep,chr10,12881973,12882660
Breast-Luminal-Ep,chr1,161087637,161088643
Breast-Luminal-Ep,chr9,137090170,137090529
Breast-Luminal-Ep,chr1,110116836,110117012
Breast-Luminal-Ep,chr3,64255053,64255969
Breast-Luminal-Ep,chr11,126383543,126383701
Breast-Luminal-Ep,chr11,77598030,77598656
Breast-Luminal-Ep,chr19,40322829,40323859
Breast-Luminal-Ep,chr22,29794757,29795217
Breast-Luminal-Ep,chr5,16781802,16782086
Breast-Luminal-Ep,chr14,100047417,100047699
Breast-Luminal-Ep,chr3,45967994,45968192
Breast-Luminal-Ep,chr21,45515593,45516068
Breast-Luminal-Ep,chr1,18462022,18462584
Breast-Luminal-Ep,chr15,79191080,79191325
Breast-Luminal-Ep,chr2,215978617,215979192
Breast-Luminal-Ep,chr11,77106635,77106824
Breast-Luminal-Ep,chr14,104715661,104716154
Breast-Luminal-Ep,chr14,105029525,105029792
Breast-Luminal-Ep,chr16,86185498,86185645
Breast-Luminal-Ep,chr1,36329967,36330142
Breast-Luminal-Ep,chr6,33732297,33732636
Breast-Luminal-Ep,chr6,37759499,37759574
Breast-Luminal-Ep,chr2,138532328,138532552
Breast-Luminal-Ep,chr14,105184303,105184608
Breast-Luminal-Ep,chr12,76443029,76443849
Breast-Luminal-Ep,chr13,46425907,46426768
Breast-Luminal-Ep,chr20,51399469,51399993
Breast-Luminal-Ep,chr7,100433026,100433070
Breast-Luminal-Ep,chr7,132789770,132790425
Breast-Luminal-Ep,chr8,4810542,4810782
Breast-Luminal-Ep,chr9,131092429,131092656
Breast-Luminal-Ep,chr11,65329238,65329401
Breast-Luminal-Ep,chr1,36528216,36528397
Breast-Luminal-Ep,chr3,53803224,53803427
Breast-Luminal-Ep,chr1,175391777,175391998
Breast-Luminal-Ep,chr10,77607187,77607636
Breast-Luminal-Ep,chr12,15215719,15215939
Breast-Luminal-Ep,chr14,56141266,56141648
Breast-Luminal-Ep,chr16,464377,464552
Breast-Luminal-Ep,chr7,70716798,70717095
Breast-Luminal-Ep,chr10,86540333,86540527
Breast-Luminal-Ep,chr6,20105809,20106190
Breast-Luminal-Ep,chr4,140642792,140642922
Breast-Luminal-Ep,chr17,73896562,73896809
Breast-Luminal-Ep,chr2,96540358,96540773
Breast-Luminal-Ep,chr2,120329072,120329438
Breast-Luminal-Ep,chr4,155954241,155954343
Breast-Luminal-Ep,chr2,47305004,47305421
Breast-Luminal-Ep,chr19,10897541,10897729
Breast-Luminal-Ep,chr19,4990582,4990764
Breast-Luminal-Ep,chr18,58119830,58120196
Breast-Luminal-Ep,chr10,369397,369481
Breast-Luminal-Ep,chr1,7983241,7983792
Breast-Luminal-Ep,chr2,9973336,9973862
Breast-Luminal-Ep,chr10,37182838,37182966
Breast-Luminal-Ep,chr4,3214155,3215178
Breast-Luminal-Ep,chr8,60941348,60942222
Breast-Luminal-Ep,chr8,140044000,140044402
Breast-Luminal-Ep,chr4,48298223,48298402
Breast-Luminal-Ep,chr3,187779880,187780621
Breast-Luminal-Ep,chr2,173043996,173044487
Breast-Luminal-Ep,chr4,183422045,183422237
Breast-Luminal-Ep,chr6,167910527,167910876
Breast-Luminal-Ep,chr19,15126901,15127023
Breast-Luminal-Ep,chr6,6911093,6911297
Breast-Luminal-Ep,chr1,113675261,113675784
Breast-Luminal-Ep,chr13,41213412,41214010
Breast-Luminal-Ep,chr6,4937682,4938148
Breast-Luminal-Ep,chr7,48788195,48788536
Breast-Luminal-Ep,chr16,85719476,85719976
Breast-Luminal-Ep,chr6,34539160,34539371
Breast-Luminal-Ep,chr7,127904867,127905600
Breast-Luminal-Ep,chr7,28894035,28894175
Breast-Luminal-Ep,chr3,30150205,30150986
Breast-Luminal-Ep,chr12,110965167,110965479
Breast-Luminal-Ep,chr20,2982121,2982334
Breast-Luminal-Ep,chr1,235679679,235680292
Breast-Luminal-Ep,chr19,283708,283915
Breast-Luminal-Ep,chr10,59837700,59839188
Breast-Luminal-Ep,chr2,6459179,6459307
Breast-Luminal-Ep,chr1,119068189,119068808
Breast-Luminal-Ep,chr6,33730969,33731202
Breast-Luminal-Ep,chr1,17632367,17632390
Breast-Luminal-Ep,chr12,52235275,52235390
Breast-Luminal-Ep,chrX,52489346,52489508
Breast-Luminal-Ep,chr1,19864316,19864482
Breast-Luminal-Ep,chr1,231549607,231550088
Breast-Luminal-Ep,chr15,50228793,50229334
Breast-Luminal-Ep,chr4,186847053,186848179
Breast-Luminal-Ep,chr8,126565052,126565304
Breast-Luminal-Ep,chr9,81624854,81625664
Breast-Luminal-Ep,chr5,11744355,11744605
Breast-Luminal-Ep,chr7,126790254,126790845
Breast-Luminal-Ep,chr3,108456650,108456848
Breast-Luminal-Ep,chr2,129958487,129958682
Breast-Luminal-Ep,chr22,44168383,44168504
Breast-Luminal-Ep,chr5,24735163,24735523
Breast-Luminal-Ep,chr3,124808394,124809023
Breast-Luminal-Ep,chr15,76251646,76252238
Breast-Luminal-Ep,chr12,118152285,118152912
Breast-Luminal-Ep,chr20,58984600,58984980
Breast-Luminal-Ep,chr5,119987172,119987572
Breast-Luminal-Ep,chr13,46479094,46480479
Breast-Luminal-Ep,chr3,46907552,46907929
Breast-Luminal-Ep,chr13,99140994,99141122
Breast-Luminal-Ep,chr2,172955188,172955517
Breast-Luminal-Ep,chr3,198160819,198161469
Breast-Luminal-Ep,chr8,11917918,11918130
Breast-Luminal-Ep,chr5,84018509,84019509
Breast-Luminal-Ep,chr19,34264839,34264926
Breast-Luminal-Ep,chr4,148960576,148961666
Breast-Luminal-Ep,chr2,143365116,143365722
Breast-Luminal-Ep,chr9,93342841,93343139
Breast-Luminal-Ep,chr1,209788502,209788626
Breast-Luminal-Ep,chr5,76386927,76387915
Breast-Luminal-Ep,chr11,67275862,67276091
Breast-Luminal-Ep,chr3,194278643,194278888
Breast-Luminal-Ep,chr6,43780456,43780866
Breast-Luminal-Ep,chr2,179439532,179440286
Breast-Luminal-Ep,chr17,78464609,78464787
Breast-Luminal-Ep,chr8,141357978,141358124
Breast-Luminal-Ep,chr10,86557437,86557515
Breast-Luminal-Ep,chr12,88757491,88758557
Breast-Luminal-Ep,chr1,4976118,4976182
Breast-Luminal-Ep,chr15,29042956,29043160
Breast-Luminal-Ep,chr20,31942529,31942950
Breast-Luminal-Ep,chr20,61188175,61188322
Breast-Luminal-Ep,chr3,12435194,12435988
Breast-Luminal-Ep,chr7,45714042,45714211
Breast-Luminal-Ep,chr12,41321246,41321874
Breast-Luminal-Ep,chr17,47868815,47869040
Breast-Luminal-Ep,chr5,118590401,118591648
Breast-Luminal-Ep,chr5,139277957,139278787
Breast-Luminal-Ep,chr17,74371841,74371970
Breast-Luminal-Ep,chr2,235878370,235878541
Breast-Luminal-Ep,chr2,4518613,4519191
Breast-Luminal-Ep,chr19,30409678,30410076
Breast-Luminal-Ep,chr1,16006264,16006482
Breast-Luminal-Ep,chr3,88428532,88429525
Breast-Luminal-Ep,chr2,72897937,72898262
Breast-Luminal-Ep,chr2,241843719,241843783
Colon-Ep,chr4,48677599,48678487
Colon-Ep,chr10,112492743,112492961
Colon-Ep,chr4,186708174,186708337
Colon-Ep,chr19,17061382,17061644
Colon-Ep,chr1,32316200,32316279
Colon-Ep,chr4,48677319,48677556
Colon-Ep,chr14,61639491,61639511
Colon-Ep,chr15,22835083,22835189
Colon-Ep,chr3,123948366,123948720
Colon-Ep,chr7,105258146,105258194
Colon-Ep,chr16,18873519,18874010
Colon-Ep,chr6,149267641,149267677
Colon-Ep,chr6,4909655,4909863
Colon-Ep,chr12,92322653,92322759
Colon-Ep,chr16,81419838,81420124
Colon-Ep,chr12,104925430,104925587
Colon-Ep,chr18,79699409,79699848
Colon-Ep,chr12,10650722,10650866
Colon-Ep,chr2,241795796,241795994
Colon-Ep,chr13,102610449,102611127
Colon-Ep,chr6,2030403,2031131
Colon-Ep,chr16,30282545,30283105
Colon-Ep,chr2,101025338,101025384
Colon-Ep,chr1,32316048,32316145
Colon-Ep,chr16,66747419,66747639
Colon-Ep,chr8,22243937,22244173
Colon-Ep,chr8,100214371,100215254
Colon-Ep,chr4,113660628,113660834
Colon-Ep,chr10,121282772,121283384
Colon-Ep,chr3,196263822,196263924
Colon-Ep,chr15,92821204,92821546
Colon-Ep,chr10,84416654,84417060
Colon-Ep,chr5,78968509,78968744
Colon-Ep,chr1,167900862,167901279
Colon-Ep,chr2,74096401,74096596
Colon-Ep,chr1,47440183,47440541
Colon-Ep,chr14,69199803,69200025
Colon-Ep,chr10,103374221,103374687
Colon-Ep,chr12,131265823,131265941
Colon-Ep,chr22,28637211,28637304
Colon-Ep,chr22,32791212,32791754
Colon-Ep,chr1,47441178,47442062
Colon-Ep,chr7,73993449,73993800
Colon-Ep,chr5,80258311,80258476
Colon-Ep,chr16,64997020,64997262
Colon-Ep,chr10,6253108,6253285
Colon-Ep,chr2,207173055,207173355
Colon-Ep,chr16,70236189,70236869
Colon-Ep,chr17,18975479,18975970
Colon-Ep,chr20,43605746,43606013
Colon-Ep,chr15,101744413,101744553
Colon-Ep,chr15,32701103,32701182
Colon-Ep,chr12,77244000,77244106
Colon-Ep,chr1,47702167,47702572
Colon-Ep,chr13,66230638,66230733
Colon-Ep,chr12,95549827,95549977
Colon-Ep,chr5,81180188,81180493
Colon-Ep,chr3,158148972,158149119
Colon-Ep,chr15,101743047,101743302
Colon-Ep,chr3,42775557,42776302
Colon-Ep,chr1,9048948,9049574
Colon-Ep,chr3,33647557,33647851
Colon-Ep,chr4,101123525,101123647
Colon-Ep,chr1,47442300,47442773
Colon-Ep,chr3,73048496,73048634
Colon-Ep,chr4,9146818,9147161
Colon-Ep,chr20,14057749,14058232
Colon-Ep,chr2,7286664,7286887
Colon-Ep,chr7,94508894,94509076
Colon-Ep,chr13,66559509,66559597
Colon-Ep,chr11,75715492,75716245
Colon-Ep,chr12,77368264,77368479
Colon-Ep,chr16,14876696,14877100
Colon-Ep,chr6,149267741,149267933
Colon-Ep,chr8,94632968,94633083
Colon-Ep,chr9,133232382,133232488
Colon-Ep,chr15,74928676,74929535
Colon-Ep,chr9,112782088,112782309
Colon-Ep,chr1,1110257,1110409
Colon-Ep,chr2,199472414,199473014
Colon-Ep,chr9,13148883,13149244
Colon-Ep,chr10,110186348,110186449
Colon-Ep,chr7,117535658,117535830
Colon-Ep,chr4,38048777,38049343
Colon-Ep,chr3,72569607,72569878
Colon-Ep,chr3,196265998,196266300
Colon-Ep,chr5,57056392,57056802
Colon-Ep,chr4,23649141,23649446
Colon-Ep,chr15,40701539,40702132
Colon-Ep,chr5,76478349,76478590
Colon-Ep,chr12,131939295,131939479
Colon-Ep,chr19,34300371,34301493
Colon-Ep,chr12,89378372,89378615
Colon-Ep,chr3,32743582,32743904
Colon-Ep,chr5,126680896,126681171
Colon-Ep,chr7,66473024,66473953
Colon-Ep,chr15,99809438,99809668
Colon-Ep,chr8,69535966,69536161
Colon-Ep,chr4,164771495,164771629
Colon-Ep,chr7,107843325,107843491
Colon-Ep,chr8,100219510,100219861
Colon-Ep,chr8,140333579,140334279
Colon-Ep,chr15,50790647,50790834
Colon-Ep,chr13,110441355,110441559
Colon-Ep,chr11,14542827,14543111
Colon-Ep,chr11,77678909,77679256
Colon-Ep,chr1,17514880,17514993
Colon-Ep,chr22,43128609,43128866
Colon-Ep,chr2,240000604,240000882
Colon-Ep,chr13,101679185,101679248
Colon-Ep,chr21,38119302,38119704
Colon-Ep,chr1,84304219,84305349
Colon-Ep,chr6,35141613,35141722
Colon-Ep,chr14,73647869,73648103
Colon-Ep,chr2,182797517,182797743
Colon-Ep,chr3,122367404,122368244
Colon-Ep,chr1,225886673,225886888
Colon-Ep,chr17,79010590,79010734
Colon-Ep,chr8,17311478,17311655
Colon-Ep,chr12,131265621,131265790
Colon-Ep,chr22,20965726,20965962
Colon-Ep,chr2,62004369,62004888
Colon-Ep,chr2,240000913,240001153
Colon-Ep,chr10,103370428,103370623
Colon-Ep,chr9,130004177,130004759
Colon-Ep,chr9,35248549,35248928
Colon-Ep,chr19,41709657,41709895
Colon-Ep,chr22,44035006,44035347
Colon-Ep,chr13,66230007,66230320
Colon-Ep,chr16,67678214,67678458
Colon-Ep,chr7,2047069,2047262
Colon-Ep,chr6,134010733,134011340
Colon-Ep,chr19,14491805,14492023
Colon-Ep,chr7,139284302,139284828
Colon-Ep,chr6,167935156,167935955
Colon-Ep,chr10,84174171,84175652
Colon-Ep,chr2,199442340,199442603
Colon-Ep,chr12,77243247,77243631
Colon-Ep,chr2,151438059,151439004
Colon-Ep,chr5,17324210,17324464
Colon-Ep,chr9,6483273,6483672
Colon-Ep,chr1,168088368,168088876
Colon-Ep,chr15,28120009,28120300
Colon-Ep,chr15,42803374,42803843
Colon-Ep,chr17,208724,208994
Colon-Ep,chr1,232364318,232365469
Colon-Ep,chr2,17649307,17649495
Colon-Ep,chr2,203572362,203572537
Colon-Ep,chr10,86876536,86876751
Colon-Ep,chr17,28729500,28729932
Colon-Ep,chr20,13223300,13223569
Colon-Ep,chr5,123439767,123440278
Colon-Ep,chr4,20635470,20635672
Colon-Ep,chr8,37767654,37768496
Colon-Ep,chr10,38084879,38085414
Colon-Ep,chr2,199475303,199475969
Colon-Ep,chr19,41711671,41711995
Colon-Ep,chr8,68856947,68857066
Colon-Ep,chr9,130059285,130059411
Colon-Ep,chr3,186554036,186554349
Colon-Ep,chr12,106837861,106838432
Colon-Ep,chr3,54322981,54323074
Colon-Ep,chr8,27686043,27686610
Colon-Ep,chr1,230602923,230603799
Colon-Ep,chr7,66472763,66473004
Colon-Ep,chr1,184598601,184599096
Colon-Ep,chr2,1640528,1640992
Colon-Ep,chr1,107681642,107681903
Colon-Ep,chr13,73654006,73654834
Colon-Ep,chr5,45081045,45081623
Colon-Ep,chr21,33989860,33990206
Colon-Ep,chr16,84093354,84093553
Colon-Ep,chr10,43877088,43877493
Colon-Ep,chr16,11785820,11785911
Colon-Ep,chr1,81846382,81847175
Colon-Ep,chr5,80152678,80153383
Colon-Ep,chr15,75181326,75181607
Colon-Ep,chr3,146500151,146500774
Colon-Ep,chr6,158328671,158328929
Colon-Ep,chr6,153127645,153127978
Colon-Ep,chr2,199473088,199474011
Colon-Ep,chr9,37625950,37626156
Colon-Ep,chr1,230604080,230604581
Colon-Ep,chr8,140584615,140584956
Colon-Ep,chr21,36955585,36956545
Colon-Ep,chr2,101024768,101025198
Colon-Ep,chr1,231935632,231935938
Colon-Ep,chr9,112840872,112841042
Colon-Ep,chr3,12575868,12576411
Colon-Ep,chr15,63319242,63319775
Colon-Ep,chr21,31685968,31686259
Colon-Ep,chr1,1160442,1160800
Colon-Ep,chr2,182900501,182900572
Colon-Ep,chr3,125756000,125756252
Colon-Ep,chr1,230601185,230601735
Colon-Ep,chr15,100614845,100615730
Colon-Ep,chr10,21272186,21272364
Colon-Ep,chr3,117351194,117351592
Colon-Ep,chr7,142638171,142638529
Colon-Ep,chr5,61380547,61381307
Colon-Ep,chr5,32332816,32333123
Colon-Ep,chr11,1218658,1218912
Colon-Ep,chr5,107764316,107765045
Colon-Ep,chr17,1888044,1888258
Colon-Ep,chr2,42622596,42623443
Colon-Ep,chr9,16855606,16855770
Colon-Ep,chr3,122351350,122351624
Colon-Ep,chr6,108132336,108132822
Colon-Ep,chr6,135355618,135356058
Colon-Ep,chr16,79428945,79429080
Colon-Ep,chr6,78953828,78954157
Colon-Ep,chr6,156588784,156589110
Colon-Ep,chr1,232633592,232633637
Colon-Ep,chr2,241794628,241794995
Colon-Ep,chr2,69192383,69192547
Colon-Ep,chr12,131938807,131938993
Colon-Ep,chr5,65922024,65922798
Colon-Ep,chr11,75431993,75432185
Colon-Ep,chr6,136411634,136411927
Colon-Ep,chr10,78873502,78873772
Colon-Ep,chr13,99197829,99198268
Colon-Ep,chr4,81460685,81461278
Colon-Ep,chr7,2046874,2047010
Colon-Ep,chr1,224798676,224798817
Colon-Ep,chr11,6520269,6520943
Colon-Ep,chr3,133618425,133619368
Colon-Ep,chr7,4896952,4897520
Colon-Ep,chr6,14176801,14177636
Colon-Ep,chr6,111424930,111425225
Colon-Ep,chr20,58600346,58600619
Colon-Ep,chr19,56127335,56127589
Colon-Ep,chr7,2062997,2063317
Colon-Ep,chr16,71427398,71427864
Colon-Ep,chr11,1344231,1344321
Colon-Ep,chr19,13894913,13895401
Colon-Ep,chr15,67768316,67768815
Colon-Ep,chr18,41730194,41731032
Colon-Ep,chr11,114555504,114555702
Colon-Ep,chr10,5744583,5744826
Colon-Ep,chr6,109195838,109196144
Colon-Ep,chr17,60515759,60515994
Colon-Ep,chr15,23433334,23434095
Colon-Ep,chr9,130901231,130901391
Colon-Ep,chr7,98275353,98275676
Colon-Ep,chr9,81592234,81592382
Colon-Ep,chr1,84273150,84274091
Colon-Ep,chr14,100124947,100125294
Colon-Ep,chr3,63906943,63907740
Colon-Ep,chr6,31145174,31145250
Colon-Ep,chr17,10801136,10801290
Colon-Ep:Gastric-Ep:Small-Int-Ep,chr13,30133742,30133838
Colon-Ep:Gastric-Ep:Small-Int-Ep,chr17,72413313,72413677
Colon-Ep:Gastric-Ep:Small-Int-Ep,chr20,53343246,53343317
Colon-Ep:Gastric-Ep:Small-Int-Ep,chr14,77674713,77675366
Colon-Ep:Gastric-Ep:Small-Int-Ep,chr4,38538932,38539012
Colon-Ep:Gastric-Ep:Small-Int-Ep,chr20,6690752,6690951
Colon-Ep:Gastric-Ep:Small-Int-Ep,chr11,57783332,57783516
Colon-Ep:Gastric-Ep:Small-Int-Ep,chr13,30133322,30133636
Colon-Ep:Gastric-Ep:Small-Int-Ep,chr7,55078130,55078313
Colon-Ep:Gastric-Ep:Small-Int-Ep,chr5,98776808,98777082
Colon-Ep:Gastric-Ep:Small-Int-Ep,chr2,240605484,240605976
Colon-Ep:Gastric-Ep:Small-Int-Ep,chr2,105652111,105652355
Colon-Ep:Gastric-Ep:Small-Int-Ep,chr1,1159610,1159763
Colon-Ep:Gastric-Ep:Small-Int-Ep,chr10,72679756,72680291
Colon-Ep:Gastric-Ep:Small-Int-Ep,chr3,18623240,18623543
Colon-Ep:Gastric-Ep:Small-Int-Ep,chr16,15726657,15727100
Colon-Ep:Gastric-Ep:Small-Int-Ep,chr2,231094141,231095019
Colon-Ep:Gastric-Ep:Small-Int-Ep,chr1,1127595,1127807
Colon-Ep:Gastric-Ep:Small-Int-Ep,chr19,19580393,19580807
Colon-Ep:Gastric-Ep:Small-Int-Ep,chr17,59848211,59848395
Colon-Ep:Gastric-Ep:Small-Int-Ep,chr5,128086950,128087642
Colon-Ep:Gastric-Ep:Small-Int-Ep,chr3,71531075,71531218
Colon-Ep:Gastric-Ep:Small-Int-Ep,chr14,70391481,70392018
Colon-Ep:Gastric-Ep:Small-Int-Ep,chr8,127570204,127570695
Colon-Ep:Gastric-Ep:Small-Int-Ep,chr8,22460970,22461134
Colon-Ep:Gastric-Ep:Small-Int-Ep,chr11,66353274,66353648
Colon-Ep:Gastric-Ep:Small-Int-Ep,chr1,207869847,207870362
Colon-Ep:Gastric-Ep:Small-Int-Ep,chr3,189396915,189397191
Colon-Ep:Gastric-Ep:Small-Int-Ep,chr19,37924570,37924824
Colon-Ep:Gastric-Ep:Small-Int-Ep,chr19,50176821,50177073
Colon-Ep:Gastric-Ep:Small-Int-Ep,chr11,113725901,113726461
Colon-Ep:Gastric-Ep:Small-Int-Ep,chr7,794738,795265
Colon-Ep:Gastric-Ep:Small-Int-Ep,chr12,32898959,32899345
Colon-Ep:Gastric-Ep:Small-Int-Ep,chr16,69723964,69724228
Colon-Ep:Gastric-Ep:Small-Int-Ep,chr6,26163216,26163745
Colon-Ep:Gastric-Ep:Small-Int-Ep,chr2,65185933,65186165
Colon-Ep:Gastric-Ep:Small-Int-Ep,chr3,8487404,8487483
Colon-Ep:Gastric-Ep:Small-Int-Ep,chr1,230969002,230969119
Colon-Ep:Gastric-Ep:Small-Int-Ep,chr6,154962053,154962273
Colon-Ep:Gastric-Ep:Small-Int-Ep,chr12,124239345,124239511
Colon-Ep:Gastric-Ep:Small-Int-Ep,chr20,54066095,54066198
Colon-Ep:Gastric-Ep:Small-Int-Ep,chr11,94539240,94539415
Colon-Ep:Gastric-Ep:Small-Int-Ep,chr19,45005728,45006659
Colon-Ep:Gastric-Ep:Small-Int-Ep,chr1,160976198,160976271
Colon-Ep:Gastric-Ep:Small-Int-Ep,chr3,23508733,23508998
Colon-Ep:Gastric-Ep:Small-Int-Ep,chr7,55078341,55078563
Colon-Ep:Gastric-Ep:Small-Int-Ep,chr10,109995360,109995678
Colon-Ep:Gastric-Ep:Small-Int-Ep,chr3,170039430,170039704
Colon-Ep:Gastric-Ep:Small-Int-Ep,chr1,35888430,35888567
Colon-Ep:Gastric-Ep:Small-Int-Ep,chr2,32804299,32804953
Colon-Ep:Gastric-Ep:Small-Int-Ep,chr7,134431652,134431806
Colon-Ep:Gastric-Ep:Small-Int-Ep,chr9,94607347,94607543
Colon-Ep:Gastric-Ep:Small-Int-Ep,chr11,4108261,4108426
Colon-Ep:Gastric-Ep:Small-Int-Ep,chr18,2639106,2639192
Colon-Ep:Gastric-Ep:Small-Int-Ep,chr10,24569137,24569244
Colon-Ep:Gastric-Ep:Small-Int-Ep,chr1,1655398,1655720
Colon-Ep:Gastric-Ep:Small-Int-Ep,chr10,62023879,62024202
Colon-Ep:Gastric-Ep:Small-Int-Ep,chr8,143173569,143173610
Colon-Ep:Gastric-Ep:Small-Int-Ep,chr7,23709688,23709956
Colon-Ep:Gastric-Ep:Small-Int-Ep,chr5,16879899,16880007
Colon-Ep:Gastric-Ep:Small-Int-Ep,chr3,194039202,194039432
Colon-Ep:Gastric-Ep:Small-Int-Ep,chr11,2740484,2740624
Colon-Ep:Gastric-Ep:Small-Int-Ep,chr11,65822796,65822943
Colon-Ep:Gastric-Ep:Small-Int-Ep,chr20,6766704,6766919
Colon-Ep:Gastric-Ep:Small-Int-Ep,chr20,9330035,9330634
Colon-Ep:Gastric-Ep:Small-Int-Ep,chr1,1135810,1136003
Colon-Ep:Gastric-Ep:Small-Int-Ep,chr8,144391312,144391425
Colon-Ep:Gastric-Ep:Small-Int-Ep,chr11,118693426,118693754
Colon-Ep:Gastric-Ep:Small-Int-Ep,chr16,78849528,78849839
Colon-Ep:Gastric-Ep:Small-Int-Ep,chr21,42463075,42463662
Colon-Ep:Gastric-Ep:Small-Int-Ep,chr17,39918821,39918968
Colon-Ep:Gastric-Ep:Small-Int-Ep,chr15,85227213,85228061
Colon-Ep:Gastric-Ep:Small-Int-Ep,chr8,8876452,8876551
Colon-Ep:Gastric-Ep:Small-Int-Ep,chr19,17798233,17798442
Colon-Ep:Gastric-Ep:Small-Int-Ep,chr17,72412993,72413232
Colon-Ep:Gastric-Ep:Small-Int-Ep,chr11,130645179,130645419
Colon-Ep:Gastric-Ep:Small-Int-Ep,chr6,47508568,47508702
Colon-Ep:Gastric-Ep:Small-Int-Ep,chr2,57781209,57781583
Colon-Ep:Gastric-Ep:Small-Int-Ep,chr15,56445646,56446045
Colon-Ep:Gastric-Ep:Small-Int-Ep,chr17,65864484,65864688
Colon-Ep:Gastric-Ep:Small-Int-Ep,chr21,41227998,41228263
Colon-Ep:Gastric-Ep:Small-Int-Ep,chr16,75535931,75536277
Colon-Ep:Gastric-Ep:Small-Int-Ep,chr9,133425969,133426308
Colon-Ep:Gastric-Ep:Small-Int-Ep,chr18,49585901,49586083
Colon-Ep:Gastric-Ep:Small-Int-Ep,chr22,18831857,18833231
Colon-Ep:Gastric-Ep:Small-Int-Ep,chr21,38527871,38527982
Colon-Ep:Gastric-Ep:Small-Int-Ep,chr16,28480469,28481397
Colon-Ep:Gastric-Ep:Small-Int-Ep,chr7,74786698,74786794
Colon-Ep:Gastric-Ep:Small-Int-Ep,chr1,67105054,67105156
Colon-Ep:Gastric-Ep:Small-Int-Ep,chr1,7678815,7679108
Colon-Ep:Gastric-Ep:Small-Int-Ep,chr19,55703039,55703234
Colon-Ep:Gastric-Ep:Small-Int-Ep,chrY,19732711,19733079
Colon-Ep:Gastric-Ep:Small-Int-Ep,chr22,31220684,31221452
Colon-Ep:Gastric-Ep:Small-Int-Ep,chr1,11395365,11395425
Colon-Ep:Gastric-Ep:Small-Int-Ep,chr1,99976372,99977395
Colon-Ep:Gastric-Ep:Small-Int-Ep,chr1,10759053,10759428
Colon-Ep:Gastric-Ep:Small-Int-Ep,chr5,140228162,140228709
Colon-Ep:Gastric-Ep:Small-Int-Ep,chr20,64030993,64031114
Colon-Ep:Gastric-Ep:Small-Int-Ep,chr2,131168569,131168872
Colon-Ep:Gastric-Ep:Small-Int-Ep,chr19,1787589,1787678
Colon-Ep:Gastric-Ep:Small-Int-Ep,chr17,15952147,15952541
Colon-Ep:Gastric-Ep:Small-Int-Ep,chr21,15760937,15761404
Colon-Ep:Gastric-Ep:Small-Int-Ep,chr22,32410007,32410332
Colon-Ep:Gastric-Ep:Small-Int-Ep,chr3,184800278,184800534
Colon-Ep:Gastric-Ep:Small-Int-Ep,chr22,48783835,48784040
Colon-Ep:Gastric-Ep:Small-Int-Ep,chr8,39780898,39781070
Colon-Ep:Gastric-Ep:Small-Int-Ep,chr3,33356382,33356453
Colon-Ep:Gastric-Ep:Small-Int-Ep,chr16,84982172,84982324
Colon-Ep:Gastric-Ep:Small-Int-Ep,chr1,1721065,1721354
Colon-Ep:Gastric-Ep:Small-Int-Ep,chr6,32771069,32771201
Colon-Ep:Gastric-Ep:Small-Int-Ep,chr17,17563740,17563921
Colon-Ep:Gastric-Ep:Small-Int-Ep,chr10,61861030,61861550
Colon-Ep:Gastric-Ep:Small-Int-Ep,chr3,48940789,48940952
Colon-Ep:Gastric-Ep:Small-Int-Ep,chr11,68296718,68296919
Colon-Ep:Gastric-Ep:Small-Int-Ep,chr10,113757201,113757595
Colon-Ep:Gastric-Ep:Small-Int-Ep,chr5,142181241,142181525
Colon-Ep:Gastric-Ep:Small-Int-Ep,chr1,232631448,232631785
Colon-Ep:Gastric-Ep:Small-Int-Ep,chr1,109797272,109797543
Colon-Ep:Gastric-Ep:Small-Int-Ep,chr3,196280410,196280646
Colon-Ep:Gastric-Ep:Small-Int-Ep,chr2,218264729,218264851
Colon-Ep:Gastric-Ep:Small-Int-Ep,chr5,168655826,168656226
Colon-Ep:Gastric-Ep:Small-Int-Ep,chr6,2243955,2244237
Colon-Ep:Gastric-Ep:Small-Int-Ep,chr12,124238659,124238792
Colon-Ep:Gastric-Ep:Small-Int-Ep,chr19,55702887,55702990
Colon-Ep:Gastric-Ep:Small-Int-Ep,chr7,77695302,77695404
Colon-Ep:Gastric-Ep:Small-Int-Ep,chr5,171823444,171823849
Colon-Ep:Gastric-Ep:Small-Int-Ep,chr5,35186858,35187067
Colon-Ep:Gastric-Ep:Small-Int-Ep,chr15,34362762,34363034
Colon-Ep:Gastric-Ep:Small-Int-Ep,chr1,6551706,6551859
Colon-Ep:Gastric-Ep:Small-Int-Ep,chr17,48268680,48268810
Colon-Ep:Gastric-Ep:Small-Int-Ep,chr17,17238857,17238996
Colon-Ep:Gastric-Ep:Small-Int-Ep,chr2,65186854,65187005
Colon-Ep:Gastric-Ep:Small-Int-Ep,chr20,62430021,62430094
Colon-Ep:Gastric-Ep:Small-Int-Ep,chr2,85347587,85348167
Colon-Ep:Gastric-Ep:Small-Int-Ep,chr16,84565953,84566228
Colon-Ep:Gastric-Ep:Small-Int-Ep,chr17,77232812,77232883
Colon-Ep:Gastric-Ep:Small-Int-Ep,chr5,55517908,55518123
Colon-Ep:Gastric-Ep:Small-Int-Ep,chr12,51400391,51401021
Colon-Ep:Gastric-Ep:Small-Int-Ep,chr1,1158957,1159282
Colon-Ep:Gastric-Ep:Small-Int-Ep,chr13,106099592,106099754
Colon-Ep:Gastric-Ep:Small-Int-Ep,chr14,100146475,100146635
Colon-Ep:Gastric-Ep:Small-Int-Ep,chr7,155998817,155998920
Colon-Ep:Gastric-Ep:Small-Int-Ep,chr5,7766324,7766466
Colon-Ep:Gastric-Ep:Small-Int-Ep,chr6,15161980,15162059
Colon-Ep:Gastric-Ep:Small-Int-Ep,chr1,1127288,1127428
Colon-Ep:Gastric-Ep:Small-Int-Ep,chr3,65638470,65638673
Colon-Ep:Gastric-Ep:Small-Int-Ep,chr16,11262981,11263086
Colon-Ep:Gastric-Ep:Small-Int-Ep,chr12,122115313,122115417
Colon-Ep:Gastric-Ep:Small-Int-Ep,chr5,149612402,149612459
Colon-Ep:Gastric-Ep:Small-Int-Ep,chr5,98782257,98782701
Colon-Ep:Gastric-Ep:Small-Int-Ep,chr2,232594823,232595134
Colon-Ep:Gastric-Ep:Small-Int-Ep,chr20,6094550,6095339
Colon-Ep:Gastric-Ep:Small-Int-Ep,chr1,22702100,22702427
Colon-Ep:Gastric-Ep:Small-Int-Ep,chr19,10482478,10482600
Colon-Ep:Gastric-Ep:Small-Int-Ep,chr6,39108323,39108753
Colon-Ep:Gastric-Ep:Small-Int-Ep,chr16,1395512,1395708
Colon-Ep:Gastric-Ep:Small-Int-Ep,chr2,76672747,76673539
Colon-Ep:Gastric-Ep:Small-Int-Ep,chr1,99977685,99977908
Colon-Ep:Gastric-Ep:Small-Int-Ep,chr10,47571041,47572108
Colon-Ep:Gastric-Ep:Small-Int-Ep,chr14,104081558,104081767
Colon-Ep:Gastric-Ep:Small-Int-Ep,chr20,35040748,35040942
Colon-Ep:Gastric-Ep:Small-Int-Ep,chr17,2807085,2807140
Colon-Ep:Gastric-Ep:Small-Int-Ep,chr12,122114838,122115111
Colon-Ep:Gastric-Ep:Small-Int-Ep,chr16,80703691,80704003
Colon-Ep:Gastric-Ep:Small-Int-Ep,chr21,45506385,45506617
Colon-Ep:Gastric-Ep:Small-Int-Ep,chr2,96048740,96048834
Colon-Ep:Gastric-Ep:Small-Int-Ep,chr5,150584490,150584954
Colon-Ep:Gastric-Ep:Small-Int-Ep,chr20,32256035,32256225
Colon-Ep:Gastric-Ep:Small-Int-Ep,chr3,12691516,12691609
Colon-Ep:Gastric-Ep:Small-Int-Ep,chr3,15245669,15246419
Colon-Ep:Gastric-Ep:Small-Int-Ep,chr4,152950560,152951063
Colon-Ep:Gastric-Ep:Small-Int-Ep,chr1,204452024,204452950
Colon-Ep:Gastric-Ep:Small-Int-Ep,chr12,121599172,121599437
Colon-Ep:Gastric-Ep:Small-Int-Ep,chr20,51760762,51760895
Colon-Ep:Gastric-Ep:Small-Int-Ep,chr12,94787064,94787152
Colon-Ep:Gastric-Ep:Small-Int-Ep,chr8,2051861,2051943
Colon-Ep:Gastric-Ep:Small-Int-Ep,chr1,80206587,80206648
Colon-Ep:Gastric-Ep:Small-Int-Ep,chr1,87885013,87885753
Colon-Ep:Gastric-Ep:Small-Int-Ep,chr6,28954765,28955150
Colon-Ep:Gastric-Ep:Small-Int-Ep,chr3,182821140,182822020
Colon-Ep:Gastric-Ep:Small-Int-Ep,chr16,88616987,88617443
Colon-Ep:Gastric-Ep:Small-Int-Ep,chr14,77817134,77817221
Colon-Ep:Gastric-Ep:Small-Int-Ep,chr16,574231,574310
Colon-Ep:Gastric-Ep:Small-Int-Ep,chr3,169269957,169270711
Colon-Ep:Gastric-Ep:Small-Int-Ep,chr5,98516876,98517566
Colon-Ep:Gastric-Ep:Small-Int-Ep,chr7,913672,913792
Colon-Ep:Gastric-Ep:Small-Int-Ep,chr12,50276328,50276642
Colon-Ep:Gastric-Ep:Small-Int-Ep,chr10,109997161,109997905
Colon-Ep:Gastric-Ep:Small-Int-Ep,chr6,130956249,130956308
Colon-Ep:Gastric-Ep:Small-Int-Ep,chr10,101777964,101778639
Colon-Ep:Gastric-Ep:Small-Int-Ep,chr3,23709118,23709354
Colon-Ep:Gastric-Ep:Small-Int-Ep,chr17,50321125,50321178
Colon-Ep:Gastric-Ep:Small-Int-Ep,chr21,17429191,17429314
Colon-Ep:Gastric-Ep:Small-Int-Ep,chr11,107758868,107759026
Colon-Ep:Gastric-Ep:Small-Int-Ep,chr19,41172052,41172237
Colon-Ep:Gastric-Ep:Small-Int-Ep,chr17,1270030,1270107
Colon-Ep:Gastric-Ep:Small-Int-Ep,chr2,28496124,28496419
Colon-Ep:Gastric-Ep:Small-Int-Ep,chr9,98057991,98058176
Colon-Ep:Gastric-Ep:Small-Int-Ep,chr5,176405582,176405718
Colon-Ep:Gastric-Ep:Small-Int-Ep,chrY,21182091,21182882
Colon-Ep:Gastric-Ep:Small-Int-Ep,chr20,35410007,35410262
Colon-Ep:Gastric-Ep:Small-Int-Ep,chr21,45506262,45506369
Colon-Ep:Gastric-Ep:Small-Int-Ep,chr10,132493840,132493958
Colon-Ep:Gastric-Ep:Small-Int-Ep,chr6,147709861,147710265
Colon-Ep:Gastric-Ep:Small-Int-Ep,chr7,103241643,103241715
Colon-Ep:Gastric-Ep:Small-Int-Ep,chr1,155564694,155564949
Colon-Ep:Gastric-Ep:Small-Int-Ep,chr5,160305995,160306144
Colon-Ep:Gastric-Ep:Small-Int-Ep,chr8,144396777,144397155
Colon-Ep:Gastric-Ep:Small-Int-Ep,chr9,110214913,110215740
Colon-Ep:Gastric-Ep:Small-Int-Ep,chr1,178507008,178507073
Colon-Ep:Gastric-Ep:Small-Int-Ep,chr5,96667989,96668681
Colon-Ep:Gastric-Ep:Small-Int-Ep,chr19,41167827,41168022
Colon-Ep:Gastric-Ep:Small-Int-Ep,chr10,1107513,1107786
Colon-Ep:Gastric-Ep:Small-Int-Ep,chr13,27248037,27248290
Colon-Ep:Gastric-Ep:Small-Int-Ep,chr1,3222906,3223084
Colon-Ep:Gastric-Ep:Small-Int-Ep,chr5,128109925,128111122
Colon-Ep:Gastric-Ep:Small-Int-Ep,chr3,13066736,13066859
Colon-Ep:Gastric-Ep:Small-Int-Ep,chr15,72137293,72137769
Colon-Ep:Gastric-Ep:Small-Int-Ep,chr17,80178529,80178698
Colon-Ep:Gastric-Ep:Small-Int-Ep,chr7,159036911,159037063
Colon-Ep:Gastric-Ep:Small-Int-Ep,chr12,124396608,124396741
Colon-Ep:Gastric-Ep:Small-Int-Ep,chr12,7216198,7216560
Colon-Ep:Gastric-Ep:Small-Int-Ep,chr22,50441037,50441071
Colon-Ep:Gastric-Ep:Small-Int-Ep,chr11,1086751,1086862
Colon-Ep:Gastric-Ep:Small-Int-Ep,chr19,41166579,41166799
Colon-Ep:Gastric-Ep:Small-Int-Ep,chr22,50446979,50447077
Colon-Ep:Gastric-Ep:Small-Int-Ep,chr7,5810446,5810651
Colon-Ep:Gastric-Ep:Small-Int-Ep,chr20,50184739,50184977
Colon-Ep:Gastric-Ep:Small-Int-Ep,chr1,22263082,22263301
Colon-Ep:Gastric-Ep:Small-Int-Ep,chr8,8722830,8722878
Colon-Ep:Gastric-Ep:Small-Int-Ep,chr18,22114954,22115295
Colon-Ep:Gastric-Ep:Small-Int-Ep,chr11,4175951,4176022
Colon-Ep:Gastric-Ep:Small-Int-Ep,chr11,76920739,76921332
Colon-Ep:Gastric-Ep:Small-Int-Ep,chr8,144354913,144355028
Colon-Ep:Gastric-Ep:Small-Int-Ep,chr17,40688523,40688736
Colon-Ep:Gastric-Ep:Small-Int-Ep,chr7,102588870,102589845
Colon-Ep:Gastric-Ep:Small-Int-Ep,chr2,43965350,43965608
Colon-Ep:Gastric-Ep:Small-Int-Ep,chr19,931587,931640
Colon-Ep:Gastric-Ep:Small-Int-Ep,chr12,124875403,124875545
Colon-Ep:Gastric-Ep:Small-Int-Ep,chr11,31947246,31947475
Colon-Ep:Gastric-Ep:Small-Int-Ep,chr15,22494267,22494313
Colon-Ep:Gastric-Ep:Small-Int-Ep,chr3,182726945,182727330
Colon-Ep:Gastric-Ep:Small-Int-Ep,chr2,55314595,55315190
Colon-Ep:Gastric-Ep:Small-Int-Ep,chrX,47432484,47432639
Colon-Ep:Gastric-Ep:Small-Int-Ep,chr6,118619172,118619424
Colon-Ep:Gastric-Ep:Small-Int-Ep,chr1,17121773,17121866
Colon-Ep:Gastric-Ep:Small-Int-Ep,chr17_KI270909v1_alt,236006,237384
Colon-Ep:Gastric-Ep:Small-Int-Ep,chr3,142603516,142603643
Colon-Ep:Gastric-Ep:Small-Int-Ep,chr10,97722006,97722058
Colon-Ep:Gastric-Ep:Small-Int-Ep,chr17,68152439,68152664
Colon-Ep:Small-Int-Ep,chr7,11079827,11080301
Colon-Ep:Small-Int-Ep,chr16,87456169,87456347
Colon-Ep:Small-Int-Ep,chr2,199942089,199942314
Colon-Ep:Small-Int-Ep,chr1,77992816,77993020
Colon-Ep:Small-Int-Ep,chr9,136603352,136603569
Colon-Ep:Small-Int-Ep,chr2,8709763,8709937
Colon-Ep:Small-Int-Ep,chr6,2309125,2309530
Colon-Ep:Small-Int-Ep,chr14,55201634,55201819
Colon-Ep:Small-Int-Ep,chr19,2278617,2278710
Colon-Ep:Small-Int-Ep,chr15,72466079,72466849
Colon-Ep:Small-Int-Ep,chr21,44093478,44093651
Colon-Ep:Small-Int-Ep,chr8,37655749,37655780
Colon-Ep:Small-Int-Ep,chr6,160090944,160091497
Colon-Ep:Small-Int-Ep,chr2,105068710,105069318
Colon-Ep:Small-Int-Ep,chr2,224966483,224967205
Colon-Ep:Small-Int-Ep,chr3,67699373,67699647
Colon-Ep:Small-Int-Ep,chr22,20503108,20503366
Colon-Ep:Small-Int-Ep,chr17,82577522,82577958
Colon-Ep:Small-Int-Ep,chr3,142071259,142071908
Colon-Ep:Small-Int-Ep,chr8,8412722,8412930
Colon-Ep:Small-Int-Ep,chr2,96761794,96762343
Colon-Ep:Small-Int-Ep,chr8,144356302,144356406
Colon-Ep:Small-Int-Ep,chr17,59736138,59736427
Colon-Ep:Small-Int-Ep,chr14,101894817,101895355
Colon-Ep:Small-Int-Ep,chr15,40353006,40353380
Colon-Ep:Small-Int-Ep,chr21,27705084,27705157
Colon-Ep:Small-Int-Ep,chr19,38815223,38815716
Colon-Ep:Small-Int-Ep,chr11,46223872,46224064
Colon-Ep:Small-Int-Ep,chr2,106343364,106343666
Colon-Ep:Small-Int-Ep,chr8,42459420,42459968
Colon-Ep:Small-Int-Ep,chr11,76148033,76148176
Colon-Ep:Small-Int-Ep,chr1,44266530,44266950
Colon-Ep:Small-Int-Ep,chr6,136412100,136412144
Colon-Ep:Small-Int-Ep,chr16,47299166,47299918
Colon-Ep:Small-Int-Ep,chr9,77392049,77392984
Colon-Ep:Small-Int-Ep,chr17,82577231,82577489
Colon-Ep:Small-Int-Ep,chr8,37597356,37597632
Colon-Ep:Small-Int-Ep,chr5,151871754,151871871
Colon-Ep:Small-Int-Ep,chr22,31529433,31529998
Colon-Ep:Small-Int-Ep,chr7,73773395,73773612
Colon-Ep:Small-Int-Ep,chr11,128425433,128425733
Colon-Ep:Small-Int-Ep,chr5,116848078,116848300
Colon-Ep:Small-Int-Ep,chr17,48146088,48146231
Colon-Ep:Small-Int-Ep,chr5,160682761,160683192
Colon-Ep:Small-Int-Ep,chr17,27798206,27798381
Colon-Ep:Small-Int-Ep,chr2,96761642,96761750
Colon-Ep:Small-Int-Ep,chr14,72771393,72771853
Colon-Ep:Small-Int-Ep,chr1,244348466,244348605
Colon-Ep:Small-Int-Ep,chr18,24302568,24302926
Colon-Ep:Small-Int-Ep,chr13,79442040,79442121
Colon-Ep:Small-Int-Ep,chr20,58434323,58434506
Colon-Ep:Small-Int-Ep,chr6,134368323,134368597
Colon-Ep:Small-Int-Ep,chr3,185954036,185954175
Colon-Ep:Small-Int-Ep,chr13,22332434,22332693
Colon-Ep:Small-Int-Ep,chr15,67571015,67571911
Colon-Ep:Small-Int-Ep,chr22,24928828,24928899
Colon-Ep:Small-Int-Ep,chr2,64074503,64075202
Colon-Ep:Small-Int-Ep,chr2,169712595,169713252
Colon-Ep:Small-Int-Ep,chr8,66720164,66720413
Colon-Ep:Small-Int-Ep,chr20,44224173,44224230
Colon-Ep:Small-Int-Ep,chr2,28495797,28495962
Colon-Ep:Small-Int-Ep,chr15,82790569,82790645
Colon-Ep:Small-Int-Ep,chr12,76804519,76804849
Colon-Ep:Small-Int-Ep,chr17,75617116,75617514
Colon-Ep:Small-Int-Ep,chr1,206946677,206946925
Colon-Ep:Small-Int-Ep,chr6,108454738,108455437
Colon-Ep:Small-Int-Ep,chr1,203427357,203427604
Colon-Ep:Small-Int-Ep,chr9,109306948,109307272
Colon-Ep:Small-Int-Ep,chr11,120489668,120490398
Colon-Ep:Small-Int-Ep,chr4,724621,724838
Colon-Ep:Small-Int-Ep,chr11,76147890,76147951
Colon-Ep:Small-Int-Ep,chr16,70090944,70091065
Colon-Ep:Small-Int-Ep,chr6,108312107,108313047
Colon-Ep:Small-Int-Ep,chr12,94070553,94070857
Colon-Ep:Small-Int-Ep,chr17,58404566,58405373
Colon-Ep:Small-Int-Ep,chr6,12261250,12261574
Colon-Ep:Small-Int-Ep,chr10,26713904,26714432
Colon-Ep:Small-Int-Ep,chr11,61380803,61381275
Colon-Ep:Small-Int-Ep,chr10,1120170,1120374
Colon-Ep:Small-Int-Ep,chr22,43673883,43673962
Colon-Ep:Small-Int-Ep,chr2,47368599,47368672
Colon-Ep:Small-Int-Ep,chr1,11007321,11008099
Colon-Ep:Small-Int-Ep,chr11,130190945,130191104
Colon-Ep:Small-Int-Ep,chr2,238412264,238412658
Colon-Ep:Small-Int-Ep,chr19,10321762,10322448
Colon-Ep:Small-Int-Ep,chr7,7785365,7785704
Colon-Ep:Small-Int-Ep,chr2,170305771,170306439
Colon-Ep:Small-Int-Ep,chr10,128602062,128602348
Colon-Ep:Small-Int-Ep,chr16,5063796,5063893
Colon-Ep:Small-Int-Ep,chr2,121343730,121344034
Colon-Ep:Small-Int-Ep,chr1,117680204,117680882
Colon-Ep:Small-Int-Ep,chr13,113535308,113536176
Colon-Ep:Small-Int-Ep,chr12,71154180,71154365
Colon-Ep:Small-Int-Ep,chr4,2036507,2036704
Colon-Ep:Small-Int-Ep,chrY,19732711,19733079
Colon-Ep:Small-Int-Ep,chr18,49514081,49514203
Colon-Ep:Small-Int-Ep,chr17,79078486,79078980
Colon-Ep:Small-Int-Ep,chr14,96364780,96364942
Colon-Ep:Small-Int-Ep,chr16,23043483,23044032
Colon-Ep:Small-Int-Ep,chr6,12262642,12262829
Colon-Ep:Small-Int-Ep,chr10,13379745,13380250
Colon-Ep:Small-Int-Ep,chr5,126760162,126760285
Colon-Ep:Small-Int-Ep,chr15,40351542,40352296
Colon-Ep:Small-Int-Ep,chr1,248631320,248631372
Colon-Ep:Small-Int-Ep,chr7,140416814,140416992
Colon-Ep:Small-Int-Ep,chr8,99868082,99868429
Colon-Ep:Small-Int-Ep,chr5,149966938,149967607
Colon-Ep:Small-Int-Ep,chr12,122077237,122077738
Colon-Ep:Small-Int-Ep,chr9,18683285,18683453
Colon-Ep:Small-Int-Ep,chr20,51352827,51352949
Colon-Ep:Small-Int-Ep,chr9,107606295,107606570
Colon-Ep:Small-Int-Ep,chr18,24261098,24261604
Colon-Ep:Small-Int-Ep,chr1,52699183,52699260
Colon-Ep:Small-Int-Ep,chr12,14695493,14695886
Colon-Ep:Small-Int-Ep,chr5,132307761,132308536
Colon-Ep:Small-Int-Ep,chr11,119738834,119738949
Colon-Ep:Small-Int-Ep,chr2,183542121,183542427
Colon-Ep:Small-Int-Ep,chr8,144391563,144391810
Colon-Ep:Small-Int-Ep,chr17,17563379,17563698
Colon-Ep:Small-Int-Ep,chr10,12440436,12440702
Colon-Ep:Small-Int-Ep,chr20,53668866,53669182
Colon-Ep:Small-Int-Ep,chr2,190856094,190856267
Colon-Ep:Small-Int-Ep,chr7,30256406,30256698
Colon-Ep:Small-Int-Ep,chr4,147692904,147693176
Colon-Ep:Small-Int-Ep,chr22,30680234,30680494
Colon-Ep:Small-Int-Ep,chr8,144811321,144812615
Colon-Ep:Small-Int-Ep,chr19,2305152,2305260
Colon-Ep:Small-Int-Ep,chr7,2692815,2692902
Colon-Ep:Small-Int-Ep,chr7,29467540,29468800
Colon-Ep:Small-Int-Ep,chr20,44354294,44354444
Colon-Ep:Small-Int-Ep,chr16,86114442,86114503
Colon-Ep:Small-Int-Ep,chr6,131863494,131863789
Colon-Ep:Small-Int-Ep,chr2,47360724,47360938
Colon-Ep:Small-Int-Ep,chr1,40614086,40614192
Colon-Ep:Small-Int-Ep,chr17,43351848,43352238
Colon-Ep:Small-Int-Ep,chr10,95563002,95563096
Colon-Ep:Small-Int-Ep,chr8,30775609,30775976
Colon-Ep:Small-Int-Ep,chr2,233336407,233336470
Colon-Ep:Small-Int-Ep,chr13,99687070,99687503
Colon-Ep:Small-Int-Ep,chr16,81572894,81573173
Colon-Ep:Small-Int-Ep,chr5,178341751,178342021
Colon-Ep:Small-Int-Ep,chr5,150161999,150162845
Colon-Ep:Small-Int-Ep,chr9,76730623,76730684
Colon-Ep:Small-Int-Ep,chr11,76148447,76149064
Colon-Ep:Small-Int-Ep,chr19,552942,553082
Colon-Ep:Small-Int-Ep,chr17,2442653,2443082
Colon-Ep:Small-Int-Ep,chr17,78408412,78408565
Colon-Ep:Small-Int-Ep,chr17,42805867,42806733
Colon-Ep:Small-Int-Ep,chr2,168629961,168630240
Colon-Ep:Small-Int-Ep,chr7,101701296,101701670
Colon-Ep:Small-Int-Ep,chr1,3514461,3514689
Colon-Ep:Small-Int-Ep,chr3,142223355,142224054
Colon-Ep:Small-Int-Ep,chr4,27057057,27057225
Colon-Ep:Small-Int-Ep,chr22,24928674,24928787
Colon-Ep:Small-Int-Ep,chr1,114712754,114713275
Colon-Ep:Small-Int-Ep,chr16,58315534,58315955
Colon-Ep:Small-Int-Ep,chr2,121778610,121779047
Colon-Ep:Small-Int-Ep,chr22,30666153,30666607
Colon-Ep:Small-Int-Ep,chr4,85914297,85914714
Colon-Ep:Small-Int-Ep,chr7,99246904,99246997
Colon-Ep:Small-Int-Ep,chr9,111485190,111485325
Colon-Ep:Small-Int-Ep,chr9,136060632,136060737
Colon-Ep:Small-Int-Ep,chr10,52287579,52288364
Colon-Ep:Small-Int-Ep,chr10,13337633,13337831
Colon-Ep:Small-Int-Ep,chr7,30425255,30425655
Colon-Ep:Small-Int-Ep,chr9,124241746,124242173
Colon-Ep:Small-Int-Ep,chr3,64103850,64104160
Colon-Ep:Small-Int-Ep,chr22,20966377,20966705
Colon-Ep:Small-Int-Ep,chr10,58174955,58175160
Colon-Ep:Small-Int-Ep,chr19,4054375,4054682
Colon-Ep:Small-Int-Ep,chr1,94616984,94617247
Colon-Ep:Small-Int-Ep,chr5,150167925,150168301
Colon-Ep:Small-Int-Ep,chr11,68831702,68831871
Colon-Ep:Small-Int-Ep,chr17,5045106,5045554
Colon-Ep:Small-Int-Ep,chr14,34520356,34521324
Colon-Ep:Small-Int-Ep,chr11,6377710,6377805
Colon-Ep:Small-Int-Ep,chr1,10104169,10105524
Colon-Ep:Small-Int-Ep,chr17,2767889,2768418
Colon-Ep:Small-Int-Ep,chr9,114461249,114461482
Colon-Ep:Small-Int-Ep,chr1,192978701,192979074
Colon-Ep:Small-Int-Ep,chr17,81556858,81557175
Colon-Ep:Small-Int-Ep,chr5,126674811,126675332
Colon-Ep:Small-Int-Ep,chr4,174408928,174409410
Colon-Ep:Small-Int-Ep,chr17,68152085,68152392
Colon-Ep:Small-Int-Ep,chr5,127850526,127850732
Colon-Ep:Small-Int-Ep,chr10,4215386,4215798
Colon-Ep:Small-Int-Ep,chr20,19100149,19100440
Colon-Ep:Small-Int-Ep,chr16,70284083,70284255
Colon-Ep:Small-Int-Ep,chr20,44406568,44406783
Colon-Ep:Small-Int-Ep,chr14,24142479,24142657
Colon-Ep:Small-Int-Ep,chr17,48983113,48983386
Colon-Ep:Small-Int-Ep,chr20,53838809,53839068
Colon-Ep:Small-Int-Ep,chr4,971336,971537
Colon-Ep:Small-Int-Ep,chr4,1022123,1022415
Colon-Ep:Small-Int-Ep,chr1,32855918,32856903
Colon-Ep:Small-Int-Ep,chr4,2303802,2303904
Colon-Ep:Small-Int-Ep,chr9,133972679,133972772
Colon-Ep:Small-Int-Ep,chr2,231904234,231904384
Colon-Ep:Small-Int-Ep,chr9,27006867,27007998
Colon-Ep:Small-Int-Ep,chr10,26715499,26715689
Colon-Ep:Small-Int-Ep,chr3,101845410,101846032
Colon-Ep:Small-Int-Ep,chr16,70284260,70284534
Colon-Ep:Small-Int-Ep,chr10,30558824,30559135
Colon-Ep:Small-Int-Ep,chr11,68104668,68104876
Colon-Ep:Small-Int-Ep,chr21,42101662,42101816
Colon-Ep:Small-Int-Ep,chr7,6366679,6366991
Colon-Ep:Small-Int-Ep,chr1,26176880,26176934
Colon-Ep:Small-Int-Ep,chr5,150182748,150182870
Colon-Ep:Small-Int-Ep,chr7,73787939,73788657
Colon-Ep:Small-Int-Ep,chr6,38171071,38171418
Colon-Ep:Small-Int-Ep,chr3,119470873,119471465
Colon-Ep:Small-Int-Ep,chr17,27799581,27800312
Colon-Ep:Small-Int-Ep,chr15,74936253,74936730
Colon-Ep:Small-Int-Ep,chr7,1523914,1524073
Colon-Ep:Small-Int-Ep,chr19,47215640,47216115
Colon-Ep:Small-Int-Ep,chr6,70391418,70391604
Colon-Ep:Small-Int-Ep,chr18,77315087,77315195
Colon-Ep:Small-Int-Ep,chr11,864528,864847
Colon-Ep:Small-Int-Ep,chr15,89852031,89852821
Colon-Ep:Small-Int-Ep,chr6,149932188,149932238
Colon-Ep:Small-Int-Ep,chr5,142298233,142298816
Colon-Ep:Small-Int-Ep,chr2,120936309,120936588
Colon-Ep:Small-Int-Ep,chr20,44353933,44354233
Colon-Ep:Small-Int-Ep,chr17,75732379,75732605
Colon-Ep:Small-Int-Ep,chr14,105257344,105257572
Colon-Ep:Small-Int-Ep,chr15,62578364,62578789
Colon-Ep:Small-Int-Ep,chr7,107830386,107830830
Colon-Ep:Small-Int-Ep,chr2,200828911,200829046
Colon-Ep:Small-Int-Ep,chr10,72691284,72691402
Colon-Ep:Small-Int-Ep,chr16,89846673,89846898
Colon-Ep:Small-Int-Ep,chr6,121314312,121315139
Colon-Ep:Small-Int-Ep,chr17,75424637,75424749
Colon-Ep:Small-Int-Ep,chr6,70412156,70412302
Colon-Ep:Small-Int-Ep,chr9,113348227,113348439
Colon-Ep:Small-Int-Ep,chr12,122106276,122106717
Colon-Ep:Small-Int-Ep,chr17,4561695,4561920
Colon-Ep:Small-Int-Ep,chr11,26339391,26339447
Colon-Ep:Small-Int-Ep,chr2,231667870,231668245
Colon-Ep:Small-Int-Ep,chr4,8606102,8606225
Colon-Ep:Small-Int-Ep,chr3,45133276,45133490
Colon-Ep:Small-Int-Ep,chr15,50875121,50875894
Colon-Ep:Small-Int-Ep,chr17,4287813,4288731
Colon-Ep:Small-Int-Ep,chr12,56295659,56295751
Colon-Ep:Small-Int-Ep,chr4,168394575,168395360
Colon-Ep:Small-Int-Ep,chr19,8290404,8290611
Colon-Ep:Small-Int-Ep,chr1,11008180,11008678
Colon-Ep:Small-Int-Ep,chr11,118853684,118853937
Colon-Ep:Small-Int-Ep,chr3,57671794,57672104
Colon-Ep:Small-Int-Ep,chr19,49457984,49458092
Colon-Ep:Small-Int-Ep,chr15,38424027,38424238
Colon-Fibro,chr1,80828006,80828212
Colon-Fibro,chr14,96234824,96234886
Colon-Fibro,chr2,191295846,191296417
Colon-Fibro:Heart-Fibro,chr16,50718355,50718542
Colon-Fibro:Heart-Fibro,chr18,46366184,46366418
Colon-Fibro:Heart-Fibro,chr7,108093227,108093365
Colon-Fibro:Heart-Fibro,chr6,14865255,14865409
Colon-Fibro:Heart-Fibro,chr14,39005165,39005474
Colon-Fibro:Heart-Fibro,chr5,109035487,109035874
Colon-Fibro:Heart-Fibro,chr4,107211006,107211230
Colon-Fibro:Heart-Fibro,chr5,38059809,38060032
Colon-Fibro:Heart-Fibro,chr7,159075890,159076773
Colon-Fibro:Heart-Fibro,chr16,73288711,73288892
Colon-Fibro:Heart-Fibro,chr7,70530077,70530565
Colon-Fibro:Heart-Fibro,chr1,235809832,235809909
Colon-Fibro:Heart-Fibro,chr18,3329132,3329312
Colon-Fibro:Heart-Fibro,chr15,92681744,92681853
Colon-Fibro:Heart-Fibro,chr22,27397412,27397989
Colon-Fibro:Heart-Fibro,chr3,31997374,31997759
Colon-Fibro:Heart-Fibro,chr5,177013066,177013293
Colon-Fibro:Heart-Fibro,chr13,97231843,97232195
Colon-Fibro:Heart-Fibro,chr6,159464949,159464997
Colon-Fibro:Heart-Fibro,chr2,33227995,33228101
Colon-Fibro:Heart-Fibro,chr18,9902971,9903015
Colon-Fibro:Heart-Fibro,chr2,150539130,150539379
Colon-Fibro:Heart-Fibro,chr2,75538600,75538976
Colon-Fibro:Heart-Fibro,chr9,134661439,134662039
Colon-Fibro:Heart-Fibro,chr7,151999612,152000253
Colon-Fibro:Heart-Fibro,chr2,229071302,229071628
Colon-Fibro:Heart-Fibro,chr6,148593426,148593782
Colon-Fibro:Heart-Fibro,chr20,59325404,59325550
Colon-Fibro:Heart-Fibro,chr1,67407611,67407923
Colon-Fibro:Heart-Fibro,chr4,42161647,42162403
Colon-Fibro:Heart-Fibro,chr11,76622088,76622333
Colon-Fibro:Heart-Fibro,chr15,61155541,61155977
Colon-Fibro:Heart-Fibro,chr18,610280,610775
Colon-Fibro:Heart-Fibro,chr7,99121912,99121991
Colon-Fibro:Heart-Fibro,chr8,98372385,98372449
Colon-Fibro:Heart-Fibro,chr16,75590432,75590555
Colon-Fibro:Heart-Fibro,chr15,96121433,96121968
Colon-Fibro:Heart-Fibro,chr3,184715773,184715868
Colon-Fibro:Heart-Fibro,chr1,54352791,54352981
Colon-Fibro:Heart-Fibro,chr15,68413447,68413911
Colon-Fibro:Heart-Fibro,chr20,32610635,32610867
Colon-Fibro:Heart-Fibro,chr6,156420273,156420659
Colon-Fibro:Heart-Fibro,chr1,213714255,213714563
Colon-Fibro:Heart-Fibro,chr19,30092557,30092976
Colon-Fibro:Heart-Fibro,chr11,38173649,38173832
Colon-Fibro:Heart-Fibro,chr20,59325044,59325375
Colon-Fibro:Heart-Fibro,chr19,28197059,28197219
Colon-Fibro:Heart-Fibro,chr13,65096204,65096273
Colon-Fibro:Heart-Fibro,chr3,71600003,71600924
Colon-Fibro:Heart-Fibro,chr9,108100849,108101765
Colon-Fibro:Heart-Fibro,chr5,27776724,27777014
Colon-Fibro:Heart-Fibro,chr10,34081151,34081380
Colon-Fibro:Heart-Fibro,chr19,28471775,28472191
Colon-Fibro:Heart-Fibro,chr7,91311053,91311510
Colon-Fibro:Heart-Fibro,chr11,14722479,14722649
Colon-Fibro:Heart-Fibro,chr2,135212178,135212743
Colon-Fibro:Heart-Fibro,chr8,28445068,28445220
Colon-Fibro:Heart-Fibro,chr17,57140497,57140655
Colon-Fibro:Heart-Fibro,chr1,175277929,175278707
Colon-Fibro:Heart-Fibro,chr9,80883350,80883667
Colon-Fibro:Heart-Fibro,chr13,112531376,112531466
Colon-Fibro:Heart-Fibro,chr13,24624579,24625089
Colon-Fibro:Heart-Fibro,chr3,59766292,59766645
Colon-Fibro:Heart-Fibro,chr7,134452213,134452370
Colon-Fibro:Heart-Fibro,chr10,49131798,49131940
Colon-Fibro:Heart-Fibro,chr2,7969957,7970157
Colon-Fibro:Heart-Fibro,chr7,105429454,105429608
Colon-Fibro:Heart-Fibro,chr8,3144144,3144248
Colon-Fibro:Heart-Fibro,chr1,116846580,116846698
Colon-Fibro:Heart-Fibro,chr3,10955908,10956089
Colon-Fibro:Heart-Fibro,chr21,45574585,45574860
Colon-Fibro:Heart-Fibro,chr2,16019216,16019253
Colon-Fibro:Heart-Fibro,chr5,143131472,143132287
Colon-Fibro:Heart-Fibro,chr3,32956694,32957319
Colon-Fibro:Heart-Fibro,chr7,129146892,129147691
Colon-Fibro:Heart-Fibro,chr11,17015729,17015809
Colon-Fibro:Heart-Fibro,chr7,149912009,149912477
Colon-Fibro:Heart-Fibro,chr10,68121517,68121694
Colon-Fibro:Heart-Fibro,chr10,107281059,107281315
Colon-Fibro:Heart-Fibro,chr4,25892678,25893012
Colon-Fibro:Heart-Fibro,chr15,65068482,65069072
Colon-Fibro:Heart-Fibro,chr14,86302443,86302706
Colon-Fibro:Heart-Fibro,chr16,88886715,88886828
Colon-Fibro:Heart-Fibro,chr7,35297000,35297713
Colon-Fibro:Heart-Fibro,chr3,29382580,29382953
Colon-Fibro:Heart-Fibro,chr6,100727320,100727431
Colon-Fibro:Heart-Fibro,chr2,182088550,182089674
Colon-Fibro:Heart-Fibro,chr7,4080256,4080513
Colon-Fibro:Heart-Fibro,chr7,11203465,11204148
Colon-Fibro:Heart-Fibro,chr20,60659373,60659431
Colon-Fibro:Heart-Fibro,chr4,187170552,187170693
Colon-Fibro:Heart-Fibro,chr4,69525872,69526033
Colon-Fibro:Heart-Fibro,chr7,118964772,118965457
Colon-Fibro:Heart-Fibro,chr12,9134858,9135388
Colon-Fibro:Heart-Fibro,chr11,8356702,8356858
Colon-Fibro:Heart-Fibro,chr6,130981135,130982635
Colon-Fibro:Heart-Fibro,chr11,89910495,89911249
Colon-Fibro:Heart-Fibro,chr2,128500409,128500650
Colon-Fibro:Heart-Fibro,chr22,33266475,33266733
Colon-Fibro:Heart-Fibro,chr9,110668226,110669336
Colon-Fibro:Heart-Fibro,chr3,11150381,11150506
Colon-Fibro:Heart-Fibro,chr11,34223380,34223725
Colon-Fibro:Heart-Fibro,chr11,12794609,12794869
Colon-Fibro:Heart-Fibro,chr5,39380061,39380481
Colon-Fibro:Heart-Fibro,chrX,69195184,69195313
Colon-Fibro:Heart-Fibro,chr12,51810864,51811238
Colon-Fibro:Heart-Fibro,chr16,88835419,88835645
Colon-Fibro:Heart-Fibro,chr11,72704300,72704826
Colon-Fibro:Heart-Fibro,chr9,88218608,88219094
Colon-Fibro:Heart-Fibro,chr10,18469391,18470118
Colon-Fibro:Heart-Fibro,chr12,8410341,8410922
Colon-Fibro:Heart-Fibro,chr17,73446500,73446822
Colon-Fibro:Heart-Fibro,chr5,180961545,180962007
Colon-Fibro:Heart-Fibro,chr16,1283833,1284194
Colon-Fibro:Heart-Fibro,chr16,47946150,47946439
Colon-Fibro:Heart-Fibro,chr16,18195737,18196128
Colon-Fibro:Heart-Fibro,chr12,132405210,132405306
Colon-Fibro:Heart-Fibro,chr1,11524889,11525172
Colon-Fibro:Heart-Fibro,chr2,60230280,60230570
Colon-Fibro:Heart-Fibro,chr11,78507196,78507741
Colon-Fibro:Heart-Fibro,chr11,104584086,104584227
Dermal-Fibro,chr12,46905139,46905175
Dermal-Fibro,chr15,50392037,50392181
Dermal-Fibro,chr7,36610815,36611114
Dermal-Fibro,chr13,67909137,67909208
Dermal-Fibro,chr3,169533087,169533476
Dermal-Fibro,chr3,170205577,170205770
Dermal-Fibro,chrY,7419091,7419167
Dermal-Fibro,chr20,20933246,20933421
Dermal-Fibro,chr17,15964984,15965134
Dermal-Fibro,chrX,130412738,130412841
Dermal-Fibro,chr4,14388126,14388738
Dermal-Fibro,chr17,81416976,81417289
Dermal-Fibro,chr12,51549814,51549937
Dermal-Fibro,chr10,31806733,31807667
Dermal-Fibro,chr13,111118233,111118490
Dermal-Fibro,chr5,2808733,2808880
Dermal-Fibro,chr18,7129949,7130103
Dermal-Fibro,chrX,36327354,36327586
Dermal-Fibro,chr3,61663552,61663937
Dermal-Fibro,chr8,61410425,61410767
Dermal-Fibro,chr9,96652469,96653054
Dermal-Fibro,chr5,4023231,4023615
Dermal-Fibro,chr9,3689072,3689653
Dermal-Fibro,chr2,99074202,99074331
Dermal-Fibro,chr8,41261188,41261649
Dermal-Fibro,chr8,26381454,26381628
Dermal-Fibro,chr1,244129117,244129830
Dermal-Fibro,chr7,1142673,1142800
Dermal-Fibro,chrX,134899856,134900218
Dermal-Fibro,chr7,98956586,98956882
Dermal-Fibro,chr19,53034223,53034693
Dermal-Fibro,chr7,6226802,6227125
Dermal-Fibro,chr13,113917085,113917203
Dermal-Fibro,chr12,14666296,14666601
Dermal-Fibro,chr16,81149795,81149865
Dermal-Fibro,chr8,13501652,13502006
Dermal-Fibro,chr17,6248828,6249029
Dermal-Fibro,chr8,2275620,2275661
Dermal-Fibro,chr10,2367267,2367486
Dermal-Fibro,chr17,56260400,56260642
Dermal-Fibro,chr22,48665451,48665488
Dermal-Fibro,chr13,113421448,113421635
Dermal-Fibro,chr8,6609594,6610449
Dermal-Fibro,chr13,21756136,21756236
Dermal-Fibro,chr1,221907261,221907493
Dermal-Fibro,chr16,84789195,84789385
Dermal-Fibro,chr2,1117425,1117765
Dermal-Fibro,chr3,106197920,106198549
Dermal-Fibro,chr2,36195056,36195345
Dermal-Fibro,chr10,100806397,100806499
Dermal-Fibro,chr21,39881052,39881576
Dermal-Fibro,chr4,77571720,77571894
Dermal-Fibro,chr2,238518528,238518800
Dermal-Fibro,chr7,73919977,73920683
Dermal-Fibro,chr6,166971077,166971245
Dermal-Fibro,chr10,108325807,108326019
Dermal-Fibro,chr3,11749704,11750022
Dermal-Fibro,chr6,1406312,1406492
Dermal-Fibro,chr18,28462982,28463328
Dermal-Fibro,chr6,9564611,9564757
Dermal-Fibro,chr7,155418445,155418503
Dermal-Fibro,chr17,71234374,71234921
Dermal-Fibro,chr7,73920730,73920879
Dermal-Fibro,chr8,16100125,16100734
Dermal-Fibro,chr10,66463912,66464511
Dermal-Fibro,chr6,116472522,116473054
Dermal-Fibro,chr21,36533097,36533199
Dermal-Fibro,chr17,7353095,7353163
Dermal-Fibro,chr5,91948262,91948632
Dermal-Fibro,chr11,64660468,64660807
Dermal-Fibro,chr11,1618158,1618320
Dermal-Fibro,chr13,23246504,23246801
Dermal-Fibro,chr9,74784525,74784833
Dermal-Fibro,chrX,18834056,18834218
Dermal-Fibro,chr4,182391375,182391530
Dermal-Fibro,chr12,46571446,46571688
Dermal-Fibro,chr17,12121241,12122011
Dermal-Fibro,chr18,70275888,70276608
Dermal-Fibro,chr1,7743345,7743699
Dermal-Fibro,chr15,88568576,88568809
Dermal-Fibro,chr21,38649164,38649231
Dermal-Fibro,chr5,23844553,23845295
Dermal-Fibro,chr4,44904166,44904738
Dermal-Fibro,chr9,113741841,113742070
Dermal-Fibro,chr18,23720223,23720502
Dermal-Fibro,chr14,81246185,81246558
Dermal-Fibro,chr5,121087030,121087110
Dermal-Fibro,chr10,20740358,20741105
Dermal-Fibro,chr4,161000099,161000140
Dermal-Fibro,chr4,87620339,87621071
Dermal-Fibro,chrX,146197943,146198466
Dermal-Fibro,chr21,29131024,29131931
Dermal-Fibro,chr17,2420279,2420497
Dermal-Fibro,chr17,56434663,56434968
Dermal-Fibro,chrX,119613582,119613665
Dermal-Fibro,chr5,167347906,167348087
Dermal-Fibro,chrX,41470672,41470887
Dermal-Fibro,chr19,8021019,8021367
Dermal-Fibro,chr22,22796277,22796660
Dermal-Fibro,chr7,55441686,55442314
Dermal-Fibro,chr7,17677778,17677992
Dermal-Fibro,chrX,95493550,95494039
Dermal-Fibro,chr15,99441296,99441567
Dermal-Fibro,chr3,143099989,143100647
Dermal-Fibro,chr1,15892245,15892827
Dermal-Fibro,chr18,10377686,10378705
Dermal-Fibro,chr17,52224495,52225213
Dermal-Fibro,chr10,4240160,4240888
Dermal-Fibro,chr12,13813230,13813655
Dermal-Fibro,chr13,113917262,113917364
Dermal-Fibro,chr13,86562887,86563081
Dermal-Fibro,chr1,200465017,200465137
Dermal-Fibro,chr18,33852885,33853437
Dermal-Fibro,chr1,11446231,11446302
Dermal-Fibro,chr1,63636055,63636720
Dermal-Fibro,chr18,55113878,55114109
Dermal-Fibro,chr13,111117788,111118100
Dermal-Fibro,chr5,89704,89843
Dermal-Fibro,chr13,111043535,111043670
Dermal-Fibro,chr5,126233058,126233337
Dermal-Fibro,chr17,65730072,65730405
Dermal-Fibro,chr11,131016753,131017179
Dermal-Fibro,chr10,47095607,47095856
Dermal-Fibro,chr12,121325759,121325862
Dermal-Fibro,chr1,245313389,245313737
Dermal-Fibro,chr15,95597712,95598030
Dermal-Fibro,chr20,11943629,11944187
Dermal-Fibro,chr2,143741665,143742502
Dermal-Fibro,chr18,76176122,76176269
Dermal-Fibro,chr2,144650614,144651051
Dermal-Fibro,chr7,116713686,116714657
Dermal-Fibro,chr7,96098696,96099427
Dermal-Fibro,chr11,67048596,67048800
Dermal-Fibro,chr2,28352516,28352971
Dermal-Fibro,chr8,61031682,61031872
Dermal-Fibro,chr1,163768680,163769155
Dermal-Fibro,chr1,247469054,247469659
Dermal-Fibro,chr17,61381488,61381757
Dermal-Fibro,chr22,32829352,32829559
Dermal-Fibro,chr21,39846249,39846370
Dermal-Fibro,chr8,6609079,6609546
Dermal-Fibro,chr1,121466424,121466809
Dermal-Fibro,chr2,45285472,45286244
Dermal-Fibro,chr6,141855917,141856589
Dermal-Fibro,chr12,113285866,113286689
Dermal-Fibro,chr16,68362604,68362940
Dermal-Fibro,chr5,67638867,67639263
Dermal-Fibro,chr8,41889667,41890027
Dermal-Fibro,chr9,110261334,110261737
Dermal-Fibro,chr16,62960602,62960743
Dermal-Fibro,chr3,38284230,38284814
Dermal-Fibro,chr1,221686788,221686889
Dermal-Fibro,chr3,166235839,166236516
Dermal-Fibro,chr21,32941963,32942128
Dermal-Fibro,chr8,39752725,39753752
Dermal-Fibro,chr8,94027864,94028347
Dermal-Fibro,chr21,44828972,44829358
Dermal-Fibro,chr2,85062442,85062743
Dermal-Fibro,chr10,28396708,28396896
Dermal-Fibro,chr17,80919943,80920071
Dermal-Fibro,chr7,66203578,66203781
Dermal-Fibro,chr8,41470660,41470988
Dermal-Fibro,chr1,202914860,202915990
Dermal-Fibro,chr5,5132696,5132924
Dermal-Fibro,chrX,14025131,14025952
Dermal-Fibro,chr1,28893634,28893918
Dermal-Fibro,chr19,6207776,6208199
Dermal-Fibro,chr11,72704182,72704235
Dermal-Fibro,chr11,42250704,42250795
Dermal-Fibro,chr16,87177574,87177678
Dermal-Fibro,chr15,88727245,88727301
Dermal-Fibro,chrX,3573828,3574306
Dermal-Fibro,chr3,72579155,72579525
Dermal-Fibro,chr5,169941649,169941884
Dermal-Fibro,chr4,189827455,189827829
Dermal-Fibro,chr15,80640844,80641962
Dermal-Fibro,chr2,164798757,164799015
Dermal-Fibro,chr16,84218653,84218977
Dermal-Fibro,chr17,66081642,66082093
Dermal-Fibro,chr20,16561900,16562082
Dermal-Fibro,chr2,24856129,24856686
Dermal-Fibro,chr7,28440801,28441472
Dermal-Fibro,chr5,159018400,159018988
Dermal-Fibro,chr13,98696141,98696307
Dermal-Fibro,chr14,101398558,101398631
Dermal-Fibro,chr19,46858746,46859173
Dermal-Fibro,chr8,143374854,143375295
Dermal-Fibro,chr18,67979851,67980068
Dermal-Fibro,chr13,49352663,49353997
Dermal-Fibro,chr7,36616392,36616612
Dermal-Fibro,chr10,49446595,49447484
Dermal-Fibro,chr6,12897893,12898314
Dermal-Fibro,chr14,88060869,88061150
Dermal-Fibro,chr3,135627426,135627673
Dermal-Fibro,chr12,29390128,29390266
Dermal-Fibro,chr13,101065386,101065566
Dermal-Fibro,chr16,84789505,84789661
Dermal-Fibro,chr1,86871760,86872570
Dermal-Fibro,chr20,59424668,59425211
Dermal-Fibro,chr9,8587469,8587881
Dermal-Fibro,chr6,165836313,165836374
Dermal-Fibro,chr22,44109879,44110108
Dermal-Fibro,chr14,49443933,49444690
Dermal-Fibro,chr5,178281295,178281498
Dermal-Fibro,chr1,41100634,41101684
Dermal-Fibro,chr9,94721730,94722363
Dermal-Fibro,chr10,47152540,47152792
Dermal-Fibro,chr11,88070285,88070431
Dermal-Fibro,chr6,80066684,80066861
Dermal-Fibro,chr17,15964857,15964929
Dermal-Fibro,chr13,22558602,22558816
Dermal-Fibro,chr2,72082294,72082456
Dermal-Fibro,chr21,46171320,46171536
Dermal-Fibro,chr4,66212752,66213206
Dermal-Fibro,chr9,7662616,7662855
Dermal-Fibro,chr21,43907896,43907962
Dermal-Fibro,chr8,135427789,135428163
Dermal-Fibro,chr1,70775260,70775499
Dermal-Fibro,chr9,124121903,124122848
Dermal-Fibro,chr12,76027277,76027868
Dermal-Fibro,chr2,2671988,2672631
Dermal-Fibro,chr19,2429598,2429674
Dermal-Fibro,chr7,152476858,152477433
Dermal-Fibro,chr7,90973578,90973870
Dermal-Fibro,chr1,210000677,210000771
Dermal-Fibro,chr14,89774891,89775080
Dermal-Fibro,chr2,129766690,129766795
Dermal-Fibro,chr7,1142866,1142941
Dermal-Fibro,chr10,720524,720825
Dermal-Fibro,chr14,62709020,62709501
Dermal-Fibro,chr6,115528588,115528821
Dermal-Fibro,chr10,101550353,101550835
Dermal-Fibro,chr3,21806305,21806497
Dermal-Fibro,chr7,68726273,68726495
Dermal-Fibro,chr6,7268658,7268966
Dermal-Fibro,chr7,134175660,134176521
Dermal-Fibro,chr20,47866718,47866832
Dermal-Fibro,chr15,59542802,59543240
Dermal-Fibro,chr7,151400107,151400603
Dermal-Fibro,chr4,143791318,143791473
Dermal-Fibro,chr4,158571593,158572155
Dermal-Fibro,chr10,110566516,110566642
Dermal-Fibro,chr7,36652710,36652883
Dermal-Fibro,chr2,109081762,109082042
Dermal-Fibro,chrX,14014838,14015986
Dermal-Fibro,chr1,156874745,156875016
Dermal-Fibro,chr19,54906681,54906987
Dermal-Fibro,chr1,21279357,21279407
Dermal-Fibro,chr9,127851707,127851822
Dermal-Fibro,chr5,76718431,76718723
Endothel,chr16,1512672,1513150
Endothel,chr17,82846324,82846390
Endothel,chr9,113503401,113503844
Endothel,chr17,82844968,82845666
Endothel,chr6,14423346,14423854
Endothel,chr17,82845784,82846313
Endothel,chr8,130417463,130417871
Endothel,chr22,46517267,46517452
Endothel,chr17,8311246,8311401
Endothel,chr2,48386079,48386460
Endothel,chr4,165766147,165766302
Endothel,chr12,124427713,124427772
Endothel,chr21,45319133,45319424
Endothel,chr21,43479190,43479290
Endothel,chr21,43479578,43479792
Endothel,chr5,78524132,78524517
Endothel,chr4,40949490,40949803
Endothel,chr20,32433787,32433916
Endothel,chr15,40982685,40983167
Endothel,chr2,127659385,127659474
Endothel,chr9,127768482,127768864
Endothel,chr9,129576938,129576991
Endothel,chr19,4023811,4023985
Endothel,chr5,32098172,32098390
Endothel,chr13,28754870,28755078
Endothel,chr2,241750706,241750851
Endothel,chr9,81929634,81930718
Endothel,chr16,1512266,1512660
Endothel,chr17,562263,562386
Endothel,chr19,11596223,11596432
Endothel,chr22,21758064,21758417
Endothel,chr5,72557837,72558092
Endothel,chr7,139873747,139874149
Endothel,chr1,50854910,50855061
Endothel,chr1,54632208,54632307
Endothel,chr1,185367285,185367564
Endothel,chr13,113882812,113883000
Endothel,chr5,150464916,150465079
Endothel,chr15,74385873,74386024
Endothel,chr2,46347936,46348214
Endothel,chr6,111747708,111748125
Endothel,chr11,75306396,75306885
Endothel,chr16,1536849,1537309
Endothel,chr17,7855155,7855375
Endothel,chr3,129601988,129603005
Endothel,chr1,16139078,16139275
Endothel,chr14,35413979,35414307
Endothel,chr1,56411897,56412271
Endothel,chr4,3331692,3331856
Endothel,chr6,137805809,137806048
Endothel,chr12,121089796,121090101
Endothel,chr20,3739309,3739396
Endothel,chr2,159225224,159225546
Endothel,chr3,12923029,12923381
Endothel,chr6,113496382,113496750
Endothel,chr10,29851271,29851454
Endothel,chr11,65612273,65612492
Endothel,chr17,31724183,31724452
Endothel,chr11,76668900,76669695
Endothel,chr8,691451,691542
Endothel,chr10,31700584,31700845
Endothel,chr12,49646901,49646997
Endothel,chr17,82602758,82602842
Endothel,chr21,45319787,45319905
Endothel,chr22,46517463,46517573
Endothel,chr17,82602493,82602577
Endothel,chr7,100444247,100444402
Endothel,chr17,7855058,7855130
Endothel,chr19,38700018,38700189
Endothel,chr2,241750361,241750554
Endothel,chr4,119271418,119271979
Endothel,chr8,130417014,130417359
Endothel,chr8,481628,482304
Endothel,chr8,48682914,48683092
Endothel,chr14,103860162,103860281
Endothel,chr3,129607913,129608119
Endothel,chr10,30155736,30156032
Endothel,chr1,94048834,94048920
Endothel,chr12,18951706,18952049
Endothel,chr12,51908186,51908797
Endothel,chr18,21930125,21930397
Endothel,chr7,131532860,131532929
Endothel,chr19,6219872,6220006
Endothel,chr2,46076001,46076522
Endothel,chr7,47329534,47329752
Endothel,chr14,102351113,102351381
Endothel,chr8,81393270,81393618
Endothel,chr12,49647464,49647783
Endothel,chr16,87179522,87179615
Endothel,chr22,41230836,41231152
Endothel,chr5,57488622,57488789
Endothel,chr5,72558107,72558247
Endothel,chr6,46947475,46947983
Endothel,chr8,26174952,26175384
Endothel,chr5,55599474,55600072
Endothel,chr11,110029747,110030093
Endothel,chr1,45621330,45621453
Endothel,chr5,3303632,3303754
Endothel,chr6,42128474,42128604
Endothel,chr6,118589372,118589780
Endothel,chr1,78075508,78076050
Endothel,chr6,42128663,42128884
Endothel,chr9,136011000,136011217
Endothel,chr11,110398150,110398256
Endothel,chr5,40374874,40375053
Endothel,chr17,81197330,81197586
Endothel,chr20,22862982,22863006
Endothel,chr6,108452611,108453083
Endothel,chr17,518109,518509
Endothel,chr20,64046645,64046792
Endothel,chr12,93777796,93777921
Endothel,chr6,97068799,97069118
Endothel,chr22,32331355,32331412
Endothel,chr11,76665969,76666405
Endothel,chr10,45135688,45135758
Endothel,chr20,39395436,39395774
Endothel,chr5,134579993,134580209
Endothel,chr9,137387100,137387350
Endothel,chr14,53549816,53550088
Endothel,chr6,33609934,33610255
Endothel,chr5,17170651,17171087
Endothel,chr13,112457976,112458213
Endothel,chr16,78670231,78670483
Endothel,chr20,63688644,63688738
Endothel,chr17,1172070,1172305
Endothel,chr1,46081336,46081512
Endothel,chr19,31329755,31330235
Endothel,chr16,3102552,3102652
Endothel,chr19,44879974,44880130
Endothel,chr2,127637382,127637605
Endothel,chr20,63688790,63688957
Endothel,chr11,74520775,74521264
Endothel,chr19,11253435,11253780
Endothel,chr7,158507194,158507516
Endothel,chr18,79412345,79412402
Endothel,chr4,40949962,40950238
Endothel,chr6,169851571,169851763
Endothel,chr3,50333579,50333760
Endothel,chr11,1994046,1994132
Endothel,chr2,127061728,127062074
Endothel,chr7,699675,699926
Endothel,chr22,49938356,49938480
Endothel,chr19,419592,419789
Endothel,chr9,121657733,121658095
Endothel,chr21,31135800,31136000
Endothel,chr4,105386303,105387050
Endothel,chr21,40562702,40562919
Endothel,chr19,41499810,41500063
Endothel,chr9,128883745,128883931
Endothel,chr7,30900179,30900283
Endothel,chr1,212241898,212242273
Endothel,chr14,102060360,102060431
Endothel,chr14,103236151,103236317
Endothel,chr9,136011555,136011633
Endothel,chr9,136745749,136745978
Endothel,chr22,47164163,47164277
Endothel,chr17,43015455,43015691
Endothel,chr2,239776313,239776500
Endothel,chr16,86214562,86214702
Endothel,chr19,48153585,48154116
Endothel,chr1,230537717,230537829
Endothel,chr3,197465288,197465465
Endothel,chr6,159128295,159128522
Endothel,chr9,137387689,137387782
Endothel,chr20,62877704,62877787
Endothel,chr7,45158193,45158382
Endothel,chr4,39390573,39390669
Endothel,chr11,11570419,11570448
Endothel,chr20,38135119,38135369
Endothel,chr14,103283691,103283786
Endothel,chr17,37909058,37909237
Endothel,chrX,84862149,84862263
Endothel,chr8,2187273,2187434
Endothel,chr16,79109660,79110001
Epid-Kerat,chr15,52239108,52239171
Epid-Kerat,chr5,2592627,2592837
Epid-Kerat,chr6,169450762,169450893
Epid-Kerat,chr19,48421896,48421952
Epid-Kerat,chr8,70273282,70273407
Epid-Kerat,chr3,65852931,65853162
Epid-Kerat,chr1,246796046,246796398
Epid-Kerat,chr17,81271162,81271482
Epid-Kerat,chr15,27854477,27854696
Epid-Kerat,chr16,967921,968068
Epid-Kerat,chr19,54134755,54135159
Epid-Kerat,chr20,62836728,62836811
Epid-Kerat,chr2,12105533,12106219
Epid-Kerat,chr2,9820586,9820714
Epid-Kerat,chr20,51853674,51853738
Epid-Kerat,chr11,48058946,48059091
Epid-Kerat,chr12,92283533,92283888
Epid-Kerat,chr11,114218814,114219095
Epid-Kerat,chr16,81377255,81377772
Epid-Kerat,chr10,8260770,8260879
Epid-Kerat,chr8,89855390,89855519
Epid-Kerat,chr16,88642933,88643195
Epid-Kerat,chr9,112324841,112325456
Epid-Kerat,chr21,44750054,44750314
Epid-Kerat,chr21,27460226,27460490
Epid-Kerat,chr12,4315051,4315173
Epid-Kerat,chr4,42440050,42440584
Epid-Kerat,chr4,89318233,89318455
Epid-Kerat,chr19,44557415,44557515
Epid-Kerat,chr16,88693774,88693870
Epid-Kerat,chr15,55994915,55995062
Epid-Kerat,chr6,12185240,12185536
Epid-Kerat,chr9,133661931,133662069
Epid-Kerat,chr9,34659144,34659219
Epid-Kerat,chr7,40899330,40899571
Epid-Kerat,chr8,143122066,143122211
Epid-Kerat,chr12,105896008,105896258
Epid-Kerat,chr9,126206346,126206445
Epid-Kerat,chr9,95382865,95383050
Epid-Kerat,chr14,101401876,101402008
Epid-Kerat,chr12,132406820,132406888
Epid-Kerat,chr4,156901858,156902185
Epid-Kerat,chr8,20319041,20319269
Epid-Kerat,chr13,106238832,106238889
Epid-Kerat,chr19,2230350,2230509
Epid-Kerat,chr1,32001176,32001550
Epid-Kerat,chr17,12730362,12730565
Epid-Kerat,chr3,31840080,31840667
Epid-Kerat,chrX,120556155,120556313
Epid-Kerat,chr4,121223096,121223431
Epid-Kerat,chr7,69574873,69575070
Epid-Kerat,chr9,121942774,121943001
Epid-Kerat,chr10,86972531,86973027
Epid-Kerat,chr1,31705922,31706140
Epid-Kerat,chr1,5950648,5950918
Epid-Kerat,chr2,133892071,133892470
Epid-Kerat,chr16,15709289,15709567
Epid-Kerat,chr2,167077879,167077976
Epid-Kerat,chr15,35028111,35028233
Epid-Kerat,chr1,38042108,38042215
Epid-Kerat,chr9,91810375,91810486
Epid-Kerat,chr5,1416138,1416219
Epid-Kerat,chr10,123358198,123358342
Epid-Kerat,chr1,1003660,1003750
Epid-Kerat,chr2,109667411,109667758
Epid-Kerat,chr4,184196189,184196830
Epid-Kerat,chr9,135988429,135988587
Epid-Kerat,chr17,78557158,78557554
Epid-Kerat,chr14,97948638,97948693
Epid-Kerat,chr6,81298982,81299479
Epid-Kerat,chr7,54799027,54799231
Epid-Kerat,chr1,211528443,211528894
Epid-Kerat,chr2,15546684,15547680
Epid-Kerat,chr4,33858282,33858711
Epid-Kerat,chrX,136358161,136358742
Epid-Kerat,chr10,61664681,61664961
Epid-Kerat,chr14,48615553,48616200
Epid-Kerat,chr6,10115066,10115114
Epid-Kerat,chr6,70893126,70893317
Epid-Kerat,chr21,44749653,44750035
Epid-Kerat,chr6,4679844,4679969
Epid-Kerat,chr7,338349,338439
Epid-Kerat,chr20,23510117,23510394
Epid-Kerat,chr17,10631477,10632012
Epid-Kerat,chr19,877313,877800
Epid-Kerat,chr9,128176435,128176841
Epid-Kerat,chr1,116148240,116148399
Epid-Kerat,chr14,50156621,50157216
Epid-Kerat,chr15,52239193,52240442
Epid-Kerat,chr21,33320870,33321062
Epid-Kerat,chr1,30691957,30692147
Epid-Kerat,chr1,214548208,214548443
Epid-Kerat,chr10,44206859,44206955
Epid-Kerat,chr17,50818551,50818777
Epid-Kerat,chr5,3099538,3099766
Epid-Kerat,chr17,50033023,50033063
Epid-Kerat,chr17,56848749,56849069
Epid-Kerat,chr17,74418989,74419456
Epid-Kerat,chr2,109054432,109054489
Epid-Kerat,chr6,109769639,109770830
Epid-Kerat,chr12,79767546,79768121
Epid-Kerat,chr7,116445319,116445476
Epid-Kerat,chr8,16962817,16963017
Epid-Kerat,chr1,235880787,235880987
Epid-Kerat,chr1,84561594,84562184
Epid-Kerat,chr2,69712883,69713765
Epid-Kerat,chr17,734699,735953
Epid-Kerat,chr16,15720161,15720319
Epid-Kerat,chr9,136259813,136259997
Epid-Kerat,chr1,38043509,38043939
Epid-Kerat,chrX,33117755,33118256
Epid-Kerat,chr1,26462709,26463282
Epid-Kerat,chr14,55427817,55427977
Epid-Kerat,chr15,81436534,81436753
Epid-Kerat,chr1,6160529,6160649
Epid-Kerat,chr19,45341580,45341722
Epid-Kerat,chr1,115928744,115929135
Epid-Kerat,chr2,237712616,237712671
Epid-Kerat,chr2,3168885,3169095
Epid-Kerat,chr1,237383468,237383721
Epid-Kerat,chr20,52268038,52268230
Epid-Kerat,chr5,104501656,104502047
Epid-Kerat,chr11,103486670,103487176
Epid-Kerat,chr3,37849486,37849843
Epid-Kerat,chr12,106355996,106356471
Epid-Kerat,chr3,138280720,138281714
Epid-Kerat,chr8,97379220,97379322
Epid-Kerat,chr7,148483106,148483468
Epid-Kerat,chr13,27125515,27125983
Epid-Kerat,chr13,37595857,37596708
Epid-Kerat,chr21,43158094,43158335
Epid-Kerat,chr5,2158003,2158142
Epid-Kerat,chr6,125044474,125045515
Epid-Kerat,chr7,152592435,152592670
Epid-Kerat,chr17,343642,345040
Epid-Kerat,chr8,143122277,143122360
Epid-Kerat,chr11,57359108,57359237
Epid-Kerat,chr17,736132,736343
Epid-Kerat,chr20,61731330,61731636
Epid-Kerat,chr7,2120898,2120982
Epid-Kerat,chr5,36307448,36307867
Epid-Kerat,chr10,20953442,20953879
Epid-Kerat,chr1,245622755,245622914
Epid-Kerat,chr4,150175936,150176360
Epid-Kerat,chr15,84829488,84829621
Epid-Kerat,chr7,40899004,40899276
Epid-Kerat,chr17,73379142,73379258
Epid-Kerat,chr17,75605891,75605988
Epid-Kerat,chr6,9477567,9477727
Epid-Kerat,chr6,152426377,152426482
Epid-Kerat,chr11,125406412,125406608
Epid-Kerat,chr7,46229263,46229331
Epid-Kerat,chr11,60748330,60748475
Epid-Kerat,chr10,118487051,118487156
Epid-Kerat,chrX,154667970,154668408
Epid-Kerat,chrX,50972353,50973225
Epid-Kerat,chr1,38048438,38048974
Epid-Kerat,chr1,84563078,84563385
Epid-Kerat,chr17,73100938,73101099
Epid-Kerat,chr5,16820110,16820529
Epid-Kerat,chr13,35718940,35719204
Epid-Kerat,chr13,53202878,53203024
Epid-Kerat,chr9,124421333,124421681
Epid-Kerat,chr5,74183549,74183916
Epid-Kerat,chr16,88643343,88643611
Epid-Kerat,chr18,80180907,80181009
Epid-Kerat,chr22,27758150,27758465
Epid-Kerat,chr22,48209464,48209502
Epid-Kerat,chr7,126658866,126658951
Epid-Kerat,chrX,70424701,70424895
Epid-Kerat,chr14,22081995,22082083
Epid-Kerat,chr12,6366756,6367193
Epid-Kerat,chr9,124710781,124711522
Epid-Kerat,chr5,120690572,120690938
Epid-Kerat,chr8,9274158,9274361
Epid-Kerat,chr10,97479958,97480263
Epid-Kerat,chr6,121599456,121599676
Epid-Kerat,chr1,205604341,205604608
Epid-Kerat,chr14,34367427,34367544
Epid-Kerat,chr20,61731795,61731993
Epid-Kerat,chr1,246796466,246796752
Epid-Kerat,chr7,150038631,150038665
Epid-Kerat,chr8,118032369,118032699
Epid-Kerat,chr18,21369935,21370937
Epid-Kerat,chr19,5683323,5683591
Epid-Kerat,chr10,3116254,3116497
Epid-Kerat,chr8,123564729,123565039
Epid-Kerat,chr22,45324144,45324649
Epid-Kerat,chr5,98446722,98447625
Epid-Kerat,chr4,121223006,121223085
Epid-Kerat,chr1,14904498,14904588
Epid-Kerat,chr17,62662397,62662864
Epid-Kerat,chr6,136981986,136982141
Epid-Kerat,chr11,92584006,92584232
Epid-Kerat,chr1,83734348,83734575
Epid-Kerat,chr1,53529807,53529988
Epid-Kerat,chr19,46284464,46284785
Epid-Kerat,chr12,6366598,6366725
Epid-Kerat,chr1,54924045,54924467
Epid-Kerat,chr11,62150088,62150333
Epid-Kerat,chr2,201066698,201067201
Epid-Kerat,chr16,1012254,1012431
Epid-Kerat,chr16,23484178,23484343
Epid-Kerat,chr3,47224367,47224857
Epid-Kerat,chr9,134353982,134354428
Epid-Kerat,chr10,98657616,98658181
Epid-Kerat,chr6,26437989,26438988
Epid-Kerat,chr2,190787246,190787818
Epid-Kerat,chr13,23578291,23578425
Epid-Kerat,chr15,50652883,50653280
Epid-Kerat,chr9,14262543,14262742
Epid-Kerat,chr11,57357089,57357555
Epid-Kerat,chr1,236102830,236102846
Epid-Kerat,chr6,21346615,21346847
Epid-Kerat,chr17,64942517,64942650
Epid-Kerat,chr6,152144517,152144781
Epid-Kerat,chr10,1409131,1409229
Epid-Kerat,chr5,177432887,177433638
Epid-Kerat,chr20,18644403,18645160
Epid-Kerat,chr12,931130,931243
Epid-Kerat,chr7,135577474,135578148
Epid-Kerat,chr15,50667250,50667444
Epid-Kerat,chr1,170702054,170702180
Epid-Kerat,chr12,324797,325361
Epid-Kerat,chr21,38756425,38756654
Epid-Kerat,chr17,46811166,46811850
Epid-Kerat,chr10,89492358,89492887
Epid-Kerat,chr12,589873,590277
Epid-Kerat,chr12,94237731,94238456
Epid-Kerat,chr5,111705165,111706093
Epid-Kerat,chr17,2269151,2269351
Epid-Kerat,chr8,144181504,144182017
Epid-Kerat,chr3,179465041,179465379
Epid-Kerat,chr1,2590960,2591408
Epid-Kerat,chr22,44894998,44895066
Epid-Kerat,chr1,14764900,14765683
Epid-Kerat,chr7,30741894,30742399
Epid-Kerat,chr14,67110173,67110542
Epid-Kerat,chr13,113405813,113406005
Epid-Kerat,chr17,81671086,81671304
Epid-Kerat,chr17,81271582,81272019
Epid-Kerat,chr5,177433928,177434252
Epid-Kerat,chr11,66704267,66704758
Epid-Kerat,chr8,143122448,143122512
Epid-Kerat,chr11,134292754,134292781
Epid-Kerat,chr11,6246777,6247023
Epid-Kerat,chr7,1654933,1655187
Epid-Kerat,chr6,135192012,135192045
Epid-Kerat,chr15,98717491,98717661
Epid-Kerat,chr12,10701983,10702121
Eryth-prog,chr16,31078203,31078414
Eryth-prog,chr5,145844459,145844621
Eryth-prog,chr1,52075718,52075961
Eryth-prog,chr6,34615690,34615889
Eryth-prog,chr7,140322424,140322498
Eryth-prog,chr19,13719935,13720025
Eryth-prog,chr2,37415326,37415561
Eryth-prog,chr19,19285726,19286051
Eryth-prog,chr19,14143104,14143260
Eryth-prog,chr6,37903484,37903678
Eryth-prog,chr19,6387713,6387961
Eryth-prog,chr11,962689,962921
Eryth-prog,chr15,40559323,40559807
Eryth-prog,chr8,42053388,42053475
Eryth-prog,chr6,142411883,142412144
Eryth-prog,chr22,43969345,43969846
Eryth-prog,chr15,34654621,34654887
Eryth-prog,chr6,136737319,136737610
Eryth-prog,chr12,113191370,113191594
Eryth-prog,chr19,55533775,55533830
Eryth-prog,chr13,102606666,102606766
Eryth-prog,chr1,159957555,159957711
Eryth-prog,chr21,33505874,33506237
Eryth-prog,chr10,12025475,12025939
Eryth-prog,chr3,143281834,143283297
Eryth-prog,chr6,604475,604839
Eryth-prog,chr10,69006064,69006751
Eryth-prog,chr15,84617296,84617393
Eryth-prog,chr10,119175417,119175521
Eryth-prog,chr1,155762302,155762776
Eryth-prog,chr14,24256183,24256562
Eryth-prog,chr8,41796943,41797143
Eryth-prog,chr3,15052704,15053269
Eryth-prog,chr2,96918939,96919060
Eryth-prog,chr9,137389136,137389333
Eryth-prog,chr14,31197233,31197400
Eryth-prog,chr8,41796675,41796938
Eryth-prog,chr7,73562453,73562628
Eryth-prog,chr19,12886932,12887129
Eryth-prog,chr10,98236520,98237074
Eryth-prog,chr16,399350,399654
Eryth-prog,chr2,8998609,8999100
Eryth-prog,chr7,2329372,2329526
Eryth-prog,chr9,136230523,136230584
Eryth-prog,chr16,399680,399814
Eryth-prog,chr5,142108027,142108345
Eryth-prog,chr1,94024235,94024501
Eryth-prog,chr1,230245229,230245519
Eryth-prog,chr9,127841446,127841655
Eryth-prog,chr1,25285156,25285292
Eryth-prog,chr16,68772178,68772663
Eryth-prog,chr1,32141686,32141882
Eryth-prog,chr10,45575395,45575604
Eryth-prog,chr2,233057916,233058038
Eryth-prog,chr1,228145877,228146209
Eryth-prog,chr19,5996739,5997037
Eryth-prog,chr1,19325777,19325861
Eryth-prog,chr17,30848173,30848329
Eryth-prog,chr2,148543086,148543430
Eryth-prog,chr22,45238168,45238347
Eryth-prog,chr1,21687145,21688109
Eryth-prog,chr7,100535288,100535445
Eryth-prog,chr19,3194307,3194739
Eryth-prog,chr6,159686951,159687283
Eryth-prog,chr12,122155646,122155779
Eryth-prog,chr17,32299814,32300206
Eryth-prog,chr20,53912252,53912666
Eryth-prog,chr6,161265711,161265874
Eryth-prog,chr12,123148595,123148846
Eryth-prog,chr4,10081598,10082094
Eryth-prog,chr12,92876491,92877069
Eryth-prog,chr7,5839268,5839405
Eryth-prog,chr9,104101967,104102239
Eryth-prog,chr1,19325570,19325704
Eryth-prog,chr22,38136103,38136327
Eryth-prog,chr3,49473378,49473417
Eryth-prog,chr21,43493235,43493382
Eryth-prog,chr20,31907613,31908024
Eryth-prog,chr12,53310285,53310387
Eryth-prog,chr11,63778355,63778484
Eryth-prog,chr1,21353580,21353807
Eryth-prog,chr5,140678758,140679821
Eryth-prog,chr1,16718194,16718323
Eryth-prog,chr2,217362119,217362935
Eryth-prog,chr3,128849088,128849243
Eryth-prog,chr9,127856901,127857214
Eryth-prog,chr2,231235265,231235768
Eryth-prog,chr22,28878150,28878283
Eryth-prog,chr1,1262136,1262487
Eryth-prog,chr2,219354146,219354308
Eryth-prog,chr2,74131850,74132163
Eryth-prog,chr2,170977789,170978116
Eryth-prog,chr9,112149262,112149720
Eryth-prog,chr4,78809951,78810411
Eryth-prog,chr17,78627122,78627420
Eryth-prog,chr3,98584027,98584609
Eryth-prog,chr1,42824160,42824303
Eryth-prog,chr15,78263529,78263908
Eryth-prog,chr1,86991378,86992084
Eryth-prog,chr10,44356035,44356278
Eryth-prog,chr3,120452010,120452142
Eryth-prog,chr4,5825409,5825742
Eryth-prog,chr1,156757514,156758096
Eryth-prog,chr11,66701195,66701764
Eryth-prog,chr17,83131399,83131894
Eryth-prog,chr12,96460373,96461235
Eryth-prog,chr11,71772181,71772250
Eryth-prog,chr2,105386328,105386453
Eryth-prog,chr19,42407321,42407489
Eryth-prog,chr8,24222511,24223123
Eryth-prog,chr17,39007486,39007799
Eryth-prog,chr14,20403693,20403986
Eryth-prog,chr20,37311132,37311350
Eryth-prog,chr15,92939026,92939960
Eryth-prog,chr3,186558779,186559025
Eryth-prog,chr7,5460704,5460949
Eryth-prog,chr16,21536746,21536878
Eryth-prog,chr14,101047258,101047502
Eryth-prog,chr13,52022275,52022943
Eryth-prog,chr2,74149479,74150270
Eryth-prog,chr4,105462115,105462863
Eryth-prog,chr2,189582961,189584271
Eryth-prog,chr6,136359189,136359882
Eryth-prog,chr20,64068863,64069003
Eryth-prog,chr8,144221656,144221775
Eryth-prog,chr3,157069403,157069676
Eryth-prog,chr11,43363735,43364079
Eryth-prog,chr16,74512219,74512350
Eryth-prog,chr19,1836677,1837266
Eryth-prog,chr14,87993959,87994234
Eryth-prog,chr3,43678264,43678662
Eryth-prog,chr7,132489693,132490246
Eryth-prog,chr5,180782010,180782317
Eryth-prog,chr12,47833658,47834385
Eryth-prog,chr11,33871467,33872248
Eryth-prog,chr16,29654736,29654910
Eryth-prog,chr17,82461377,82461650
Eryth-prog,chr8,102381082,102381617
Eryth-prog,chr10,125816213,125816597
Eryth-prog,chr7,157176918,157177567
Eryth-prog,chr12,53309638,53310039
Eryth-prog,chr7,1950366,1950510
Eryth-prog,chr3,10136527,10136779
Eryth-prog,chr7,33803768,33804412
Eryth-prog,chr12,123036007,123036865
Eryth-prog,chr1,229004406,229004716
Eryth-prog,chr16,57724698,57724866
Eryth-prog,chr6,3288291,3288632
Eryth-prog,chr17,37209700,37210970
Eryth-prog,chr3,197556646,197557074
Eryth-prog,chr7,129749977,129750439
Eryth-prog,chr7,101745704,101746374
Eryth-prog,chr11,65846520,65846755
Eryth-prog,chr14,39316832,39317325
Eryth-prog,chr5,178177199,178177525
Eryth-prog,chr12,68391699,68393145
Eryth-prog,chr16,399076,399259
Eryth-prog,chr8,6575371,6575976
Eryth-prog,chr15,45417493,45417864
Eryth-prog,chr1,201968433,201968664
Eryth-prog,chr17,59702295,59702760
Eryth-prog,chr20,47364796,47364957
Eryth-prog,chr3,128612960,128613060
Eryth-prog,chr13,111296021,111296117
Eryth-prog,chr13,113365820,113366259
Eryth-prog,chr7,100294689,100294908
Eryth-prog,chr16,29622115,29622914
Eryth-prog,chr14,69205302,69205980
Eryth-prog,chr16,21536095,21536685
Eryth-prog,chr7,66639528,66639817
Eryth-prog,chr19,43444632,43444820
Eryth-prog,chr17,2920698,2920995
Eryth-prog,chr4,145497284,145497588
Eryth-prog,chr2,9368775,9369010
Eryth-prog,chr1,179028263,179028497
Eryth-prog,chr16,89748131,89748382
Eryth-prog,chr22,20025430,20026495
Eryth-prog,chr13,40680662,40681336
Eryth-prog,chr1,167867107,167867765
Eryth-prog,chr19,49872852,49873132
Eryth-prog,chr8,105732161,105732755
Eryth-prog,chr1,89897869,89898278
Eryth-prog,chr9,98754999,98755732
Eryth-prog,chr11,119088426,119089013
Eryth-prog,chr15,65777647,65778028
Eryth-prog,chr12,123022191,123022960
Eryth-prog,chr10,44856526,44857029
Eryth-prog,chr16,67581358,67581665
Eryth-prog,chr2,661533,661641
Eryth-prog,chr17,44388505,44388644
Eryth-prog,chr12,110095622,110096116
Eryth-prog,chr14,103731080,103731242
Eryth-prog,chr10,72904161,72904808
Eryth-prog,chr15,65834945,65835081
Eryth-prog,chr16,31017856,31018137
Eryth-prog,chr10,94239702,94239830
Eryth-prog,chr21,45067479,45067871
Eryth-prog,chr7,37076408,37077424
Eryth-prog,chr12,122987396,122987624
Eryth-prog,chr16,30974316,30974925
Eryth-prog,chr2,218066454,218066680
Eryth-prog,chr13,44386323,44386683
Eryth-prog,chr3,195111466,195111690
Eryth-prog,chr7,1855284,1855976
Eryth-prog,chr18,31948162,31948550
Eryth-prog,chr17,49849194,49849458
Eryth-prog,chr9,127939405,127939942
Eryth-prog,chr8,65626142,65626837
Eryth-prog,chr9,4850162,4850407
Eryth-prog,chr2,96171813,96172177
Eryth-prog,chr2,11788351,11788687
Eryth-prog,chr14,102746782,102747011
Eryth-prog,chr19,3193328,3193547
Eryth-prog,chr16,84155691,84156210
Eryth-prog,chr11,129945340,129946199
Eryth-prog,chr22,36480008,36480580
Eryth-prog,chr3,127584856,127585035
Eryth-prog,chr19,12800065,12800239
Eryth-prog,chr7,121008045,121008392
Eryth-prog,chr8,8964547,8965233
Eryth-prog,chr9,5819195,5819769
Eryth-prog,chr21,32567797,32568113
Eryth-prog,chr7,103096933,103097732
Eryth-prog,chr9,131551233,131551467
Eryth-prog,chr15,60774502,60774808
Eryth-prog,chr7,129953740,129953890
Eryth-prog,chr8,127892546,127892770
Eryth-prog,chr1,21886334,21886702
Eryth-prog,chr16,22018557,22019985
Eryth-prog,chr1,19112524,19112854
Eryth-prog,chr1,65437133,65438290
Eryth-prog,chr16,15696726,15696903
Eryth-prog,chr5,132313895,132314676
Eryth-prog,chr3,141312839,141313673
Eryth-prog,chr18,9222538,9223861
Eryth-prog,chr10,102948318,102949253
Eryth-prog,chr1,43398065,43398878
Eryth-prog,chr11,62603901,62604525
Eryth-prog,chr8,41768374,41768434
Eryth-prog,chr3,153170381,153171056
Eryth-prog,chr3,127586183,127586905
Eryth-prog,chr2,43190949,43191300
Eryth-prog,chr12,32000287,32000859
Eryth-prog,chr20,32401452,32402017
Eryth-prog,chr1,179307437,179308667
Eryth-prog,chr16,515935,516643
Eryth-prog,chr15,56093889,56095010
Eryth-prog,chr1,84924422,84924506
Eryth-prog,chr21,44063365,44063738
Eryth-prog,chr3,195511080,195511335
Fallopian-Ep,chr1,169196092,169196821
Fallopian-Ep,chr5,94396137,94396666
Fallopian-Ep,chr17,65008637,65008802
Fallopian-Ep,chr1,172610104,172610247
Fallopian-Ep,chr2,100931719,100931879
Fallopian-Ep,chr8,1708123,1708174
Fallopian-Ep,chr4,22602741,22602903
Fallopian-Ep,chr6,167043671,167043997
Fallopian-Ep,chr2,5499985,5500156
Fallopian-Ep,chr10,27199173,27199260
Fallopian-Ep,chr6,155007196,155007486
Fallopian-Ep,chr8,17492887,17493114
Fallopian-Ep,chr4,56766947,56767044
Fallopian-Ep,chr17,12998827,12999309
Fallopian-Ep,chr14,74896456,74896908
Fallopian-Ep,chr11,68156892,68157143
Fallopian-Ep,chr14,65956980,65957085
Fallopian-Ep,chr5,62398587,62399070
Fallopian-Ep,chr4,22600292,22600929
Fallopian-Ep,chr17,62713508,62713591
Fallopian-Ep,chr1,111425276,111425484
Fallopian-Ep,chr10,86643724,86643806
Fallopian-Ep,chr1,198222646,198223171
Fallopian-Ep,chr9,81620902,81621847
Fallopian-Ep,chr11,133202021,133202216
Fallopian-Ep,chr12,90277403,90277701
Fallopian-Ep,chr10,59683851,59684313
Fallopian-Ep,chr1,155178673,155178835
Fallopian-Ep,chr3,186027520,186027615
Fallopian-Ep,chr1,244313497,244313949
Fallopian-Ep,chr4,22601643,22602107
Fallopian-Ep,chr7,127373944,127374537
Fallopian-Ep,chr9,132610778,132610959
Fallopian-Ep,chr2,110229496,110230361
Fallopian-Ep,chr11,72212895,72213154
Fallopian-Ep,chr8,144194424,144194711
Fallopian-Ep,chr1,147618837,147618982
Fallopian-Ep,chr22,45580022,45580267
Fallopian-Ep,chr17,76811193,76811554
Fallopian-Ep,chr16,66644112,66644686
Fallopian-Ep,chr1,208736880,208736983
Fallopian-Ep,chr9,76320300,76320619
Fallopian-Ep,chr10,132779637,132780029
Fallopian-Ep,chr8,86434415,86434997
Fallopian-Ep,chr1,111418431,111419704
Fallopian-Ep,chr11,69246250,69246316
Fallopian-Ep,chr3,130989623,130990403
Fallopian-Ep,chr4,144347516,144347736
Fallopian-Ep,chr6,28938862,28939647
Fallopian-Ep,chr14,46384917,46385208
Fallopian-Ep,chr8,24276294,24276483
Fallopian-Ep,chr18,22137503,22137933
Fallopian-Ep,chr9,128561594,128562164
Fallopian-Ep,chr9,83794529,83794954
Fallopian-Ep,chr10,14278515,14278704
Fallopian-Ep,chr7,30825033,30825450
Fallopian-Ep,chr9,133241843,133242259
Fallopian-Ep,chr12,110363274,110363490
Fallopian-Ep,chr13,95327295,95327543
Fallopian-Ep,chr11,97907616,97908053
Fallopian-Ep,chr5,177383229,177383565
Fallopian-Ep,chr21,15543349,15543624
Fallopian-Ep,chr5,61526281,61526514
Fallopian-Ep,chr9,120649994,120650296
Fallopian-Ep,chr7,29311232,29311502
Fallopian-Ep,chr2,1541941,1542170
Fallopian-Ep,chr10,3667448,3667577
Fallopian-Ep,chr1,111442837,111443029
Fallopian-Ep,chr18,62606462,62606997
Fallopian-Ep,chr3,5409095,5409263
Fallopian-Ep,chr10,75356905,75357411
Fallopian-Ep,chr14,52733482,52733926
Fallopian-Ep,chr17,17332568,17333179
Fallopian-Ep,chr8,63119494,63119870
Fallopian-Ep,chr17,77117271,77117436
Fallopian-Ep,chr2,147647177,147647506
Fallopian-Ep,chr8,80543907,80544284
Fallopian-Ep,chr16,1017071,1017195
Fallopian-Ep,chr7,156079158,156079267
Fallopian-Ep,chr10,27621965,27622510
Fallopian-Ep,chr3,178383376,178383763
Fallopian-Ep,chr1,93699504,93699887
Fallopian-Ep,chr1,111412951,111413630
Fallopian-Ep,chr1,111420279,111420707
Fallopian-Ep,chr8,73339,73418
Fallopian-Ep,chr1,111443580,111444057
Fallopian-Ep,chr2,220896335,220896399
Fallopian-Ep,chr8,30150721,30150972
Fallopian-Ep,chr11,11070816,11071138
Fallopian-Ep,chr11,6204057,6204660
Fallopian-Ep,chr2,128909246,128909503
Fallopian-Ep,chr3,11247973,11248167
Fallopian-Ep,chr6,550533,550713
Fallopian-Ep,chr17,55471873,55472198
Fallopian-Ep,chr2,236000420,236000724
Fallopian-Ep,chr6,89464475,89465149
Fallopian-Ep,chr5,173686618,173686997
Fallopian-Ep,chr19,29021728,29021881
Fallopian-Ep,chr16,87478225,87478632
Fallopian-Ep,chr2,46973379,46973590
Fallopian-Ep,chr11,134724218,134724383
Fallopian-Ep,chr8,25326503,25326601
Fallopian-Ep,chr4,169719908,169720308
Fallopian-Ep,chr2,15808031,15808213
Fallopian-Ep,chr2,236000018,236000253
Fallopian-Ep,chr10,11636419,11637362
Fallopian-Ep,chr7,123870684,123870788
Fallopian-Ep,chr3,9270867,9271105
Fallopian-Ep,chr2,144216718,144217454
Fallopian-Ep,chr21,42520680,42521091
Fallopian-Ep,chr12,131092045,131092240
Fallopian-Ep,chr16,83963719,83963958
Fallopian-Ep,chr7,121003081,121003859
Fallopian-Ep,chr3,11173433,11173929
Fallopian-Ep,chr15,90043461,90043785
Fallopian-Ep,chr9,135015246,135015357
Fallopian-Ep,chr13,109763289,109763953
Fallopian-Ep,chr18,21055009,21055440
Fallopian-Ep,chr6,25262701,25263217
Fallopian-Ep,chr6,161833563,161833656
Fallopian-Ep,chr9,122804304,122804550
Fallopian-Ep,chr11,12212180,12212464
Fallopian-Ep,chr1,22492516,22492989
Fallopian-Ep,chr3,169616269,169617064
Fallopian-Ep,chr10,121689280,121689709
Fallopian-Ep,chr15,49006062,49006842
Fallopian-Ep,chr4,145376970,145377069
Fallopian-Ep,chr18,78786040,78786267
Fallopian-Ep,chr14,51427600,51428015
Fallopian-Ep,chr2,216148736,216149633
Fallopian-Ep,chr14,92876137,92876434
Fallopian-Ep,chr2,39269809,39270596
Fallopian-Ep,chr21,15351701,15352093
Fallopian-Ep,chr6,7892039,7892195
Fallopian-Ep,chr8,81307743,81308303
Fallopian-Ep,chr5,15937453,15937517
Fallopian-Ep,chr9,136258894,136258991
Fallopian-Ep,chr1,186386799,186387945
Fallopian-Ep,chr10,22945981,22946918
Fallopian-Ep,chr18,69622911,69624313
Fallopian-Ep,chr2,220216450,220216750
Fallopian-Ep,chr2,112865640,112866072
Fallopian-Ep,chr11,100210101,100210337
Fallopian-Ep,chr4,8474690,8474839
Fallopian-Ep,chr17,47982034,47982249
Fallopian-Ep,chr10,10927708,10928225
Fallopian-Ep,chr20,61962252,61962560
Fallopian-Ep,chr1,201249089,201249855
Fallopian-Ep,chr2,223877033,223877897
Fallopian-Ep,chr3,136971420,136971557
Fallopian-Ep,chr4,118085867,118086170
Fallopian-Ep,chr4,97187466,97187591
Fallopian-Ep,chr5,81654088,81655112
Fallopian-Ep,chr15,87124169,87124322
Fallopian-Ep,chr2,172856974,172857471
Fallopian-Ep,chr3,107664287,107665074
Fallopian-Ep,chr12,75309078,75309392
Fallopian-Ep,chr1,230780318,230780446
Fallopian-Ep,chr3,11814821,11815801
Fallopian-Ep,chr11,72177388,72177737
Fallopian-Ep,chr9,120447332,120447853
Fallopian-Ep,chr20,60687178,60687273
Fallopian-Ep,chr9,122804669,122805305
Fallopian-Ep,chr5,15937083,15937296
Fallopian-Ep,chr6,91086667,91087436
Fallopian-Ep,chr8,37309645,37309888
Fallopian-Ep,chr4,78957075,78957349
Fallopian-Ep,chr7,143302227,143302677
Fallopian-Ep,chr17,80710339,80710844
Fallopian-Ep,chr2,24957532,24958440
Fallopian-Ep,chr9,108904143,108904831
Fallopian-Ep,chr15,57567760,57567989
Fallopian-Ep,chr5,142811298,142811835
Fallopian-Ep,chr18,23902831,23904054
Fallopian-Ep,chr18,45282952,45283397
Fallopian-Ep,chr1,6878664,6878776
Fallopian-Ep,chr12,6508149,6508251
Fallopian-Ep,chr9,135521407,135521519
Fallopian-Ep,chr1,60582164,60582595
Fallopian-Ep,chr3,72009368,72009522
Fallopian-Ep,chr3,112380277,112380562
Fallopian-Ep,chr7,66933007,66933250
Fallopian-Ep,chr14,94872949,94873184
Fallopian-Ep,chr7,111831371,111832323
Fallopian-Ep,chr9,88678400,88678904
Fallopian-Ep,chr13,73519655,73520484
Fallopian-Ep,chr2,192413819,192414060
Fallopian-Ep,chr8,77019951,77020289
Fallopian-Ep,chr2,161078839,161080091
Fallopian-Ep,chr10,47219675,47219961
Fallopian-Ep,chr12,117152041,117152265
Fallopian-Ep,chr5,113463551,113464003
Fallopian-Ep,chr2,206025790,206026119
Fallopian-Ep,chr4,26464807,26465144
Fallopian-Ep,chr9,135464391,135464830
Fallopian-Ep,chr10,5642030,5642531
Fallopian-Ep,chr8,124238916,124239083
Fallopian-Ep,chr12,119811033,119811617
Fallopian-Ep,chr1,41340153,41340606
Fallopian-Ep,chr20,59358823,59358895
Fallopian-Ep,chr9,96906633,96907165
Fallopian-Ep,chr11,19313539,19313992
Fallopian-Ep,chr6,27900191,27900333
Fallopian-Ep,chr2,218922355,218922787
Fallopian-Ep,chr2,45760012,45760568
Fallopian-Ep,chr13,37214272,37214637
Fallopian-Ep,chr6,130898594,130898801
Fallopian-Ep,chr12,111665726,111666711
Fallopian-Ep,chr5,66242480,66242772
Fallopian-Ep,chr21,34142974,34143281
Fallopian-Ep,chr9,130788528,130789214
Fallopian-Ep,chr17,64667385,64667926
Fallopian-Ep,chr4,95052450,95053039
Fallopian-Ep,chr9,94960992,94961785
Fallopian-Ep,chr3,130916370,130916612
Fallopian-Ep,chr4,17531447,17531647
Fallopian-Ep,chr1,244708795,244709328
Fallopian-Ep,chr2,172583327,172583662
Fallopian-Ep,chr3,123874529,123875822
Fallopian-Ep,chr6,25517160,25518115
Fallopian-Ep,chr8,133040440,133040912
Fallopian-Ep,chr22_KI270879v1_alt,280425,280829
Fallopian-Ep,chr1,230657639,230657858
Fallopian-Ep,chr1,41507777,41508181
Fallopian-Ep,chr5,176904492,176905431
Fallopian-Ep,chr9,20792695,20793389
Fallopian-Ep,chr15,76948147,76948932
Fallopian-Ep,chr9,127533222,127533929
Fallopian-Ep,chr3,31808695,31809166
Fallopian-Ep,chr4,129306569,129307926
Fallopian-Ep,chr8,128920591,128921273
Fallopian-Ep,chr2,111467572,111468018
Fallopian-Ep,chr13,73831930,73832305
Fallopian-Ep,chr12,92194862,92195070
Fallopian-Ep,chr2,238047534,238048375
Fallopian-Ep,chr10,75983950,75984339
Fallopian-Ep,chr9,116607947,116608728
Fallopian-Ep,chr12,26127484,26128128
Fallopian-Ep,chr7,121090,121201
Fallopian-Ep,chr7,39498274,39499376
Fallopian-Ep,chr5,32623686,32623982
Fallopian-Ep,chr2,206704225,206705258
Fallopian-Ep,chr9,133240877,133241372
Fallopian-Ep,chr17,47541462,47542208
Fallopian-Ep,chr18,978873,979104
Fallopian-Ep,chr19,48575865,48575978
Fallopian-Ep,chr12,8676217,8676540
Fallopian-Ep,chr1,28400233,28400328
Fallopian-Ep,chr8,100878902,100879015
Fallopian-Ep,chr14,105221756,105221898
Fallopian-Ep:Ovary-Ep,chr22,40696701,40696852
Fallopian-Ep:Ovary-Ep,chr4,185924763,185925012
Fallopian-Ep:Ovary-Ep,chr20,23446502,23446590
Fallopian-Ep:Ovary-Ep,chr6,166958793,166958873
Fallopian-Ep:Ovary-Ep,chr11,70806048,70806246
Fallopian-Ep:Ovary-Ep,chr10,112384560,112384708
Fallopian-Ep:Ovary-Ep,chr18,76707767,76707921
Fallopian-Ep:Ovary-Ep,chr1,46497723,46497813
Fallopian-Ep:Ovary-Ep,chr19,36040920,36041140
Fallopian-Ep:Ovary-Ep,chr7,2182313,2182821
Fallopian-Ep:Ovary-Ep,chr11,73953826,73953974
Fallopian-Ep:Ovary-Ep,chr13,106650960,106651047
Fallopian-Ep:Ovary-Ep,chr17,69424502,69424662
Fallopian-Ep:Ovary-Ep,chr10,29530591,29530721
Fallopian-Ep:Ovary-Ep,chr17,8549698,8549933
Fallopian-Ep:Ovary-Ep,chr7,149210882,149211326
Fallopian-Ep:Ovary-Ep,chr13,45870547,45870911
Fallopian-Ep:Ovary-Ep,chr1,61447809,61448291
Fallopian-Ep:Ovary-Ep,chr1,28401337,28401468
Fallopian-Ep:Ovary-Ep,chr2,11512842,11513125
Fallopian-Ep:Ovary-Ep,chr4,1911460,1911796
Fallopian-Ep:Ovary-Ep,chr17,61084480,61084883
Fallopian-Ep:Ovary-Ep,chr2,236324804,236325194
Fallopian-Ep:Ovary-Ep,chr6,151804830,151804972
Fallopian-Ep:Ovary-Ep,chr3,54845915,54845988
Fallopian-Ep:Ovary-Ep,chr7,150309001,150309303
Fallopian-Ep:Ovary-Ep,chr13,113143340,113143669
Fallopian-Ep:Ovary-Ep,chr2,237610593,237611007
Fallopian-Ep:Ovary-Ep,chr1,28400640,28400737
Fallopian-Ep:Ovary-Ep,chr4,19455607,19455647
Fallopian-Ep:Ovary-Ep,chr1,53544007,53544388
Fallopian-Ep:Ovary-Ep,chr9,129193576,129193697
Fallopian-Ep:Ovary-Ep,chr22,47045313,47045619
Fallopian-Ep:Ovary-Ep,chr14,103557765,103557908
Fallopian-Ep:Ovary-Ep,chr11,65671075,65671317
Fallopian-Ep:Ovary-Ep,chr1,64633023,64633197
Fallopian-Ep:Ovary-Ep,chr7,120887521,120887704
Fallopian-Ep:Ovary-Ep,chr20,17784614,17784766
Fallopian-Ep:Ovary-Ep,chr2,73760587,73760912
Fallopian-Ep:Ovary-Ep,chr6,2346117,2346562
Fallopian-Ep:Ovary-Ep,chr7,27733616,27734446
Fallopian-Ep:Ovary-Ep,chr14,105221906,105222321
Fallopian-Ep:Ovary-Ep,chr4,19455824,19456110
Fallopian-Ep:Ovary-Ep,chr10,11363275,11363490
Fallopian-Ep:Ovary-Ep,chr15,100924229,100924729
Fallopian-Ep:Ovary-Ep,chr1,64484047,64484510
Fallopian-Ep:Ovary-Ep,chr12,96699179,96699341
Fallopian-Ep:Ovary-Ep,chr19,11154130,11154526
Fallopian-Ep:Ovary-Ep,chr21,44661398,44661559
Fallopian-Ep:Ovary-Ep,chr4,152743059,152743421
Fallopian-Ep:Ovary-Ep,chr6,151773404,151773933
Fallopian-Ep:Ovary-Ep,chr10,74133895,74133949
Fallopian-Ep:Ovary-Ep,chr8,54351177,54351417
Fallopian-Ep:Ovary-Ep,chr4,108712793,108713207
Fallopian-Ep:Ovary-Ep,chr6,151806367,151806687
Fallopian-Ep:Ovary-Ep,chr6,149427938,149428087
Fallopian-Ep:Ovary-Ep,chr5,88924176,88924455
Fallopian-Ep:Ovary-Ep,chr12,71533237,71533786
Fallopian-Ep:Ovary-Ep,chr1,84940836,84941139
Fallopian-Ep:Ovary-Ep,chr19,19950981,19951214
Fallopian-Ep:Ovary-Ep,chr19,12908525,12908620
Fallopian-Ep:Ovary-Ep,chr20,51106911,51107287
Fallopian-Ep:Ovary-Ep,chr22,25468056,25468600
Fallopian-Ep:Ovary-Ep,chr17,8549272,8549406
Fallopian-Ep:Ovary-Ep,chr19,36040515,36040841
Fallopian-Ep:Ovary-Ep,chr1,9920588,9921288
Fallopian-Ep:Ovary-Ep,chr3,62066765,62067460
Fallopian-Ep:Ovary-Ep,chr18,76456001,76456339
Fallopian-Ep:Ovary-Ep,chr21,31829711,31830099
Fallopian-Ep:Ovary-Ep,chr2,227021118,227021246
Fallopian-Ep:Ovary-Ep,chr1,32436121,32436348
Fallopian-Ep:Ovary-Ep,chr3,17276781,17277497
Fallopian-Ep:Ovary-Ep,chr4,4495690,4497018
Fallopian-Ep:Ovary-Ep,chr18,48314124,48314290
Fallopian-Ep:Ovary-Ep,chr2,71252007,71252426
Fallopian-Ep:Ovary-Ep,chr11,70805430,70805987
Fallopian-Ep:Ovary-Ep,chr2,119712396,119712667
Fallopian-Ep:Ovary-Ep,chr10,59793581,59793716
Fallopian-Ep:Ovary-Ep,chr4,140216926,140217145
Fallopian-Ep:Ovary-Ep,chr11,67796785,67796908
Fallopian-Ep:Ovary-Ep,chr5,19802608,19803226
Fallopian-Ep:Ovary-Ep,chr9,4096236,4096601
Fallopian-Ep:Ovary-Ep,chr2,8638549,8638655
Fallopian-Ep:Ovary-Ep,chr6,2867662,2868130
Fallopian-Ep:Ovary-Ep,chr1,155492381,155492719
Fallopian-Ep:Ovary-Ep,chr5,138523361,138523793
Fallopian-Ep:Ovary-Ep,chr14,55741090,55741558
Fallopian-Ep:Ovary-Ep,chr19,14258693,14259070
Fallopian-Ep:Ovary-Ep,chr3,77230363,77230718
Fallopian-Ep:Ovary-Ep,chr19,29833695,29833944
Fallopian-Ep:Ovary-Ep,chr13,100397998,100398544
Fallopian-Ep:Ovary-Ep,chr16,29633733,29634109
Fallopian-Ep:Ovary-Ep,chr18,78923099,78923177
Fallopian-Ep:Ovary-Ep,chr7,149210406,149210704
Fallopian-Ep:Ovary-Ep,chr15,92724889,92725944
Fallopian-Ep:Ovary-Ep,chr6,41467205,41467321
Fallopian-Ep:Ovary-Ep,chr6,1588609,1589098
Fallopian-Ep:Ovary-Ep,chr2,130593604,130593649
Fallopian-Ep:Ovary-Ep,chr19,3581547,3581725
Fallopian-Ep:Ovary-Ep,chr2,680602,680725
Fallopian-Ep:Ovary-Ep,chr11,112499914,112500055
Fallopian-Ep:Ovary-Ep,chr2,232375438,232375567
Fallopian-Ep:Ovary-Ep,chr4,137666116,137666875
Fallopian-Ep:Ovary-Ep,chr6,37065838,37066296
Fallopian-Ep:Ovary-Ep,chr3,157523165,157523387
Fallopian-Ep:Ovary-Ep,chr14,73706959,73707547
Fallopian-Ep:Ovary-Ep,chr19,11153966,11154069
Fallopian-Ep:Ovary-Ep,chr4,19456230,19456734
Fallopian-Ep:Ovary-Ep,chr21,35571823,35572074
Fallopian-Ep:Ovary-Ep,chr3,50522645,50522874
Fallopian-Ep:Ovary-Ep,chr17,47524023,47524090
Fallopian-Ep:Ovary-Ep,chr10,118982183,118982408
Fallopian-Ep:Ovary-Ep,chr7,106605215,106605477
Fallopian-Ep:Ovary-Ep,chr2,130872511,130872782
Fallopian-Ep:Ovary-Ep,chr6,168224204,168224525
Fallopian-Ep:Ovary-Ep,chr20,40913482,40913591
Fallopian-Ep:Ovary-Ep,chr2,205837172,205837377
Fallopian-Ep:Ovary-Ep,chr3,39579478,39579892
Fallopian-Ep:Ovary-Ep,chr8,59247709,59247914
Fallopian-Ep:Ovary-Ep,chr19,49140025,49140412
Fallopian-Ep:Ovary-Ep,chr15,61111953,61112281
Fallopian-Ep:Ovary-Ep,chr2,161034037,161034407
Fallopian-Ep:Ovary-Ep,chr11,126749132,126749456
Fallopian-Ep:Ovary-Ep,chr15,52140886,52141171
Fallopian-Ep:Ovary-Ep,chr14,29914078,29914272
Fallopian-Ep:Ovary-Ep,chr17,63444052,63444442
Fallopian-Ep:Ovary-Ep,chr20,16670512,16670739
Fallopian-Ep:Ovary-Ep,chr1,88341561,88342146
Fallopian-Ep:Ovary-Ep,chr22,29190143,29190436
Fallopian-Ep:Ovary-Ep,chr9,132611291,132611365
Fallopian-Ep:Ovary-Ep,chr7,70263835,70264190
Fallopian-Ep:Ovary-Ep,chr13,95549981,95550195
Fallopian-Ep:Ovary-Ep,chr17,68022476,68022850
Fallopian-Ep:Ovary-Ep,chr11,68363012,68363253
Fallopian-Ep:Ovary-Ep,chr17,31089366,31089953
Fallopian-Ep:Ovary-Ep,chr2,232271069,232271558
Fallopian-Ep:Ovary-Ep,chr2,32169639,32170266
Fallopian-Ep:Ovary-Ep,chr12,131014010,131014203
Fallopian-Ep:Ovary-Ep,chr3,16747966,16748373
Fallopian-Ep:Ovary-Ep,chr12,8448369,8448943
Fallopian-Ep:Ovary-Ep,chr6,137776195,137776430
Fallopian-Ep:Ovary-Ep,chr1,1196563,1196734
Fallopian-Ep:Ovary-Ep,chr1,172388627,172389828
Fallopian-Ep:Ovary-Ep,chr5,157648702,157648976
Fallopian-Ep:Ovary-Ep,chr2,44582064,44582896
Fallopian-Ep:Ovary-Ep,chr2,71159171,71159534
Fallopian-Ep:Ovary-Ep,chr11,86702945,86703761
Fallopian-Ep:Ovary-Ep,chr12,114767589,114767647
Fallopian-Ep:Ovary-Ep,chr5,129104756,129105356
Fallopian-Ep:Ovary-Ep,chr4,82786517,82786780
Fallopian-Ep:Ovary-Ep,chr1,232949386,232949699
Fallopian-Ep:Ovary-Ep,chr9,129871334,129871630
Fallopian-Ep:Ovary-Ep,chr6,137473476,137473837
Fallopian-Ep:Ovary-Ep,chr6,37569787,37569931
Fallopian-Ep:Ovary-Ep,chr1,45646065,45646580
Fallopian-Ep:Ovary-Ep,chr1,242459521,242459859
Fallopian-Ep:Ovary-Ep,chr18,79660245,79660311
Fallopian-Ep:Ovary-Ep,chr3,185107134,185107407
Fallopian-Ep:Ovary-Ep,chr14,74896456,74896908
Fallopian-Ep:Ovary-Ep,chr22,39036907,39037061
Fallopian-Ep:Ovary-Ep,chr11,61496597,61496785
Fallopian-Ep:Ovary-Ep,chr16,89703777,89703863
Fallopian-Ep:Ovary-Ep,chr11,71795925,71796055
Fallopian-Ep:Ovary-Ep,chr1,59806221,59806387
Fallopian-Ep:Ovary-Ep,chr3,101253164,101253900
Fallopian-Ep:Ovary-Ep,chr9,85876036,85876228
Fallopian-Ep:Ovary-Ep,chr16,74432926,74433212
Fallopian-Ep:Ovary-Ep,chr19,52630808,52631743
Fallopian-Ep:Ovary-Ep,chr1,18589795,18589835
Fallopian-Ep:Ovary-Ep,chr6,13475800,13476352
Fallopian-Ep:Ovary-Ep,chr1,60116392,60117037
Fallopian-Ep:Ovary-Ep,chr2,11571733,11571812
Fallopian-Ep:Ovary-Ep,chr9,132610976,132611178
Fallopian-Ep:Ovary-Ep,chr16,84033347,84033442
Fallopian-Ep:Ovary-Ep,chr1,206062724,206062869
Fallopian-Ep:Ovary-Ep,chr16,88161075,88161148
Fallopian-Ep:Ovary-Ep,chr21,45836612,45836703
Fallopian-Ep:Ovary-Ep,chr12,68660183,68660837
Fallopian-Ep:Ovary-Ep,chr1,40924197,40924598
Fallopian-Ep:Ovary-Ep,chr2,71160598,71160736
Fallopian-Ep:Ovary-Ep,chr5,139523211,139523568
Fallopian-Ep:Ovary-Ep,chr5,172944223,172944422
Fallopian-Ep:Ovary-Ep,chr9,19442328,19442699
Fallopian-Ep:Ovary-Ep,chr19,57768135,57769025
Fallopian-Ep:Ovary-Ep,chr5,139530468,139530807
Fallopian-Ep:Ovary-Ep,chr9,132874452,132874674
Fallopian-Ep:Ovary-Ep,chr17,64131753,64132411
Fallopian-Ep:Ovary-Ep,chr2,187507082,187507411
Fallopian-Ep:Ovary-Ep,chr19,9998323,9998621
Fallopian-Ep:Ovary-Ep,chr7,139045934,139047049
Fallopian-Ep:Ovary-Ep,chr9,137428473,137428701
Fallopian-Ep:Ovary-Ep,chr12,115945802,115946437
Fallopian-Ep:Ovary-Ep,chr9,136020891,136021065
Fallopian-Ep:Ovary-Ep,chrX,44064127,44064413
Fallopian-Ep:Ovary-Ep,chr10,43323816,43323984
Fallopian-Ep:Ovary-Ep,chr6,145104879,145105206
Fallopian-Ep:Ovary-Ep,chr10,78472685,78473097
Fallopian-Ep:Ovary-Ep,chr14,61567631,61567953
Fallopian-Ep:Ovary-Ep,chr10,78827604,78827778
Fallopian-Ep:Ovary-Ep,chr18,59372679,59373362
Fallopian-Ep:Ovary-Ep,chr11,36479922,36480082
Fallopian-Ep:Ovary-Ep,chr12,131130556,131130766
Fallopian-Ep:Ovary-Ep,chr6,22014935,22015047
Fallopian-Ep:Ovary-Ep,chr8,54309801,54310188
Fallopian-Ep:Ovary-Ep,chr4,9699065,9699456
Fallopian-Ep:Ovary-Ep,chr7,143779828,143780633
Fallopian-Ep:Ovary-Ep,chr11,93659652,93660025
Fallopian-Ep:Ovary-Ep,chr8,93673535,93673965
Fallopian-Ep:Ovary-Ep,chr13,114046858,114047181
Fallopian-Ep:Ovary-Ep,chr4,48255233,48256526
Fallopian-Ep:Ovary-Ep,chr3,70951790,70952151
Fallopian-Ep:Ovary-Ep,chr19,418507,418743
Fallopian-Ep:Ovary-Ep,chr2,10097965,10098485
Fallopian-Ep:Ovary-Ep,chr18,76205648,76205858
Fallopian-Ep:Ovary-Ep,chr1,31033267,31033723
Fallopian-Ep:Ovary-Ep,chr9,20325070,20325564
Fallopian-Ep:Ovary-Ep,chrX,136962956,136963581
Fallopian-Ep:Ovary-Ep,chr22,48325884,48326087
Fallopian-Ep:Ovary-Ep,chr2,55271410,55271660
Fallopian-Ep:Ovary-Ep,chr11,73943689,73944073
Fallopian-Ep:Ovary-Ep,chr11,72859585,72860706
Fallopian-Ep:Ovary-Ep,chr22,45643685,45643776
Fallopian-Ep:Ovary-Ep,chr11,68362713,68362967
Fallopian-Ep:Ovary-Ep,chr6,53301714,53302015
Fallopian-Ep:Ovary-Ep,chr6,118855307,118856473
Fallopian-Ep:Ovary-Ep,chr6,34541700,34542385
Fallopian-Ep:Ovary-Ep,chr3,141447495,141448419
Fallopian-Ep:Ovary-Ep,chr9,100349751,100351185
Fallopian-Ep:Ovary-Ep,chr20,51261273,51261536
Fallopian-Ep:Ovary-Ep,chr6,35613125,35613783
Fallopian-Ep:Ovary-Ep,chr20,38362119,38362208
Fallopian-Ep:Ovary-Ep,chr8,26005136,26005997
Fallopian-Ep:Ovary-Ep,chr19,18769985,18770295
Fallopian-Ep:Ovary-Ep,chr15,98919376,98919636
Fallopian-Ep:Ovary-Ep,chr18,9504136,9504915
Fallopian-Ep:Ovary-Ep,chr6,40434537,40434890
Fallopian-Ep:Ovary-Ep,chr1,213066958,213067294
Fallopian-Ep:Ovary-Ep,chr5,134749258,134749957
Fallopian-Ep:Ovary-Ep,chr10,48692796,48693202
Fallopian-Ep:Ovary-Ep,chr18,76781945,76782457
Fallopian-Ep:Ovary-Ep,chrX,48506931,48507668
Fallopian-Ep:Ovary-Ep,chrX,22128119,22128152
Fallopian-Ep:Ovary-Ep,chr12,69245860,69246678
Fallopian-Ep:Ovary-Ep,chr21,32525623,32525884
Fallopian-Ep:Ovary-Ep,chr12,5274093,5274321
Fallopian-Ep:Ovary-Ep,chr9,67291227,67291762
Fallopian-Ep:Ovary-Ep,chr1,243968757,243969794
Fallopian-Ep:Ovary-Ep,chr18,3214679,3215157
Fallopian-Ep:Ovary-Ep,chr19,55227059,55227372
Fallopian-Ep:Ovary-Ep,chr17,81462529,81462815
Gallbladder,chr3,171746039,171746435
Gallbladder,chr17,62140506,62140635
Gallbladder,chr11,1228579,1228667
Gallbladder,chr6,148917807,148918059
Gallbladder,chr1,232665904,232666078
Gallbladder,chr16,72962888,72962988
Gallbladder,chr6,170375738,170375788
Gallbladder,chr3,171751618,171751998
Gallbladder,chr1,167916245,167916356
Gallbladder,chr3,149480923,149481155
Gallbladder,chr4,90496892,90496964
Gallbladder,chr14,51025062,51025344
Gallbladder,chr4,39176256,39176369
Gallbladder,chr10,109964985,109965111
Gallbladder,chr1,25861843,25862003
Gallbladder,chr6,110951664,110951996
Gallbladder,chr2,231398733,231399211
Gallbladder,chr3,71108626,71108720
Gallbladder,chr10,106728055,106728179
Gallbladder,chr3,149478684,149479067
Gallbladder,chr18,4002742,4002925
Gallbladder,chr17,82769642,82769864
Gallbladder,chr15,96447242,96447674
Gallbladder,chr17,81462220,81462451
Gallbladder,chr18,63002888,63003021
Gallbladder,chr10,4119173,4119389
Gallbladder,chr20,37379756,37379853
Gallbladder,chr2,60415197,60415658
Gallbladder,chr12,80149789,80150077
Gallbladder,chr21,43418974,43419445
Gallbladder,chr10,5980727,5981498
Gallbladder,chr10,6739383,6739643
Gallbladder,chr7,156494281,156494396
Gallbladder,chr11,1232674,1232749
Gallbladder,chr22,27683030,27683080
Gallbladder,chr4,90534230,90534419
Gallbladder,chr2,7246025,7246068
Gallbladder,chr6,43784597,43784786
Gallbladder,chr19,1293441,1293584
Gallbladder,chr17,43585206,43585343
Gallbladder,chr1,232460879,232461271
Gallbladder,chr22,37572056,37572903
Gallbladder,chr3,171745846,171746004
Gallbladder,chr18,63005040,63005367
Gallbladder,chr17,81462845,81463254
Gallbladder,chr9,90214580,90214699
Gallbladder,chr17,62140188,62140461
Gallbladder,chr7,74653650,74653819
Gallbladder,chr12,93108578,93108949
Gallbladder,chr11,1226601,1226749
Gallbladder,chr2,13532469,13532978
Gallbladder,chr18,63003347,63004355
Gallbladder,chr14,23279452,23279809
Gallbladder,chr6,168204326,168204896
Gallbladder,chr11,1228716,1228824
Gallbladder,chr3,184353323,184353903
Gallbladder,chr3,142019086,142019561
Gallbladder,chr20,57935551,57935801
Gallbladder,chr4,16030773,16031329
Gallbladder,chr12,1295048,1295271
Gallbladder,chr17,75989017,75989257
Gallbladder,chr11,2839930,2839993
Gallbladder,chr3,149484081,149484788
Gallbladder,chr1,193188164,193188818
Gallbladder,chr22,37575990,37576409
Gallbladder,chr12,93021660,93021839
Gallbladder,chr15,59274875,59275203
Gallbladder,chr15,61458218,61458863
Gallbladder,chr19,39966402,39967103
Gallbladder,chr1,12585508,12585889
Gallbladder,chr8,116654780,116655119
Gallbladder,chr11,1229165,1229249
Gallbladder,chr7,24577247,24578567
Gallbladder,chr19,55229282,55229478
Gallbladder,chr21,42935867,42936376
Gallbladder,chr18,63000138,63000563
Gallbladder,chr8,89756340,89756573
Gallbladder,chr2,365054,365353
Gallbladder,chr14,63640551,63640655
Gallbladder,chr7,100861117,100861342
Gallbladder,chr12,49348818,49349414
Gallbladder,chr5,1160978,1161197
Gallbladder,chr12,93392764,93392977
Gallbladder,chr1,19377833,19378042
Gallbladder,chr14,63640203,63640456
Gallbladder,chr2,65968844,65969090
Gallbladder,chr11,1222070,1222376
Gallbladder,chr10,6734683,6735150
Gallbladder,chr5,499958,500366
Gallbladder,chr12,120974823,120975647
Gallbladder,chr6,18337872,18338185
Gallbladder,chr8,30129180,30129873
Gallbladder,chr1,219839214,219839538
Gallbladder,chr10,6302157,6302405
Gallbladder,chr11,120536440,120536855
Gallbladder,chr11,65016906,65017321
Gallbladder,chr12,56447620,56447968
Gallbladder,chr6,158061773,158062130
Gallbladder,chr3,171760646,171761870
Gallbladder,chr2,54691030,54691280
Gallbladder,chr11,1225813,1225972
Gallbladder,chr20,8658565,8658790
Gallbladder,chr19,53462222,53462531
Gallbladder,chr17,81956419,81956518
Gallbladder,chr8,89756090,89756335
Gallbladder,chr3,171749681,171750924
Gallbladder,chr11,1838608,1838735
Gallbladder,chr17,75527932,75528277
Gallbladder,chr11,1227932,1227981
Gallbladder,chr4,87855127,87855228
Gallbladder,chr10,12410741,12410959
Gallbladder,chr18,9898760,9898999
Gallbladder,chr5,112223974,112224113
Gallbladder,chr2,234949253,234949323
Gallbladder,chr21,43460820,43461042
Gallbladder,chr7,1546468,1546522
Gallbladder,chr11,39846709,39846888
Gallbladder,chr12,93394065,93394631
Gallbladder,chr1,197989075,197989241
Gallbladder,chr12,19323132,19323646
Gallbladder,chr6,22660726,22660890
Gallbladder,chr16,48416027,48416337
Gallbladder,chr20,49239174,49239293
Gallbladder,chr16,81785802,81786193
Gallbladder,chr1,116296444,116296653
Gallbladder,chr22,50283844,50284619
Gallbladder,chr7,12972305,12972570
Gallbladder,chr18,35007623,35008463
Gallbladder,chr12,49515745,49516293
Gallbladder,chr3,171762534,171763364
Gallbladder,chr19,1699151,1699166
Gallbladder,chr17,75640623,75641165
Gallbladder,chr2,69757175,69758293
Gallbladder,chr18,63004501,63004802
Gallbladder,chr13,106736566,106736847
Gallbladder,chr2,69778173,69778700
Gallbladder,chr22,37011076,37011199
Gallbladder,chr7,134764707,134765172
Gallbladder,chr3,195351156,195351364
Gallbladder,chr12,93395003,93395999
Gallbladder,chr8,27884353,27884416
Gallbladder,chr17,82769216,82769485
Gallbladder,chr8,111870389,111870775
Gallbladder,chr19,55230639,55231120
Gallbladder,chr6,143689074,143689724
Gallbladder,chr19,55227412,55227802
Gallbladder,chr3,171625228,171625537
Gallbladder,chr17,81458143,81458852
Gallbladder,chr21,36035149,36035277
Gallbladder,chr20,4156009,4156120
Gallbladder,chr7,30990699,30991113
Gallbladder,chr11,39846911,39847020
Gallbladder,chr5,600863,601094
Gallbladder,chr11,60759950,60759993
Gallbladder,chr3,142969328,142970088
Gallbladder,chr11,2761741,2761971
Gallbladder,chr19,55206211,55206473
Gallbladder,chr11,71546549,71546671
Gallbladder,chr1,15357243,15357921
Gallbladder,chr8,8225991,8226715
Gallbladder,chr10,90536398,90536651
Gallbladder,chr12,93389243,93389421
Gallbladder,chr1,16117728,16118105
Gallbladder,chr3,171763881,171764726
Gallbladder,chr8,2752066,2752307
Gallbladder,chr17,37728063,37728330
Gallbladder,chr19,1698700,1698793
Gallbladder,chr11,1221471,1221608
Gallbladder,chr18,3172612,3173483
Gallbladder,chr15,84857193,84857412
Gallbladder,chr11,1230312,1230499
Gallbladder,chr7,29433261,29433771
Gallbladder,chr5,520298,520560
Gallbladder,chr2,222675502,222675943
Gallbladder,chr8,12977625,12978102
Gallbladder,chr15,70637244,70637309
Gallbladder,chr16,72283897,72284399
Gallbladder,chr4,128508725,128508826
Gallbladder,chr11,65023244,65023353
Gallbladder,chr9,113911571,113912045
Gallbladder,chr3,193869162,193869452
Gallbladder,chr5,60690645,60691203
Gallbladder,chr16,70417807,70417935
Gallbladder,chr19,16364323,16364537
Gallbladder,chr8,144269103,144270256
Gallbladder,chr16,57604310,57604610
Gallbladder,chr20,37383978,37384032
Gallbladder,chr3,142020459,142021097
Gallbladder,chr9,127575590,127575777
Gallbladder,chr13,95972587,95973047
Gallbladder,chr18,3672491,3672766
Gallbladder,chr21,16378827,16379969
Gallbladder,chr10,5097452,5098299
Gallbladder,chr11,68868589,68868825
Gallbladder,chr21,43418837,43418971
Gallbladder,chr19,55230162,55230553
Gallbladder,chr18,3176290,3176652
Gallbladder,chr1,46405385,46405432
Gallbladder,chr11,2840032,2840318
Gallbladder,chr17,79945495,79945796
Gallbladder,chr1,164806926,164807128
Gallbladder,chr11,1252242,1252691
Gallbladder,chr6,34902279,34902540
Gallbladder,chr8,1793534,1794496
Gallbladder,chr3,119242759,119243071
Gallbladder,chr2,54563642,54563880
Gallbladder,chr12,95168139,95168612
Gallbladder,chr14,99395324,99395483
Gallbladder,chr6,42616754,42618000
Gallbladder,chr8,6820328,6820709
Gallbladder,chr21,43418038,43418769
Gallbladder,chr22,43167632,43168296
Gallbladder,chr20,54643479,54643653
Gallbladder,chr11,74531268,74531414
Gallbladder,chr17,77390596,77390747
Gallbladder,chr13,23873085,23873808
Gallbladder,chr16,88493680,88494425
Gallbladder,chr14,67724412,67724984
Gallbladder,chr11,69949824,69950053
Gallbladder,chr17,16284033,16284269
Gallbladder,chr6,159133107,159133345
Gallbladder,chr11,1236242,1236491
Gallbladder,chr17,73330338,73330507
Gallbladder,chr5,54122453,54123203
Gallbladder,chr11,65839640,65839897
Gallbladder,chr2,69782934,69783650
Gallbladder,chr17,37728367,37728602
Gallbladder,chr22,41460640,41461941
Gallbladder,chr2,3202082,3202233
Gallbladder,chr5,1129008,1129298
Gallbladder,chr9,128083760,128083814
Gallbladder,chr13,36839769,36839939
Gallbladder,chr19,2172334,2172591
Gallbladder,chr5,132625923,132626148
Gallbladder,chr4,110083323,110083751
Gallbladder,chr6,3271917,3272097
Gallbladder,chr11,1841013,1841212
Gallbladder,chr2,53897823,53899128
Gallbladder,chr22,40182026,40182240
Gallbladder,chr2,241445809,241446490
Gallbladder,chr13,41259528,41259767
Gallbladder,chr7,1947124,1948113
Gallbladder,chr7,20405362,20405471
Gallbladder,chr7,30785016,30785413
Gallbladder,chr7,855414,855874
Gallbladder,chr17,2651298,2652193
Gallbladder,chr3,184357370,184357875
Gallbladder,chr13,28263834,28263980
Gallbladder,chr3,65183212,65183269
Gallbladder,chr12,77231068,77231131
Gastric-Ep,chr15,66272463,66272725
Gastric-Ep,chr5,140247861,140248181
Gastric-Ep,chr6,126015205,126015510
Gastric-Ep,chr2,36891382,36892017
Gastric-Ep,chr9,69059024,69059463
Gastric-Ep,chr1,77104673,77104782
Gastric-Ep,chr22,41495366,41495746
Gastric-Ep,chr3,137998823,137999059
Gastric-Ep,chr12,32498822,32498964
Gastric-Ep,chr20,59979222,59979690
Gastric-Ep,chr16,71810384,71811169
Gastric-Ep,chr1,117071962,117072528
Gastric-Ep,chr3,138000114,138000687
Gastric-Ep,chr18,57654561,57654756
Gastric-Ep,chr6,118833518,118833864
Gastric-Ep,chr13,28051045,28051330
Gastric-Ep,chr7,152469423,152469792
Gastric-Ep,chr21,34365644,34365916
Gastric-Ep,chr3,138008317,138008518
Gastric-Ep,chr13,74014331,74014758
Gastric-Ep,chr1,206023009,206023707
Gastric-Ep,chr2,102478950,102479443
Gastric-Ep,chr8,134927082,134927456
Gastric-Ep,chr6,107067471,107068082
Gastric-Ep,chr1,41174476,41175259
Gastric-Ep,chr2,52730238,52730377
Gastric-Ep,chr1,62706822,62706964
Gastric-Ep,chr2,231420007,231420070
Gastric-Ep,chr2,97759537,97759772
Gastric-Ep,chr9,133385048,133385214
Gastric-Ep,chr21,34364454,34364687
Gastric-Ep,chr4,121686627,121686999
Gastric-Ep,chr5,147914798,147915722
Gastric-Ep,chr6,136703014,136703332
Gastric-Ep,chr19,52180275,52180763
Gastric-Ep,chr3,138000847,138002190
Gastric-Ep,chr1,96631751,96632485
Gastric-Ep,chr4,183092251,183092457
Gastric-Ep,chr4,173386338,173386448
Gastric-Ep,chr5,147914711,147914760
Gastric-Ep,chr11,59535946,59536193
Gastric-Ep,chr18,10373137,10373478
Gastric-Ep,chr11,47869044,47869481
Gastric-Ep,chr3,30651811,30652003
Gastric-Ep,chr21,34366342,34366708
Gastric-Ep,chr5,127664558,127664628
Gastric-Ep,chr21,34366754,34367105
Gastric-Ep,chr2,200894818,200895767
Gastric-Ep,chr6,130011415,130011814
Gastric-Ep,chr8,6737850,6738339
Gastric-Ep,chr17,651052,651462
Gastric-Ep,chr10,444067,444275
Gastric-Ep,chr12,121740020,121740213
Gastric-Ep,chr11,129872490,129872770
Gastric-Ep,chr11,77996494,77996653
Gastric-Ep,chr1,246327574,246327992
Gastric-Ep,chr2,238344135,238344557
Gastric-Ep,chr1,37888291,37888514
Gastric-Ep,chr16,81261421,81261515
Gastric-Ep,chr10,7175802,7176361
Gastric-Ep,chr16,21973349,21973842
Gastric-Ep,chr19,12158483,12158736
Gastric-Ep,chr3,156984097,156984506
Gastric-Ep,chr8,73366338,73366573
Gastric-Ep,chr15,82150377,82151206
Gastric-Ep,chr1,235196044,235196383
Gastric-Ep,chr4,25302477,25302775
Gastric-Ep,chr2,201889053,201889779
Gastric-Ep,chr3,117676267,117676360
Gastric-Ep,chr7,98376724,98376885
Gastric-Ep,chr5,124292667,124292922
Gastric-Ep,chr6,157154999,157155429
Gastric-Ep,chr9,125705460,125705768
Gastric-Ep,chr2,127263961,127264190
Gastric-Ep,chr4,25849859,25850119
Gastric-Ep,chr5,90992024,90992468
Gastric-Ep,chr2,157471346,157471786
Gastric-Ep,chr4,185571396,185571487
Gastric-Ep,chr2,11820461,11820736
Gastric-Ep,chr14,58509534,58510167
Gastric-Ep,chr11,125018130,125018689
Gastric-Ep,chr4,120538571,120539230
Gastric-Ep,chr11,94868134,94868438
Gastric-Ep,chr15,74481973,74482432
Gastric-Ep,chr15,41753135,41753336
Gastric-Ep,chr15,41857655,41858077
Gastric-Ep,chr19,41161123,41161739
Gastric-Ep,chr11,110498090,110498612
Gastric-Ep,chr3,143841012,143841234
Gastric-Ep,chr13,34323525,34323693
Gastric-Ep,chr14,69176432,69176826
Gastric-Ep,chr11,111967854,111968631
Gastric-Ep,chr12,79659035,79659273
Gastric-Ep,chr6,41759297,41759716
Gastric-Ep,chr7,23416613,23416834
Gastric-Ep,chr4,25302821,25303096
Gastric-Ep,chr22,42838578,42838938
Gastric-Ep,chr16,30114751,30115017
Gastric-Ep,chr1,54339634,54339950
Gastric-Ep,chr2,102478006,102478827
Gastric-Ep,chr16,14908433,14909543
Gastric-Ep,chr3,151258169,151258960
Gastric-Ep,chr4,1371157,1371642
Gastric-Ep,chr5,53592194,53592248
Gastric-Ep,chr2,43052917,43053628
Gastric-Ep,chr14,93140101,93140324
Gastric-Ep,chr1,69703668,69704107
Gastric-Ep,chr2,38790722,38790923
Gastric-Ep,chr4,159043369,159043416
Gastric-Ep,chr11,16959833,16960275
Gastric-Ep,chr6,157110487,157110924
Gastric-Ep,chr2,17680961,17681715
Gastric-Ep,chr6,41745928,41746150
Gastric-Ep,chr20,6779942,6780298
Gastric-Ep,chr9,111889129,111889605
Gastric-Ep,chr13,21462014,21462247
Gastric-Ep,chr3,56963542,56963716
Gastric-Ep,chr3,137999196,137999727
Gastric-Ep,chr6,43662618,43662667
Gastric-Ep,chr21,44198826,44198934
Gastric-Ep,chr11,7556152,7556348
Gastric-Ep,chr12,100622148,100622354
Gastric-Ep,chr15,59696750,59696843
Gastric-Ep,chr3,29843435,29843901
Gastric-Ep,chr6,90531954,90532590
Gastric-Ep,chr12,124926426,124926601
Gastric-Ep,chr1,206022206,206022860
Gastric-Ep,chr19,12305691,12305935
Gastric-Ep,chr12,104712808,104713229
Gastric-Ep,chr10,46451019,46451186
Gastric-Ep,chr6,41745018,41745891
Gastric-Ep,chr6,41742240,41742457
Gastric-Ep,chr16,28973315,28973416
Gastric-Ep,chr8,103112575,103113016
Gastric-Ep,chr3,138170507,138171302
Gastric-Ep,chr14,50138217,50138408
Gastric-Ep,chr4,25303119,25303453
Gastric-Ep,chr2,8287846,8288176
Gastric-Ep,chr5,134017899,134018150
Gastric-Ep,chr6,74481907,74482427
Gastric-Ep,chr1,181019740,181019929
Gastric-Ep,chr6,523301,523902
Gastric-Ep,chr7,55541007,55541081
Gastric-Ep,chr6,41746334,41747061
Gastric-Ep,chr11,22150575,22151056
Gastric-Ep,chr11,61197547,61198212
Gastric-Ep,chr2,203093059,203093683
Gastric-Ep,chr4,84464755,84464828
Gastric-Ep,chr4,38396361,38396677
Gastric-Ep,chr6,136703860,136704367
Gastric-Ep,chr1,215251195,215251645
Gastric-Ep,chr13,72993999,72994739
Gastric-Ep,chr8,125232245,125232359
Gastric-Ep,chr19,34442535,34442683
Gastric-Ep,chr7,33763630,33764558
Gastric-Ep,chr10,119290005,119290145
Gastric-Ep,chr6,41743684,41744780
Gastric-Ep,chr7,23341083,23341432
Gastric-Ep,chr5,138384194,138384366
Gastric-Ep,chr11,108185202,108185574
Gastric-Ep,chr16,4203073,4203261
Gastric-Ep,chr21,41132952,41133138
Gastric-Ep,chr4,6956902,6957183
Gastric-Ep,chr15,85227213,85228061
Gastric-Ep,chr16,11265251,11265502
Gastric-Ep,chr2,229839089,229839367
Gastric-Ep,chr1,61263429,61263733
Gastric-Ep,chr17,50303273,50303586
Gastric-Ep,chr16,69882078,69882739
Gastric-Ep,chr6,24752196,24752485
Gastric-Ep,chr5,125195058,125195343
Gastric-Ep,chr5,52120528,52120925
Gastric-Ep,chr15,88594331,88595108
Gastric-Ep,chr22,18831857,18833231
Gastric-Ep,chr1,227031892,227032511
Gastric-Ep,chr17,8000707,8000815
Gastric-Ep,chr2,231654213,231654399
Gastric-Ep,chr9,111817276,111817469
Gastric-Ep,chr2,235559402,235559465
Gastric-Ep,chr6,41775436,41775550
Gastric-Ep,chr1,31946120,31946203
Gastric-Ep,chr15,38200951,38201406
Gastric-Ep,chr21,42540190,42540478
Gastric-Ep,chr2,220042266,220042971
Gastric-Ep,chr7,4773846,4774068
Gastric-Ep,chr16,72411308,72411591
Gastric-Ep,chr19,11885111,11885340
Gastric-Ep,chr1,155181868,155182091
Gastric-Ep,chr11,124147374,124147905
Gastric-Ep,chr8,16999082,16999609
Gastric-Ep,chr12,105268175,105268651
Gastric-Ep,chr10,51395685,51396349
Gastric-Ep,chr1,52206738,52206851
Gastric-Ep,chr2,112067333,112067594
Gastric-Ep,chr5,140262424,140262686
Gastric-Ep,chr3,61938527,61938909
Gastric-Ep,chr5,17298273,17298558
Gastric-Ep,chr17,9482126,9482743
Gastric-Ep,chr10,119172416,119172640
Gastric-Ep,chr6,34562454,34562625
Gastric-Ep,chr6,96013833,96014362
Gastric-Ep,chr2,197398736,197399653
Gastric-Ep,chr8,116691672,116691829
Gastric-Ep,chr1,65624387,65624636
Gastric-Ep,chr8,39358505,39359073
Gastric-Ep,chr5,127819236,127819997
Gastric-Ep,chr15,75474443,75474769
Gastric-Ep,chr5,140179257,140179786
Gastric-Ep,chr17,10766788,10767153
Gastric-Ep,chr11,19431372,19431996
Gastric-Ep,chr17,50302997,50303226
Gastric-Ep,chr11,105065195,105065730
Gastric-Ep,chr3,194464195,194464359
Gastric-Ep,chr9,92175062,92175353
Gastric-Ep,chr1,163672093,163672340
Gastric-Ep,chr5,132626523,132627070
Gastric-Ep,chr3,120051492,120051699
Gastric-Ep,chr5,3142469,3142560
Gastric-Ep,chr11,2739790,2740099
Gastric-Ep,chr15,85236502,85236685
Gastric-Ep,chr14,39339930,39340672
Gastric-Ep,chr12,116957462,116957778
Gastric-Ep,chr2,105295452,105295797
Gastric-Ep,chr19,11884624,11884726
Gastric-Ep,chr3,142227121,142227171
Gastric-Ep,chr9,26847577,26848503
Gastric-Ep,chr11,72020444,72020595
Gastric-Ep,chr7,129053045,129053274
Gastric-Ep,chr9,114208443,114208751
Gastric-Ep,chr3,100387217,100387448
Gastric-Ep,chr6,31035567,31035778
Gastric-Ep,chr6,107326227,107326590
Gastric-Ep,chr1,223793475,223793765
Gastric-Ep,chr6,118828570,118829206
Gastric-Ep,chr1,21682510,21682667
Gastric-Ep,chr1,247449321,247449795
Gastric-Ep,chr7,74692784,74693062
Gastric-Ep,chr6,7249721,7249929
Gastric-Ep,chr4,169598330,169598859
Gastric-Ep,chr9,95894784,95894980
Gastric-Ep,chr16,58528039,58528925
Gastric-Ep,chr7,98291546,98291738
Gastric-Ep,chr19,39182886,39183080
Gastric-Ep,chr12,1770486,1770733
Gastric-Ep,chr15,45021029,45021312
Gastric-Ep,chr12,112256338,112256805
Gastric-Ep,chr20,5954615,5955904
Gastric-Ep,chr2,173246408,173246861
Gastric-Ep,chr1,19384889,19385084
Gastric-Ep,chr13,24146492,24146860
Gastric-Ep:Small-Int-Ep,chr12,116962971,116963461
Gastric-Ep:Small-Int-Ep,chr6,17615552,17615756
Gastric-Ep:Small-Int-Ep,chr8,125358984,125359216
Gastric-Ep:Small-Int-Ep,chr20,9380713,9380897
Gastric-Ep:Small-Int-Ep,chr1,230262134,230262375
Gastric-Ep:Small-Int-Ep,chr7,101233754,101234032
Gastric-Ep:Small-Int-Ep,chr15,59568478,59568619
Gastric-Ep:Small-Int-Ep,chr9,76461314,76461868
Gastric-Ep:Small-Int-Ep,chr1,207009378,207009432
Gastric-Ep:Small-Int-Ep,chr12,98575199,98575658
Gastric-Ep:Small-Int-Ep,chr6,73409320,73409945
Gastric-Ep:Small-Int-Ep,chr1,230261835,230261997
Gastric-Ep:Small-Int-Ep,chr7,139817209,139817352
Gastric-Ep:Small-Int-Ep,chr12,52347183,52347292
Gastric-Ep:Small-Int-Ep,chr16,31023041,31023086
Gastric-Ep:Small-Int-Ep,chr9,110266583,110266639
Gastric-Ep:Small-Int-Ep,chr3,141942076,141942457
Gastric-Ep:Small-Int-Ep,chr6,52843436,52843971
Gastric-Ep:Small-Int-Ep,chr11,67323586,67323778
Gastric-Ep:Small-Int-Ep,chr15,85227213,85228061
Gastric-Ep:Small-Int-Ep,chr4,141678726,141678896
Gastric-Ep:Small-Int-Ep,chr4,67760094,67760500
Gastric-Ep:Small-Int-Ep,chr22,40915445,40916059
Gastric-Ep:Small-Int-Ep,chr7,66953232,66953390
Gastric-Ep:Small-Int-Ep,chr17,78992731,78992981
Gastric-Ep:Small-Int-Ep,chr18,23609243,23610253
Gastric-Ep:Small-Int-Ep,chr22,18831857,18833231
Gastric-Ep:Small-Int-Ep,chr7,103392608,103392664
Gastric-Ep:Small-Int-Ep,chr7,74786698,74786794
Gastric-Ep:Small-Int-Ep,chr1,244702680,244703065
Gastric-Ep:Small-Int-Ep,chr5,149603733,149603891
Gastric-Ep:Small-Int-Ep,chr9,34050584,34050735
Gastric-Ep:Small-Int-Ep,chr5,75198676,75199249
Gastric-Ep:Small-Int-Ep,chr6,147557927,147558456
Gastric-Ep:Small-Int-Ep,chr6,132275308,132275422
Gastric-Ep:Small-Int-Ep,chr17,4241681,4241856
Gastric-Ep:Small-Int-Ep,chr11,129414014,129414147
Gastric-Ep:Small-Int-Ep,chr12,119693934,119694137
Gastric-Ep:Small-Int-Ep,chr12,58932978,58933366
Gastric-Ep:Small-Int-Ep,chr16,80702814,80703469
Gastric-Ep:Small-Int-Ep,chr6,119235016,119235632
Gastric-Ep:Small-Int-Ep,chr11,129877670,129877852
Gastric-Ep:Small-Int-Ep,chr21,39609861,39610078
Gastric-Ep:Small-Int-Ep,chr2,74463556,74463865
Gastric-Ep:Small-Int-Ep,chr7,102385692,102386136
Gastric-Ep:Small-Int-Ep,chr7,107019183,107019314
Gastric-Ep:Small-Int-Ep,chr6,34796919,34797074
Gastric-Ep:Small-Int-Ep,chr14,73562661,73562728
Gastric-Ep:Small-Int-Ep,chr7,124037805,124037876
Gastric-Ep:Small-Int-Ep,chr1,147927772,147927907
Gastric-Ep:Small-Int-Ep,chr17,81131416,81131760
Gastric-Ep:Small-Int-Ep,chr10,122050291,122050470
Gastric-Ep:Small-Int-Ep,chr1,53257082,53257422
Gastric-Ep:Small-Int-Ep,chr20,62473154,62473487
Gastric-Ep:Small-Int-Ep,chr6,137979321,137979545
Gastric-Ep:Small-Int-Ep,chr10,106497906,106498120
Gastric-Ep:Small-Int-Ep,chr6,125991442,125991593
Gastric-Ep:Small-Int-Ep,chr5,132819027,132819142
Gastric-Ep:Small-Int-Ep,chr15,30612196,30612475
Gastric-Ep:Small-Int-Ep,chr17,66981629,66981677
Gastric-Ep:Small-Int-Ep,chr8,22360678,22360865
Gastric-Ep:Small-Int-Ep,chr1,168146899,168146962
Gastric-Ep:Small-Int-Ep,chr18,21104513,21104576
Gastric-Ep:Small-Int-Ep,chr2,16196888,16196996
Gastric-Ep:Small-Int-Ep,chr7,103150702,103151012
Gastric-Ep:Small-Int-Ep,chr5,1165374,1165629
Gastric-Ep:Small-Int-Ep,chr1,19743947,19744135
Gastric-Ep:Small-Int-Ep,chr5,140143045,140143166
Gastric-Ep:Small-Int-Ep,chr17,64040718,64040942
Gastric-Ep:Small-Int-Ep,chr16,29252103,29252350
Gastric-Ep:Small-Int-Ep,chr2,3247273,3247859
Gastric-Ep:Small-Int-Ep,chr17,39055243,39055622
Gastric-Ep:Small-Int-Ep,chr21,42517030,42517281
Gastric-Ep:Small-Int-Ep,chr22,37924563,37925107
Gastric-Ep:Small-Int-Ep,chr4,148222893,148223279
Gastric-Ep:Small-Int-Ep,chr21,41502294,41502586
Gastric-Ep:Small-Int-Ep,chr2,67138625,67139098
Gastric-Ep:Small-Int-Ep,chr15,50841210,50841267
Gastric-Ep:Small-Int-Ep,chr17,16392690,16392752
Gastric-Ep:Small-Int-Ep,chr2,54519838,54519968
Gastric-Ep:Small-Int-Ep,chr21,39610143,39610221
Gastric-Ep:Small-Int-Ep,chr2,64253571,64253708
Gastric-Ep:Small-Int-Ep,chr2,183060620,183060930
Gastric-Ep:Small-Int-Ep,chr22,18562928,18563190
Gastric-Ep:Small-Int-Ep,chr10,97847990,97848041
Gastric-Ep:Small-Int-Ep,chr11,110432571,110432749
Gastric-Ep:Small-Int-Ep,chr2,20359079,20359321
Gastric-Ep:Small-Int-Ep,chr2,8219176,8219300
Gastric-Ep:Small-Int-Ep,chr4,79027980,79028078
Gastric-Ep:Small-Int-Ep,chr16,29262507,29262591
Gastric-Ep:Small-Int-Ep,chr20,20501888,20502281
Gastric-Ep:Small-Int-Ep,chr5,140181762,140182108
Gastric-Ep:Small-Int-Ep,chr8,41815964,41816346
Gastric-Ep:Small-Int-Ep,chr9,19336286,19336510
Gastric-Ep:Small-Int-Ep,chr17,75383570,75383671
Gastric-Ep:Small-Int-Ep,chr7,74246088,74246331
Gastric-Ep:Small-Int-Ep,chr8,139775239,139775601
Gastric-Ep:Small-Int-Ep,chr12,124610824,124611069
Gastric-Ep:Small-Int-Ep,chr20,535477,535697
Gastric-Ep:Small-Int-Ep,chr20,62472035,62472274
Gastric-Ep:Small-Int-Ep,chr4,21128738,21129106
Gastric-Ep:Small-Int-Ep,chr16,78906523,78907067
Gastric-Ep:Small-Int-Ep,chr1,29208243,29208448
Gastric-Ep:Small-Int-Ep,chr15,41550638,41550918
Gastric-Ep:Small-Int-Ep,chr7,104998923,104999112
Gastric-Ep:Small-Int-Ep,chr5,124304701,124304937
Gastric-Ep:Small-Int-Ep,chr1,150178223,150178432
Gastric-Ep:Small-Int-Ep,chr2,203819998,203820226
Gastric-Ep:Small-Int-Ep,chr5,33201016,33201061
Gastric-Ep:Small-Int-Ep,chr6,131739304,131739476
Gastric-Ep:Small-Int-Ep,chr8,144496807,144497091
Gastric-Ep:Small-Int-Ep,chr13,113658012,113658263
Gastric-Ep:Small-Int-Ep,chr9,134280659,134280852
Gastric-Ep:Small-Int-Ep,chr12,75948533,75948588
Gastric-Ep:Small-Int-Ep,chr15,72212557,72212838
Gastric-Ep:Small-Int-Ep,chr1,16923932,16924012
Gastric-Ep:Small-Int-Ep,chrY,21450932,21451168
Gastric-Ep:Small-Int-Ep,chr2,164378667,164378863
Gastric-Ep:Small-Int-Ep,chr10,28585908,28586323
Gastric-Ep:Small-Int-Ep,chr5,68317860,68318317
Gastric-Ep:Small-Int-Ep,chr5,55781098,55781584
Gastric-Ep:Small-Int-Ep,chr8,141189717,141189928
Gastric-Ep:Small-Int-Ep,chr17,9948356,9948451
Gastric-Ep:Small-Int-Ep,chr18,63008403,63008577
Gastric-Ep:Small-Int-Ep,chr4,152426380,152426453
Gastric-Ep:Small-Int-Ep,chr8,11550111,11550226
Gastric-Ep:Small-Int-Ep,chr9,76552110,76552789
Gastric-Ep:Small-Int-Ep,chr3,20588797,20588999
Gastric-Ep:Small-Int-Ep,chr6,140860160,140860207
Gastric-Ep:Small-Int-Ep,chr1,44987798,44987852
Gastric-Ep:Small-Int-Ep,chr1,107771443,107771771
Gastric-Ep:Small-Int-Ep,chr16,14635851,14635981
Gastric-Ep:Small-Int-Ep,chr3,50179470,50179579
Gastric-Ep:Small-Int-Ep,chr9,131606516,131606814
Gastric-Ep:Small-Int-Ep,chr2,218779575,218779626
Gastric-Ep:Small-Int-Ep,chr17,16306808,16307437
Gastric-Ep:Small-Int-Ep,chr18,56189356,56189627
Gastric-Ep:Small-Int-Ep,chr11,59427750,59427811
Gastric-Ep:Small-Int-Ep,chr1,41565057,41565577
Gastric-Ep:Small-Int-Ep,chr14,89698479,89698849
Gastric-Ep:Small-Int-Ep,chr2,234977716,234977889
Gastric-Ep:Small-Int-Ep,chr2,26236528,26237090
Gastric-Ep:Small-Int-Ep,chr16,11733113,11733188
Gastric-Ep:Small-Int-Ep,chr21,17548586,17548737
Gastric-Ep:Small-Int-Ep,chr6,37735277,37735688
Gastric-Ep:Small-Int-Ep,chr4,40040764,40040988
Gastric-Ep:Small-Int-Ep,chr17,1185046,1185305
Gastric-Ep:Small-Int-Ep,chr4,86634990,86635995
Gastric-Ep:Small-Int-Ep,chr6,32089348,32089679
Gastric-Ep:Small-Int-Ep,chr8,94199826,94200103
Gastric-Ep:Small-Int-Ep,chr11,125178931,125178992
Gastric-Ep:Small-Int-Ep,chr13,49371350,49371465
Gastric-Ep:Small-Int-Ep,chr17,40688523,40688736
Gastric-Ep:Small-Int-Ep,chr3,177285650,177285845
Gastric-Ep:Small-Int-Ep,chr1,215571866,215571931
Gastric-Ep:Small-Int-Ep,chr14,71459564,71459702
Gastric-Ep:Small-Int-Ep,chr15,48760958,48762309
Gastric-Ep:Small-Int-Ep,chr5,172611961,172612144
Gastric-Ep:Small-Int-Ep,chr1,48474390,48474860
Gastric-Ep:Small-Int-Ep,chr6,43643065,43643194
Gastric-Ep:Small-Int-Ep,chr13,44382203,44382424
Gastric-Ep:Small-Int-Ep,chr5,22095745,22095907
Gastric-Ep:Small-Int-Ep,chr1,28477230,28477327
Gastric-Ep:Small-Int-Ep,chr13,41430771,41431126
Gastric-Ep:Small-Int-Ep,chr9,130425846,130425923
Gastric-Ep:Small-Int-Ep,chr12,52108240,52108573
Gastric-Ep:Small-Int-Ep,chr16,87820951,87821112
Gastric-Ep:Small-Int-Ep,chr22,30403685,30403770
Gastric-Ep:Small-Int-Ep,chr3,39155406,39155483
Gastric-Ep:Small-Int-Ep,chr1,60490190,60490337
Gastric-Ep:Small-Int-Ep,chr2,40001605,40001655
Gastric-Ep:Small-Int-Ep,chr5,1319708,1320094
Gastric-Ep:Small-Int-Ep,chr4,7210222,7210407
Gastric-Ep:Small-Int-Ep,chr10,99937687,99938521
Gastric-Ep:Small-Int-Ep,chr6,77835216,77836024
Gastric-Ep:Small-Int-Ep,chr17,7274692,7274737
Gastric-Ep:Small-Int-Ep,chr5,147827179,147828585
Gastric-Ep:Small-Int-Ep,chr3,33057019,33057220
Gastric-Ep:Small-Int-Ep,chr13,110205070,110205560
Gastric-Ep:Small-Int-Ep,chr10,94481828,94482190
Gastric-Ep:Small-Int-Ep,chr19,8528837,8529403
Gastric-Ep:Small-Int-Ep,chr5,75167759,75169141
Gastric-Ep:Small-Int-Ep,chr16,30547244,30547581
Gastric-Ep:Small-Int-Ep,chr21,42535616,42535657
Gastric-Ep:Small-Int-Ep,chr6,80027162,80027719
Gastric-Ep:Small-Int-Ep,chr17,59298968,59299294
Gastric-Ep:Small-Int-Ep,chr11,126203488,126203712
Gastric-Ep:Small-Int-Ep,chr17,76634080,76634363
Gastric-Ep:Small-Int-Ep,chr19,40526451,40526471
Gastric-Ep:Small-Int-Ep,chr5,160326037,160326346
Gastric-Ep:Small-Int-Ep,chr17,47950888,47951055
Gastric-Ep:Small-Int-Ep,chr2,105610461,105610678
Gastric-Ep:Small-Int-Ep,chr8,8369108,8369548
Gastric-Ep:Small-Int-Ep,chr9,129075855,129075995
Gastric-Ep:Small-Int-Ep,chr2,237319580,237319698
Gastric-Ep:Small-Int-Ep,chr10,86414927,86415020
Gastric-Ep:Small-Int-Ep,chr7,98291778,98291949
Gastric-Ep:Small-Int-Ep,chr22,39593480,39593624
Gastric-Ep:Small-Int-Ep,chr7,36079745,36080038
Gastric-Ep:Small-Int-Ep,chr12,110475885,110476126
Gastric-Ep:Small-Int-Ep,chr14,100141501,100141837
Gastric-Ep:Small-Int-Ep,chr1,60490401,60490472
Gastric-Ep:Small-Int-Ep,chr8,112372571,112372648
Gastric-Ep:Small-Int-Ep,chr1,225705500,225705742
Gastric-Ep:Small-Int-Ep,chr18,56974517,56974782
Gastric-Ep:Small-Int-Ep,chr7,156350501,156350716
Gastric-Ep:Small-Int-Ep,chr11,2011881,2012204
Gastric-Ep:Small-Int-Ep,chr10,132776067,132776281
Gastric-Ep:Small-Int-Ep,chr8,123525607,123525814
Gastric-Ep:Small-Int-Ep,chr2,158863481,158863770
Gastric-Ep:Small-Int-Ep,chr3,175828552,175828841
Gastric-Ep:Small-Int-Ep,chr21,43061957,43062101
Gastric-Ep:Small-Int-Ep,chr6,42086614,42086827
Gastric-Ep:Small-Int-Ep,chr5,56558389,56559189
Gastric-Ep:Small-Int-Ep,chr9,136575332,136575427
Gastric-Ep:Small-Int-Ep,chr4,56296980,56297081
Gastric-Ep:Small-Int-Ep,chr15,60604589,60605519
Gastric-Ep:Small-Int-Ep,chr17,16350589,16350707
Gastric-Ep:Small-Int-Ep,chr1,3438626,3438738
Gastric-Ep:Small-Int-Ep,chr16,8909126,8909318
Gastric-Ep:Small-Int-Ep,chr1,53481569,53481741
Gastric-Ep:Small-Int-Ep,chr11,1355814,1355876
Gastric-Ep:Small-Int-Ep,chr16,85930027,85930299
Gastric-Ep:Small-Int-Ep,chrX,7018815,7019584
Gastric-Ep:Small-Int-Ep,chr17,73373426,73373612
Gastric-Ep:Small-Int-Ep,chr17,72456619,72456745
Gastric-Ep:Small-Int-Ep,chr1,143946281,143947220
Gastric-Ep:Small-Int-Ep,chr14,94702359,94703093
Gastric-Ep:Small-Int-Ep,chr16,88503161,88503505
Gastric-Ep:Small-Int-Ep,chr5,273279,273426
Gastric-Ep:Small-Int-Ep,chr19,33047826,33048119
Gastric-Ep:Small-Int-Ep,chr3,196286440,196286775
Gastric-Ep:Small-Int-Ep,chr11,123716111,123716243
Gastric-Ep:Small-Int-Ep,chr15,77575409,77575651
Gastric-Ep:Small-Int-Ep,chr7,99167228,99167376
Gastric-Ep:Small-Int-Ep,chr4,133268224,133268368
Gastric-Ep:Small-Int-Ep,chr17,1255812,1256054
Gastric-Ep:Small-Int-Ep,chr4,187101070,187101481
Gastric-Ep:Small-Int-Ep,chr17,81866404,81866590
Gastric-Ep:Small-Int-Ep,chr2,75459571,75459726
Gastric-Ep:Small-Int-Ep,chr11,811545,811702
Gastric-Ep:Small-Int-Ep,chr4,9176602,9176843
Gastric-Ep:Small-Int-Ep,chr6,107849074,107849275
Gastric-Ep:Small-Int-Ep,chr5,13524523,13524836
Gastric-Ep:Small-Int-Ep,chr4,25844338,25844717
Gastric-Ep:Small-Int-Ep,chrX,108219894,108220457
Gastric-Ep:Small-Int-Ep,chrX,52342026,52342206
Gastric-Ep:Small-Int-Ep,chr1,232236912,232236923
Gastric-Ep:Small-Int-Ep,chr22,45161693,45161918
Gastric-Ep:Small-Int-Ep,chr9,116476148,116476431
Head-Neck-Ep,chr9,136651987,136652178
Head-Neck-Ep,chr1,156713109,156713340
Head-Neck-Ep,chr7,50865293,50865367
Head-Neck-Ep,chr10,92370432,92371215
Head-Neck-Ep,chr7,5652849,5653162
Head-Neck-Ep,chr17,1747595,1747668
Head-Neck-Ep,chr22,24580104,24580285
Head-Neck-Ep,chr7,102009289,102009540
Head-Neck-Ep,chr19,19103218,19103425
Head-Neck-Ep,chr16,11248166,11248458
Head-Neck-Ep,chr1,10386799,10386898
Head-Neck-Ep,chr2,216809699,216809775
Head-Neck-Ep,chr4,68152912,68153007
Head-Neck-Ep,chr5,16899497,16899581
Head-Neck-Ep,chr9,85433111,85433397
Head-Neck-Ep,chr22,47040657,47040968
Head-Neck-Ep,chr15,41869705,41869842
Head-Neck-Ep,chr20,25481419,25482164
Head-Neck-Ep,chr10,1364746,1364896
Head-Neck-Ep,chr9,104346857,104347234
Head-Neck-Ep,chr22,45130671,45130742
Head-Neck-Ep,chr15,30997585,30997917
Head-Neck-Ep,chr8,73159197,73159942
Head-Neck-Ep,chr4,174510086,174510779
Head-Neck-Ep,chr20,45787885,45788102
Head-Neck-Ep,chr19,51359144,51359601
Head-Neck-Ep,chr9,92612290,92612670
Head-Neck-Ep,chr6,17575308,17575495
Head-Neck-Ep,chr21,41630881,41630998
Head-Neck-Ep,chr12,52857566,52857968
Head-Neck-Ep,chr20,43491153,43492002
Head-Neck-Ep,chr1,51220614,51221090
Head-Neck-Ep,chr10,101622869,101623229
Head-Neck-Ep,chr17,78024857,78025485
Head-Neck-Ep,chr18,9012781,9013021
Head-Neck-Ep,chr5,14855749,14856361
Head-Neck-Ep,chr3,24470384,24470686
Head-Neck-Ep,chr5,175178934,175179036
Head-Neck-Ep,chr20,50436553,50436860
Head-Neck-Ep,chr17,72702707,72702894
Head-Neck-Ep,chr7,108210963,108211502
Head-Neck-Ep,chr4,134175517,134175696
Head-Neck-Ep,chr15,88492469,88492646
Head-Neck-Ep,chr3,59161048,59161473
Head-Neck-Ep,chr12,31678674,31679107
Head-Neck-Ep,chr14,74382803,74383032
Head-Neck-Ep,chr8,36697050,36697291
Head-Neck-Ep,chr4,183833558,183833779
Head-Neck-Ep,chr15,43297177,43297354
Head-Neck-Ep,chr22,50516164,50516565
Head-Neck-Ep,chr15,67436493,67436732
Head-Neck-Ep,chr16,3948420,3948886
Head-Neck-Ep,chr3,126931863,126931978
Head-Neck-Ep,chr2,17441824,17441976
Head-Neck-Ep,chr5,126596893,126597099
Head-Neck-Ep,chr22,43081610,43082435
Head-Neck-Ep,chr3,189840029,189840268
Head-Neck-Ep,chr15,43905616,43905951
Head-Neck-Ep,chr2,65023994,65024093
Head-Neck-Ep,chr3,191224099,191224207
Head-Neck-Ep,chr2,189504481,189504812
Head-Neck-Ep,chr10,114314358,114314699
Head-Neck-Ep,chr12,76898927,76899115
Head-Neck-Ep,chr9,123352213,123352320
Head-Neck-Ep,chr1,54630392,54630649
Head-Neck-Ep,chr16,84405350,84405646
Head-Neck-Ep,chr7,110919596,110919899
Head-Neck-Ep,chr5,136035247,136035451
Head-Neck-Ep,chr18,12475016,12475301
Head-Neck-Ep,chr20,37230242,37230690
Head-Neck-Ep,chr1,23256843,23257095
Head-Neck-Ep,chr4,183819098,183819859
Head-Neck-Ep,chr9,97874227,97874492
Head-Neck-Ep,chr13,112451516,112451658
Head-Neck-Ep,chr7,76479733,76480080
Head-Neck-Ep,chr13,67886405,67886491
Head-Neck-Ep,chr8,140719584,140719811
Head-Neck-Ep,chr1,45077165,45077350
Head-Neck-Ep,chr13,100545675,100545913
Head-Neck-Ep,chr2,120793381,120793702
Head-Neck-Ep,chr1,248844497,248844656
Head-Neck-Ep,chr3,172680659,172681061
Head-Neck-Ep,chr10,122336454,122336664
Head-Neck-Ep,chr17,1770648,1770752
Head-Neck-Ep,chr4,183633269,183633486
Head-Neck-Ep,chr17,66655133,66655708
Head-Neck-Ep,chr12,21482212,21482787
Head-Neck-Ep,chr1,235026440,235026758
Head-Neck-Ep,chr15,43096404,43096604
Head-Neck-Ep,chr5,69342765,69342837
Head-Neck-Ep,chr3,126932071,126932211
Head-Neck-Ep,chr10,100306812,100307216
Head-Neck-Ep,chr6,64757964,64758129
Head-Neck-Ep,chr5,93793184,93793756
Head-Neck-Ep,chr16,8756880,8757063
Head-Neck-Ep,chr11,128648866,128649216
Head-Neck-Ep,chr4,112417511,112417899
Head-Neck-Ep,chr5,171615171,171615256
Head-Neck-Ep,chr1,223003647,223003852
Head-Neck-Ep,chr5,18993132,18993349
Head-Neck-Ep,chr5,9202105,9202212
Head-Neck-Ep,chr5,168004788,168005180
Head-Neck-Ep,chr11,16778040,16778131
Head-Neck-Ep,chr6,169579671,169580526
Head-Neck-Ep,chr11,65247424,65247632
Head-Neck-Ep,chr12,48488041,48488518
Head-Neck-Ep,chr19,39276139,39276521
Head-Neck-Ep,chr4,13585519,13585924
Head-Neck-Ep,chr12,110398200,110398838
Head-Neck-Ep,chr13,43829936,43830033
Head-Neck-Ep,chr3,81757613,81758891
Head-Neck-Ep,chr9,125596945,125597122
Head-Neck-Ep,chr17,78377141,78377238
Head-Neck-Ep,chr2,241568626,241569154
Head-Neck-Ep,chr1,113198224,113198484
Head-Neck-Ep,chr4,53481698,53481842
Head-Neck-Ep,chr9,70034196,70034843
Head-Neck-Ep,chr1,156602219,156602537
Head-Neck-Ep,chr11,61135473,61135714
Head-Neck-Ep,chr6,158198602,158198702
Head-Neck-Ep,chr7,105751328,105751569
Head-Neck-Ep,chrY,5807210,5807491
Head-Neck-Ep,chr22,33260479,33260617
Head-Neck-Ep,chr12,116387860,116388016
Head-Neck-Ep,chr5,122933845,122934030
Head-Neck-Ep,chr22,34516008,34516082
Head-Neck-Ep,chr1,241255766,241255958
Head-Neck-Ep,chr8,133675351,133675473
Head-Neck-Ep,chr17,51149771,51149990
Head-Neck-Ep,chr6,83071403,83071504
Head-Neck-Ep,chr15,75795410,75795538
Head-Neck-Ep,chr20,33061841,33062139
Head-Neck-Ep,chr3,157357649,157358557
Head-Neck-Ep,chr5,71470657,71470881
Head-Neck-Ep,chr14,74046849,74046980
Head-Neck-Ep,chr3,58469734,58469902
Head-Neck-Ep,chr17,72689608,72690147
Head-Neck-Ep,chr2,99032860,99032972
Head-Neck-Ep,chr6,150346752,150346851
Head-Neck-Ep,chr6,163062053,163062360
Head-Neck-Ep,chr12,121652092,121652273
Head-Neck-Ep,chr17,17152877,17153179
Head-Neck-Ep,chr4,177356847,177357305
Head-Neck-Ep,chr11,69668749,69669023
Head-Neck-Ep,chr6,783511,783637
Head-Neck-Ep,chr1,9366762,9367076
Head-Neck-Ep,chr2,46867596,46867970
Head-Neck-Ep,chr4,139766451,139766673
Head-Neck-Ep,chr11,130373102,130373163
Head-Neck-Ep,chr14,85676740,85676817
Head-Neck-Ep,chr9,21634803,21635464
Head-Neck-Ep,chr7,73473141,73473462
Head-Neck-Ep,chr20,34556614,34556976
Head-Neck-Ep,chr12,116522461,116522883
Head-Neck-Ep,chr1,63630584,63631413
Head-Neck-Ep,chr1,200624564,200624687
Head-Neck-Ep,chrX,3791619,3791778
Head-Neck-Ep,chr16,2948129,2948388
Head-Neck-Ep,chrX,3683086,3683575
Head-Neck-Ep,chr1,52346100,52346523
Head-Neck-Ep,chr14,33755485,33755593
Head-Neck-Ep,chr2,142642565,142643082
Head-Neck-Ep,chr1,32991196,32991503
Head-Neck-Ep,chr8,136745210,136745350
Head-Neck-Ep,chr12,65586793,65587365
Head-Neck-Ep,chr6,97150873,97151502
Head-Neck-Ep,chr10,24456733,24456962
Head-Neck-Ep,chr19,18970338,18970685
Head-Neck-Ep,chr19,19658646,19659193
Head-Neck-Ep,chr1,113020942,113021103
Head-Neck-Ep,chr2,72028181,72028455
Head-Neck-Ep,chr16,28329619,28329945
Head-Neck-Ep,chr2,222886582,222887846
Head-Neck-Ep,chr8,39860791,39861017
Head-Neck-Ep,chr16,1692391,1692537
Head-Neck-Ep,chr16,1754548,1754754
Head-Neck-Ep,chr5,160290988,160291373
Head-Neck-Ep,chr3,150770086,150770383
Head-Neck-Ep,chr14,105384320,105384516
Head-Neck-Ep,chr1,41677279,41677422
Head-Neck-Ep,chr1,111548258,111548621
Head-Neck-Ep,chr17,39741745,39741903
Head-Neck-Ep,chr4,68151466,68152402
Head-Neck-Ep,chr10,1499229,1499664
Head-Neck-Ep,chr10,71869958,71870252
Head-Neck-Ep,chr7,120426811,120426924
Head-Neck-Ep,chr2,54081260,54081596
Head-Neck-Ep,chr10,69734575,69734710
Head-Neck-Ep,chr2,131095622,131095758
Head-Neck-Ep,chr13,19605679,19606627
Head-Neck-Ep,chr16,21557886,21558044
Head-Neck-Ep,chr20,37229265,37229606
Head-Neck-Ep,chr16,23536884,23537312
Head-Neck-Ep,chr19,11519390,11519477
Head-Neck-Ep,chr7,74020698,74020740
Head-Neck-Ep,chr10,72286697,72286749
Head-Neck-Ep,chr6,134396674,134397097
Head-Neck-Ep,chr11,65913504,65913673
Head-Neck-Ep,chr20,52488480,52488644
Head-Neck-Ep,chr17,38718096,38718248
Head-Neck-Ep,chr11,2982793,2983518
Head-Neck-Ep,chr22,47270992,47271135
Head-Neck-Ep,chr12,46164684,46165572
Head-Neck-Ep,chr21,17503825,17504060
Head-Neck-Ep,chr6,161742102,161743289
Head-Neck-Ep,chr11,120918678,120918854
Head-Neck-Ep,chr2,205966344,205966591
Head-Neck-Ep,chr9,121308594,121308826
Head-Neck-Ep,chr13,95498955,95499141
Head-Neck-Ep,chr17,13743805,13744430
Head-Neck-Ep,chr7,102008503,102008831
Head-Neck-Ep,chr7,76962674,76963101
Head-Neck-Ep,chr9,136141499,136141628
Head-Neck-Ep,chr6,15187109,15187433
Head-Neck-Ep,chr22,46585063,46585316
Head-Neck-Ep,chr12,91119565,91120370
Head-Neck-Ep,chr6,53009357,53010151
Head-Neck-Ep,chr2,159601450,159601614
Head-Neck-Ep,chr4,39816626,39816796
Head-Neck-Ep,chr6,17877760,17878519
Head-Neck-Ep,chr18,78479635,78479741
Head-Neck-Ep,chr19,6442578,6442798
Head-Neck-Ep,chr19,6442802,6442914
Head-Neck-Ep,chr22,17804336,17804536
Head-Neck-Ep,chr7,45830013,45830161
Head-Neck-Ep,chr2,218004961,218005467
Head-Neck-Ep,chr11,67113884,67114020
Head-Neck-Ep,chr7,5653316,5653580
Head-Neck-Ep,chr9,67026432,67026829
Head-Neck-Ep,chr22,47125242,47125415
Head-Neck-Ep,chr11,67019158,67019271
Head-Neck-Ep,chr17,187040,187667
Head-Neck-Ep,chr4,108544126,108544350
Head-Neck-Ep,chr6,31062807,31063119
Head-Neck-Ep,chr3,44846644,44847070
Head-Neck-Ep,chr12,12285071,12285194
Head-Neck-Ep,chr6,107706557,107706780
Head-Neck-Ep,chr17,78773553,78773785
Head-Neck-Ep,chr7,99563251,99563608
Head-Neck-Ep,chr10,131622616,131622861
Head-Neck-Ep,chr5,36700271,36700946
Head-Neck-Ep,chr9,132607853,132607963
Head-Neck-Ep,chr19,40631285,40631463
Head-Neck-Ep,chr20,49540842,49541164
Head-Neck-Ep,chr7,77005999,77006110
Head-Neck-Ep,chr17,36439690,36440636
Head-Neck-Ep,chrY,17708324,17708497
Head-Neck-Ep,chr17,47212085,47212204
Head-Neck-Ep,chr11,19172229,19172827
Head-Neck-Ep,chr12,1970915,1971690
Heart-Cardio,chr11,11302658,11302799
Heart-Cardio,chr1,151023490,151023547
Heart-Cardio,chr20,25275028,25275438
Heart-Cardio,chr11,58549706,58550056
Heart-Cardio,chr6,504028,504466
Heart-Cardio,chr13,23760142,23760350
Heart-Cardio,chr13,112729298,112729521
Heart-Cardio,chr2,10844969,10845069
Heart-Cardio,chr6,118555149,118555353
Heart-Cardio,chr2,237763647,237763901
Heart-Cardio,chr14,31173042,31173255
Heart-Cardio,chr3,58136031,58136127
Heart-Cardio,chr14,52010562,52011009
Heart-Cardio,chr10,809687,809932
Heart-Cardio,chr12,1643186,1643555
Heart-Cardio,chr21,46555499,46556082
Heart-Cardio,chr3,151881290,151881385
Heart-Cardio,chr5,178546539,178546604
Heart-Cardio,chr7,134881524,134881789
Heart-Cardio,chr12,549842,550035
Heart-Cardio,chr13,31223379,31223578
Heart-Cardio,chr9,131235699,131236192
Heart-Cardio,chr1,10706572,10706779
Heart-Cardio,chr8,30174477,30175423
Heart-Cardio,chr14,76058056,76058392
Heart-Cardio,chr14,92944046,92944118
Heart-Cardio,chr3,62183185,62183385
Heart-Cardio,chr5,172566967,172567147
Heart-Cardio,chr19,2797237,2797662
Heart-Cardio,chr5,31957307,31957464
Heart-Cardio,chr17,64276165,64276314
Heart-Cardio,chr17,15247317,15247469
Heart-Cardio,chr2,40509913,40510159
Heart-Cardio,chr1,145783131,145783553
Heart-Cardio,chr9,83560003,83560350
Heart-Cardio,chr7,151664128,151665076
Heart-Cardio,chr8,102866808,102867046
Heart-Cardio,chr21,43037790,43037876
Heart-Cardio,chr19,16385053,16385220
Heart-Cardio,chr19,3961881,3962180
Heart-Cardio,chr10,110645501,110646169
Heart-Cardio,chr1,197642594,197642970
Heart-Cardio,chr15,63068730,63069499
Heart-Cardio,chr15,34793346,34793534
Heart-Cardio,chr1,11846130,11847213
Heart-Cardio,chr11,68783400,68783869
Heart-Cardio,chr7,116545989,116546500
Heart-Cardio,chr13,113451636,113451933
Heart-Cardio,chr2,39253125,39253291
Heart-Cardio,chr1,202469213,202470129
Heart-Cardio,chr17,1888891,1889165
Heart-Cardio,chr20,51506974,51507101
Heart-Cardio,chr14,23405781,23406153
Heart-Cardio,chr13,112730451,112730616
Heart-Cardio,chr14,23400758,23400868
Heart-Cardio,chr16,58103380,58103564
Heart-Cardio,chr18,23534815,23535018
Heart-Cardio,chr7,2008870,2009035
Heart-Cardio,chr4,64484129,64484380
Heart-Cardio,chr15,43879006,43879832
Heart-Cardio,chr6,504638,504775
Heart-Cardio,chr9,131234490,131235102
Heart-Cardio,chr1,109300982,109301154
Heart-Cardio,chr15,98910262,98910527
Heart-Cardio,chr3,177272088,177272469
Heart-Cardio,chr10,809944,810243
Heart-Cardio,chr17,81697363,81697872
Heart-Cardio,chr5,102872813,102873572
Heart-Cardio,chr11,11810863,11811173
Heart-Cardio,chr15,78223190,78223328
Heart-Cardio,chr3,149939499,149939872
Heart-Cardio,chr18,23200551,23200796
Heart-Cardio,chr19,3965030,3965383
Heart-Cardio,chr6,17486834,17487109
Heart-Cardio,chr17,80964462,80964545
Heart-Cardio,chr19,4891293,4891413
Heart-Cardio,chr13,113450416,113450878
Heart-Cardio,chr13,49818950,49819102
Heart-Cardio,chr1,231847180,231847715
Heart-Cardio,chr2,237981553,237982477
Heart-Cardio,chr11,47349762,47350069
Heart-Cardio,chr15,90918825,90919282
Heart-Cardio,chr7,151726604,151726662
Heart-Cardio,chr4,64406110,64406156
Heart-Cardio,chr1,51326724,51326969
Heart-Cardio,chr5,124647519,124647778
Heart-Cardio,chr1,10361609,10362047
Heart-Cardio,chr13,41740575,41741231
Heart-Cardio,chr13,75806846,75808324
Heart-Cardio,chr12,123521955,123522322
Heart-Cardio,chr12,5045140,5045819
Heart-Cardio,chr3,38505676,38505823
Heart-Cardio,chr2,219635379,219635440
Heart-Cardio,chr13,112729827,112730341
Heart-Cardio,chr1,116593289,116593552
Heart-Cardio,chr6,156657240,156657619
Heart-Cardio,chr12,113274718,113275117
Heart-Cardio,chr5,37615873,37616242
Heart-Cardio,chr1,230842877,230843160
Heart-Cardio,chr2,71705300,71705577
Heart-Cardio,chr14,23404337,23404593
Heart-Cardio,chr22,21856246,21856689
Heart-Cardio,chr10,12234572,12235094
Heart-Cardio,chr1,12000432,12000659
Heart-Cardio,chr12,110287771,110288003
Heart-Cardio,chr2,18525199,18525857
Heart-Cardio,chr1,85691634,85691747
Heart-Cardio,chr19,18991184,18991378
Heart-Cardio,chr13,23358315,23358574
Heart-Cardio,chr7,151729421,151729945
Heart-Cardio,chr8,17310427,17310804
Heart-Cardio,chr2,219630074,219630409
Heart-Cardio,chr10,72110615,72111248
Heart-Cardio,chr20,64262839,64263150
Heart-Cardio,chr6,2733776,2733960
Heart-Cardio,chr4,155535331,155535522
Heart-Cardio,chr4,3166290,3166464
Heart-Cardio,chrX,19545958,19546242
Heart-Cardio,chr15,67639541,67640130
Heart-Cardio,chr21,41199672,41199801
Heart-Cardio,chr22,47005989,47006296
Heart-Cardio,chr10,102479348,102479373
Heart-Cardio,chr13,113204024,113204540
Heart-Cardio,chr1,55067036,55067110
Heart-Cardio,chr1,214013612,214014023
Heart-Cardio,chr8,140674309,140674596
Heart-Cardio,chr22,41646130,41646503
Heart-Cardio,chr6,42872474,42872530
Heart-Cardio,chr2,219468598,219468685
Heart-Cardio,chr18,70000748,70001258
Heart-Cardio,chr21,39351874,39352199
Heart-Cardio,chr6,158627272,158627759
Heart-Cardio,chr12,132740726,132740948
Heart-Cardio,chr15,78762402,78762535
Heart-Cardio,chr18,76925260,76925403
Heart-Cardio,chr20,38135381,38135804
Heart-Cardio,chr11,68782847,68783308
Heart-Cardio,chr14,73831098,73831372
Heart-Cardio,chr18,13603653,13603848
Heart-Cardio,chr17,80379432,80379698
Heart-Cardio,chr2,105436954,105437433
Heart-Cardio,chr17,80888540,80888756
Heart-Cardio,chr22,19870699,19870930
Heart-Cardio,chr13,112879574,112879727
Heart-Cardio,chr3,69655214,69655331
Heart-Cardio,chr7,157348575,157348756
Heart-Cardio,chr10,69331345,69331696
Heart-Cardio,chr17,2916694,2916882
Heart-Cardio,chr7,2213848,2214406
Heart-Cardio,chr10,50061558,50061887
Heart-Cardio,chr4,185662165,185662569
Heart-Cardio,chr17,47212979,47213274
Heart-Cardio,chr17,760690,761171
Heart-Cardio,chr22,21699578,21699612
Heart-Cardio,chr16,46747309,46748293
Heart-Cardio,chr10,13693916,13694208
Heart-Cardio,chr16,23594071,23594456
Heart-Cardio,chr3,125014716,125015437
Heart-Cardio,chr13,31221007,31221992
Heart-Cardio,chr15,34792125,34792511
Heart-Cardio,chr3,17155327,17155727
Heart-Cardio,chr5,135350771,135350885
Heart-Cardio,chr1,6233281,6233371
Heart-Cardio,chr10,16663248,16664336
Heart-Cardio,chr12,131961951,131962199
Heart-Cardio,chr16,31894559,31894831
Heart-Cardio,chr2,231352849,231352928
Heart-Cardio,chr11,16855555,16855912
Heart-Cardio,chr14,23396232,23396450
Heart-Cardio,chr6,15580860,15581249
Heart-Cardio,chr2,26278118,26278779
Heart-Cardio,chr7,1841130,1841361
Heart-Cardio,chr9,133054062,133054275
Heart-Cardio,chr13,112729010,112729215
Heart-Cardio,chr14,80927070,80927207
Heart-Cardio,chr2,43897508,43897768
Heart-Cardio,chr10,95324587,95324706
Heart-Cardio,chr12,89421571,89421865
Heart-Cardio,chr16,46746055,46746745
Heart-Cardio,chr17,1496982,1497271
Heart-Cardio,chr15,43874258,43874448
Heart-Cardio,chr1,1625580,1625675
Heart-Cardio,chr3,195570697,195571127
Heart-Cardio,chrX,77875256,77875516
Heart-Cardio,chr11,542366,542813
Heart-Cardio,chr1,1625050,1625152
Heart-Cardio,chr5,102756849,102757099
Heart-Cardio,chr16,3765166,3765348
Heart-Cardio,chr3,123493721,123494200
Heart-Cardio,chr4,186707174,186707266
Heart-Cardio,chr21,41851403,41851577
Heart-Cardio,chr6,158621440,158621571
Heart-Cardio,chr14,23396812,23397203
Heart-Cardio,chr7,151624347,151624653
Heart-Cardio,chr2,219631163,219631361
Heart-Cardio,chr6,157899237,157899667
Heart-Cardio,chr17,76744222,76744969
Heart-Cardio,chr5,1051028,1051507
Heart-Cardio,chr15,98770257,98770786
Heart-Cardio,chr2,105435523,105436193
Heart-Cardio,chr9,34437756,34437850
Heart-Cardio,chr12,64682284,64682424
Heart-Cardio,chr2,174962624,174962767
Heart-Cardio,chr15,28310652,28310885
Heart-Cardio,chr21,41851601,41851739
Heart-Cardio,chr10,11463340,11463564
Heart-Cardio,chr12,48778115,48778593
Heart-Cardio,chr18,13271303,13271524
Heart-Cardio,chr19,58293190,58293356
Heart-Cardio,chr17,50847462,50848232
Heart-Cardio,chr22,41660805,41661291
Heart-Cardio,chr13,27562184,27562804
Heart-Cardio,chr7,37947381,37947518
Heart-Cardio,chr14,23394068,23394292
Heart-Cardio,chr2,202201700,202202153
Heart-Cardio,chr11,100850912,100851174
Heart-Cardio,chr10,121924269,121925159
Heart-Cardio,chr6,118371120,118371733
Heart-Cardio,chr6,89675490,89675668
Heart-Cardio,chr14,59358570,59358775
Heart-Cardio,chr20,2146135,2146564
Heart-Cardio,chr20,38085199,38086095
Heart-Cardio,chr15,73323818,73324608
Heart-Cardio,chr7,102018869,102019061
Heart-Cardio,chr7,1848986,1849348
Heart-Cardio,chr17,81612011,81612198
Heart-Cardio,chr17,57102496,57103028
Heart-Cardio,chr10,44984407,44985002
Heart-Cardio,chr12,132747198,132747577
Heart-Cardio,chr4,159249984,159250910
Heart-Cardio,chr1,11844034,11845469
Heart-Cardio,chr2,55089478,55089984
Heart-Cardio,chr17,80964140,80964424
Heart-Cardio,chr12,1986367,1987138
Heart-Cardio,chr2,27242944,27243501
Heart-Cardio,chr2,105494609,105494753
Heart-Cardio,chr9,132320105,132320347
Heart-Cardio,chr4,184388561,184388915
Heart-Cardio,chr11,47346225,47346321
Heart-Cardio,chr9,132267277,132267857
Heart-Cardio,chr21,43009559,43010676
Heart-Cardio,chr2,127726782,127727321
Heart-Cardio,chr5,154801565,154802636
Heart-Cardio,chr6,157673222,157673593
Heart-Cardio,chr16,87398835,87399073
Heart-Cardio,chr2,238058251,238058753
Heart-Cardio,chr9,131260871,131261179
Heart-Cardio,chr12,124207934,124207984
Heart-Cardio,chr2,204130377,204130425
Heart-Cardio,chr8,139835488,139835840
Heart-Cardio:Heart-Fibro,chr7,150823570,150823776
Heart-Cardio:Heart-Fibro,chr18,6143915,6144025
Heart-Cardio:Heart-Fibro,chr2,204130077,204130289
Heart-Cardio:Heart-Fibro,chr4,183015025,183015197
Heart-Cardio:Heart-Fibro,chr2,65687699,65687765
Heart-Cardio:Heart-Fibro,chr12,124208160,124208276
Heart-Cardio:Heart-Fibro,chr13,29524123,29524368
Heart-Cardio:Heart-Fibro,chr10,85159286,85159324
Heart-Cardio:Heart-Fibro,chr2,232974638,232974692
Heart-Cardio:Heart-Fibro,chr10,91976531,91976805
Heart-Cardio:Heart-Fibro,chr4,182326149,182326200
Heart-Cardio:Heart-Fibro,chr18,6273075,6273617
Heart-Cardio:Heart-Fibro,chr7,35245026,35245624
Heart-Cardio:Heart-Fibro,chr10,131144063,131144106
Heart-Cardio:Heart-Fibro,chr7,150792390,150792747
Heart-Cardio:Heart-Fibro,chr5,29065300,29065423
Heart-Cardio:Heart-Fibro,chr1,205842506,205842847
Heart-Cardio:Heart-Fibro,chr6,11999152,11999573
Heart-Cardio:Heart-Fibro,chr5,55591676,55591823
Heart-Cardio:Heart-Fibro,chr1,20070360,20070389
Heart-Cardio:Heart-Fibro,chr8,60437886,60438320
Heart-Cardio:Heart-Fibro,chr10,50681081,50681265
Heart-Cardio:Heart-Fibro,chr3,64594253,64594383
Heart-Cardio:Heart-Fibro,chr3,179681127,179681378
Heart-Cardio:Heart-Fibro,chr11,116858021,116858314
Heart-Cardio:Heart-Fibro,chr17,76369803,76369979
Heart-Cardio:Heart-Fibro,chr11,134420428,134420686
Heart-Cardio:Heart-Fibro,chr18,22561690,22562761
Heart-Cardio:Heart-Fibro,chr20,35635666,35636139
Heart-Cardio:Heart-Fibro,chr3,116777496,116777677
Heart-Cardio:Heart-Fibro,chr1,154708041,154708293
Heart-Cardio:Heart-Fibro,chr1,19057143,19057435
Heart-Cardio:Heart-Fibro,chr7,35415435,35415651
Heart-Cardio:Heart-Fibro,chr12,109538516,109538581
Heart-Cardio:Heart-Fibro,chr22,27042065,27042105
Heart-Cardio:Heart-Fibro,chr3,75379176,75379368
Heart-Cardio:Heart-Fibro,chr5,173163776,173163834
Heart-Cardio:Heart-Fibro,chr6,163844456,163844659
Heart-Cardio:Heart-Fibro,chr14,81005728,81005870
Heart-Cardio:Heart-Fibro,chr7,35233691,35234427
Heart-Cardio:Heart-Fibro,chr15,71808464,71808595
Heart-Cardio:Heart-Fibro,chr8,36931069,36931428
Heart-Cardio:Heart-Fibro,chr6,4159629,4159735
Heart-Cardio:Heart-Fibro,chr6,56620343,56620771
Heart-Cardio:Heart-Fibro,chr1,165409574,165409994
Heart-Cardio:Heart-Fibro,chr1,38261841,38262006
Heart-Cardio:Heart-Fibro,chr17,80872218,80872445
Heart-Cardio:Heart-Fibro,chr6,73571485,73571641
Heart-Cardio:Heart-Fibro,chr10,131143672,131143757
Heart-Cardio:Heart-Fibro,chr12,67969326,67969910
Heart-Cardio:Heart-Fibro,chr1,47765484,47765681
Heart-Cardio:Heart-Fibro,chr14,56951714,56951817
Heart-Cardio:Heart-Fibro,chr10,67184131,67184455
Heart-Cardio:Heart-Fibro,chr1,29920878,29920910
Heart-Cardio:Heart-Fibro,chr1,230516975,230517121
Heart-Cardio:Heart-Fibro,chr13,73983106,73983470
Heart-Cardio:Heart-Fibro,chr18,48742463,48742637
Heart-Cardio:Heart-Fibro,chr22,17140047,17140420
Heart-Cardio:Heart-Fibro,chr8,56198510,56198659
Heart-Cardio:Heart-Fibro,chr7,35231965,35232821
Heart-Cardio:Heart-Fibro,chr4,185532332,185532837
Heart-Cardio:Heart-Fibro,chrX,10605900,10606142
Heart-Cardio:Heart-Fibro,chr1,147641341,147641533
Heart-Cardio:Heart-Fibro,chr7,26614786,26615193
Heart-Cardio:Heart-Fibro,chr17,43352764,43352988
Heart-Cardio:Heart-Fibro,chr10,97138752,97139156
Heart-Cardio:Heart-Fibro,chr1,44250219,44250271
Heart-Cardio:Heart-Fibro,chr10,75735764,75735918
Heart-Cardio:Heart-Fibro,chr17,79887669,79887847
Heart-Cardio:Heart-Fibro,chr13,43127190,43127391
Heart-Cardio:Heart-Fibro,chr1,6006958,6007088
Heart-Cardio:Heart-Fibro,chr14,71183749,71183913
Heart-Cardio:Heart-Fibro,chr7,67183082,67183156
Heart-Cardio:Heart-Fibro,chr1,23393671,23394136
Heart-Cardio:Heart-Fibro,chr6,110412490,110412693
Heart-Cardio:Heart-Fibro,chr14,95884769,95884826
Heart-Cardio:Heart-Fibro,chr6,164105921,164106065
Heart-Cardio:Heart-Fibro,chr1,81060650,81060912
Heart-Cardio:Heart-Fibro,chr5,124797660,124798058
Heart-Cardio:Heart-Fibro,chr7,26614410,26614693
Heart-Cardio:Heart-Fibro,chr1,48709030,48709220
Heart-Cardio:Heart-Fibro,chr6,164105747,164105904
Heart-Cardio:Heart-Fibro,chr8,52875617,52875714
Heart-Cardio:Heart-Fibro,chr16,3964050,3964252
Heart-Cardio:Heart-Fibro,chr4,181272594,181272947
Heart-Cardio:Heart-Fibro,chr1,44249941,44250136
Heart-Cardio:Heart-Fibro,chr7,107285106,107285844
Heart-Cardio:Heart-Fibro,chr5,57042423,57042933
Heart-Cardio:Heart-Fibro,chr10,60299015,60299996
Heart-Cardio:Heart-Fibro,chr2,241227586,241227737
Heart-Cardio:Heart-Fibro,chr5,148452504,148452951
Heart-Cardio:Heart-Fibro,chr5,148469880,148470384
Heart-Cardio:Heart-Fibro,chr10,84660424,84660650
Heart-Cardio:Heart-Fibro,chr22,36049570,36049801
Heart-Cardio:Heart-Fibro,chr1,230463919,230464516
Heart-Cardio:Heart-Fibro,chr1,81379941,81380098
Heart-Cardio:Heart-Fibro,chr12,123764819,123764882
Heart-Cardio:Heart-Fibro,chr3,46417074,46417676
Heart-Cardio:Heart-Fibro,chr5,206272,206511
Heart-Cardio:Heart-Fibro,chr11,102875853,102875955
Heart-Cardio:Heart-Fibro,chr6,5214034,5214120
Heart-Cardio:Heart-Fibro,chr3,4673104,4673245
Heart-Cardio:Heart-Fibro,chr20,25464547,25464738
Heart-Cardio:Heart-Fibro,chr5,108249351,108249755
Heart-Cardio:Heart-Fibro,chr10,110684876,110685095
Heart-Cardio:Heart-Fibro,chr3,14557098,14557272
Heart-Cardio:Heart-Fibro,chr6,106064319,106064571
Heart-Cardio:Heart-Fibro,chr16,82108059,82108854
Heart-Cardio:Heart-Fibro,chr7,35229456,35230043
Heart-Cardio:Heart-Fibro,chr15,75760525,75761013
Heart-Cardio:Heart-Fibro,chr21,43318432,43318587
Heart-Cardio:Heart-Fibro,chr8,51807795,51808611
Heart-Cardio:Heart-Fibro,chr5,1121046,1121261
Heart-Cardio:Heart-Fibro,chr12,110931763,110931877
Heart-Cardio:Heart-Fibro,chr7,139897234,139897365
Heart-Cardio:Heart-Fibro,chr15,99932691,99932734
Heart-Cardio:Heart-Fibro,chr8,3110174,3110266
Heart-Cardio:Heart-Fibro,chr17,76698519,76698964
Heart-Cardio:Heart-Fibro,chr3,39186571,39186779
Heart-Cardio:Heart-Fibro,chr20,38083644,38083767
Heart-Cardio:Heart-Fibro,chr5,59236454,59236957
Heart-Cardio:Heart-Fibro,chr10,87214079,87214171
Heart-Cardio:Heart-Fibro,chr9,7507698,7508021
Heart-Cardio:Heart-Fibro,chr19,53013705,53014201
Heart-Cardio:Heart-Fibro,chr6,7425345,7425419
Heart-Cardio:Heart-Fibro,chr2,202009627,202009898
Heart-Cardio:Heart-Fibro,chr5,1121404,1121478
Heart-Cardio:Heart-Fibro,chr5,137282073,137282214
Heart-Cardio:Heart-Fibro,chr9,87810066,87810422
Heart-Cardio:Heart-Fibro,chr5,4531437,4531482
Heart-Cardio:Heart-Fibro,chr7,18055755,18056083
Heart-Cardio:Heart-Fibro,chr2,107813300,107813638
Heart-Cardio:Heart-Fibro,chr11,115787352,115787691
Heart-Cardio:Heart-Fibro,chr3,195159544,195159854
Heart-Cardio:Heart-Fibro,chr14,98078137,98078251
Heart-Cardio:Heart-Fibro,chr11,131499398,131499458
Heart-Cardio:Heart-Fibro,chr22,32670908,32671016
Heart-Cardio:Heart-Fibro,chr1,209642538,209642596
Heart-Cardio:Heart-Fibro,chr4,183826408,183826692
Heart-Cardio:Heart-Fibro,chr4,3910089,3910465
Heart-Cardio:Heart-Fibro,chr6,21459639,21460176
Heart-Cardio:Heart-Fibro,chr21,37594280,37594479
Heart-Cardio:Heart-Fibro,chr15,83057109,83057732
Heart-Cardio:Heart-Fibro,chr17,510521,510841
Heart-Cardio:Heart-Fibro,chr20,50409134,50409220
Heart-Cardio:Heart-Fibro,chrX,90215759,90216338
Heart-Cardio:Heart-Fibro,chr11,130270926,130271448
Heart-Cardio:Heart-Fibro,chr1,13535343,13535640
Heart-Cardio:Heart-Fibro,chr8,66165522,66165767
Heart-Cardio:Heart-Fibro,chr15,50911107,50911614
Heart-Cardio:Heart-Fibro,chr1,116572685,116573394
Heart-Cardio:Heart-Fibro,chr1,42433234,42433737
Heart-Cardio:Heart-Fibro,chr9,127184578,127184868
Heart-Cardio:Heart-Fibro,chr1,9583196,9583658
Heart-Cardio:Heart-Fibro,chr20,58069373,58069520
Heart-Cardio:Heart-Fibro,chr11,14137402,14137948
Heart-Cardio:Heart-Fibro,chr5,57116177,57116541
Heart-Cardio:Heart-Fibro,chr16,84058903,84059206
Heart-Cardio:Heart-Fibro,chr5,11012517,11012860
Heart-Cardio:Heart-Fibro,chr5,180780057,180780415
Heart-Cardio:Heart-Fibro,chr5,124628829,124628961
Heart-Cardio:Heart-Fibro,chr7,35242224,35242429
Heart-Cardio:Heart-Fibro,chr8,25578142,25578335
Heart-Cardio:Heart-Fibro,chr19,15337477,15337600
Heart-Cardio:Heart-Fibro,chr8,25943864,25944190
Heart-Cardio:Heart-Fibro,chr19,5876211,5876385
Heart-Cardio:Heart-Fibro,chr8,57874825,57875337
Heart-Cardio:Heart-Fibro,chr4,64017005,64017099
Heart-Cardio:Heart-Fibro,chr10,1152338,1152535
Heart-Cardio:Heart-Fibro,chr2,234171928,234172128
Heart-Cardio:Heart-Fibro,chr10,10912619,10912808
Heart-Cardio:Heart-Fibro,chr17,3027436,3027541
Heart-Cardio:Heart-Fibro,chr11,134362449,134362719
Heart-Cardio:Heart-Fibro,chr3,171296491,171297312
Heart-Cardio:Heart-Fibro,chr9,97079969,97080392
Heart-Cardio:Heart-Fibro,chr1,46026122,46027530
Heart-Cardio:Heart-Fibro,chr8,3237033,3237264
Heart-Cardio:Heart-Fibro,chr17,13095879,13095949
Heart-Cardio:Heart-Fibro,chr17,57713257,57713374
Heart-Cardio:Heart-Fibro,chr1,228368752,228368887
Heart-Cardio:Heart-Fibro,chr1,29920961,29921208
Heart-Cardio:Heart-Fibro,chr15,44940044,44940370
Heart-Cardio:Heart-Fibro,chr6,83285141,83285928
Heart-Cardio:Heart-Fibro,chr8,93017273,93017677
Heart-Cardio:Heart-Fibro,chr6,10587280,10587528
Heart-Cardio:Heart-Fibro,chr11,125681878,125682349
Heart-Cardio:Heart-Fibro,chr7,106856451,106857040
Heart-Cardio:Heart-Fibro,chr13,37947709,37948039
Heart-Cardio:Heart-Fibro,chr3,126938351,126938514
Heart-Cardio:Heart-Fibro,chr11,69876303,69876399
Heart-Cardio:Heart-Fibro,chr13,35874696,35874775
Heart-Cardio:Heart-Fibro,chr8,68590550,68590965
Heart-Cardio:Heart-Fibro,chr18,12997062,12997280
Heart-Cardio:Heart-Fibro,chr7,3233279,3233684
Heart-Cardio:Heart-Fibro,chr8,12524002,12524229
Heart-Cardio:Heart-Fibro,chr7,91732064,91732482
Heart-Cardio:Heart-Fibro,chr20,6502762,6503389
Heart-Cardio:Heart-Fibro,chr12,115828438,115829009
Heart-Cardio:Heart-Fibro,chr1,154707514,154707666
Heart-Cardio:Heart-Fibro,chr7,35237823,35238838
Heart-Cardio:Heart-Fibro,chr10,37711008,37711413
Heart-Cardio:Heart-Fibro,chr2,33889635,33889890
Heart-Cardio:Heart-Fibro,chr7,156990525,156990637
Heart-Cardio:Heart-Fibro,chr18,62986911,62987336
Heart-Cardio:Heart-Fibro,chr10,124282545,124282800
Heart-Cardio:Heart-Fibro,chr6,138529379,138529749
Heart-Cardio:Heart-Fibro,chr9,86636844,86637038
Heart-Cardio:Heart-Fibro,chr2,10762529,10762594
Heart-Cardio:Heart-Fibro,chr3,160825823,160827035
Heart-Cardio:Heart-Fibro,chr12,120572122,120572224
Heart-Cardio:Heart-Fibro,chr17,6646644,6646787
Heart-Cardio:Heart-Fibro,chr5,32832411,32832461
Heart-Cardio:Heart-Fibro,chr8,52562717,52562971
Heart-Cardio:Heart-Fibro,chr7,35226880,35227556
Heart-Cardio:Heart-Fibro,chr3,53550019,53550277
Heart-Cardio:Heart-Fibro,chr15,83766044,83766567
Heart-Cardio:Heart-Fibro,chr7,141389027,141389277
Heart-Cardio:Heart-Fibro,chr1,237201643,237202439
Heart-Cardio:Heart-Fibro,chr16,48958502,48958875
Heart-Cardio:Heart-Fibro,chr17,78475173,78475326
Heart-Cardio:Heart-Fibro,chr7,73606088,73606138
Heart-Cardio:Heart-Fibro,chr2,160374962,160375339
Heart-Cardio:Heart-Fibro,chr2,62056499,62056802
Heart-Cardio:Heart-Fibro,chr5,163771107,163771508
Heart-Cardio:Heart-Fibro,chr22,18738783,18739353
Heart-Cardio:Heart-Fibro,chr6,36693447,36693658
Heart-Cardio:Heart-Fibro,chr8,26227182,26227578
Heart-Cardio:Heart-Fibro,chr1,3790141,3790415
Heart-Cardio:Heart-Fibro,chr7,94482794,94483095
Heart-Cardio:Heart-Fibro,chr14,100100234,100100598
Heart-Cardio:Heart-Fibro,chr9,3368890,3369310
Heart-Cardio:Heart-Fibro,chr12,57568989,57569275
Heart-Cardio:Heart-Fibro,chr21,38575175,38575684
Heart-Cardio:Heart-Fibro,chr10,47321018,47321349
Heart-Cardio:Heart-Fibro,chr15,100113585,100113762
Heart-Cardio:Heart-Fibro,chr9,93938111,93938654
Heart-Cardio:Heart-Fibro,chr10,132891437,132891702
Heart-Cardio:Heart-Fibro,chr3,13247614,13247945
Heart-Cardio:Heart-Fibro,chrY,26590023,26590399
Heart-Cardio:Heart-Fibro,chr9,13785982,13786318
Heart-Cardio:Heart-Fibro,chr11,112777169,112777287
Heart-Cardio:Heart-Fibro,chrX,92645021,92645353
Heart-Cardio:Heart-Fibro,chr1,204465309,204465737
Heart-Cardio:Heart-Fibro,chr16,4223978,4224434
Heart-Cardio:Heart-Fibro,chr18,6278579,6279383
Heart-Cardio:Heart-Fibro,chr12,8410341,8410922
Heart-Cardio:Heart-Fibro,chr20,51274814,51275212
Heart-Cardio:Heart-Fibro,chr10,119283495,119283796
Heart-Cardio:Heart-Fibro,chr3,14522587,14522739
Heart-Cardio:Heart-Fibro,chr13,102700860,102700919
Heart-Cardio:Skeletal-Musc:Smooth-Musc,chr12,108788635,108788808
Heart-Cardio:Skeletal-Musc:Smooth-Musc,chr7,139896900,139897061
Heart-Cardio:Skeletal-Musc:Smooth-Musc,chr3,194856345,194856750
Heart-Cardio:Skeletal-Musc:Smooth-Musc,chr3,62097103,62097496
Heart-Cardio:Skeletal-Musc:Smooth-Musc,chr3,75379176,75379368
Heart-Cardio:Skeletal-Musc:Smooth-Musc,chr4,168640073,168640258
Heart-Cardio:Skeletal-Musc:Smooth-Musc,chr17,76131012,76131422
Heart-Cardio:Skeletal-Musc:Smooth-Musc,chr1,6065491,6065652
Heart-Cardio:Skeletal-Musc:Smooth-Musc,chr1,208394819,208395024
Heart-Cardio:Skeletal-Musc:Smooth-Musc,chr2,64340770,64341048
Heart-Cardio:Skeletal-Musc:Smooth-Musc,chr1,229863654,229863742
Heart-Cardio:Skeletal-Musc:Smooth-Musc,chr5,34042871,34043036
Heart-Cardio:Skeletal-Musc:Smooth-Musc,chr18,36446156,36446301
Heart-Cardio:Skeletal-Musc:Smooth-Musc,chr12,94265503,94265764
Heart-Cardio:Skeletal-Musc:Smooth-Musc,chr11,54967543,54968506
Heart-Cardio:Skeletal-Musc:Smooth-Musc,chr6,169168336,169168470
Heart-Cardio:Skeletal-Musc:Smooth-Musc,chr2,235617967,235618158
Heart-Cardio:Skeletal-Musc:Smooth-Musc,chr1,20029350,20029407
Heart-Fibro,chr5,178366998,178367280
Heart-Fibro,chr6,169168496,169168676
Heart-Fibro,chr6,169167682,169167970
Heart-Fibro,chr8,139835297,139835479
Heart-Fibro,chr17,10291776,10291841
Heart-Fibro,chr21,25850860,25850958
Heart-Fibro,chr16,79139873,79140194
Heart-Fibro,chr6,169168764,169169045
Heart-Fibro,chr5,38925240,38925361
Heart-Fibro,chrY,13435668,13435871
Heart-Fibro,chr17,35951487,35951663
Heart-Fibro,chr13,77447328,77447610
Heart-Fibro,chr13,22439502,22439803
Heart-Fibro,chr16,54976983,54977085
Heart-Fibro,chr20,11989149,11989318
Heart-Fibro,chr4,17082043,17082545
Heart-Fibro,chr1,12666354,12666610
Heart-Fibro,chr5,148474466,148474628
Heart-Fibro,chr3,53750673,53751030
Heart-Fibro,chr5,160940900,160941125
Heart-Fibro,chr9,133711836,133711891
Heart-Fibro,chr13,47185996,47186120
Heart-Fibro,chr17,10907246,10907557
Heart-Fibro,chr2,8002940,8003457
Heart-Fibro,chr14,35258663,35258823
Heart-Fibro,chr10,98840339,98840677
Heart-Fibro,chr4,143597181,143597335
Heart-Fibro,chr10,3826301,3826893
Heart-Fibro,chr11,76273919,76274177
Heart-Fibro,chr9,133711624,133711810
Heart-Fibro,chr5,8232858,8233023
Heart-Fibro,chr2,191295846,191296417
Heart-Fibro,chr21,39661960,39662156
Heart-Fibro,chr11,35933302,35933982
Heart-Fibro,chr10,15414928,15415631
Heart-Fibro,chr12,104356768,104356942
Heart-Fibro,chr14,51471449,51471590
Heart-Fibro,chr15,25624863,25625033
Heart-Fibro,chr10,107047367,107047809
Heart-Fibro,chr2,3041260,3041343
Heart-Fibro,chr4,25065967,25066395
Heart-Fibro,chr7,104904184,104904417
Heart-Fibro,chr9,133711994,133712294
Heart-Fibro,chr8,99067825,99068065
Heart-Fibro,chr13,25982306,25982674
Heart-Fibro,chr1,183358622,183359302
Heart-Fibro,chr8,13438170,13438451
Heart-Fibro,chr8,48197666,48197842
Heart-Fibro,chr12,93824986,93825601
Heart-Fibro,chr4,7879764,7879957
Heart-Fibro,chr7,36224982,36225103
Heart-Fibro,chr2,128339130,128339215
Heart-Fibro,chr2,33236826,33237274
Heart-Fibro,chr10,78732846,78733088
Heart-Fibro,chr15,45330685,45331041
Heart-Fibro,chr2,235936772,235937122
Heart-Fibro,chr10,129244896,129245198
Heart-Fibro,chr6,159386201,159386348
Heart-Fibro,chr3,108495784,108496095
Heart-Fibro,chr2,204026530,204026901
Heart-Fibro,chr5,142303575,142303680
Heart-Fibro,chr10,100429065,100429302
Heart-Fibro,chr9,129412684,129412724
Heart-Fibro,chr9,96216462,96216988
Heart-Fibro,chr6,148272824,148273854
Heart-Fibro,chr16,72906060,72906209
Heart-Fibro,chr7,85132987,85133503
Heart-Fibro,chr17,73988129,73988305
Heart-Fibro,chr7,39676296,39676846
Heart-Fibro,chr9,76288986,76289381
Heart-Fibro,chr2,11629906,11630439
Heart-Fibro,chr7,140568169,140568538
Heart-Fibro,chr7,3998749,3999142
Heart-Fibro,chr3,64594587,64595039
Heart-Fibro,chr3,8561833,8562458
Heart-Fibro,chr13,38381292,38381764
Heart-Fibro,chr3,43905047,43906023
Heart-Fibro,chr20,55741516,55741617
Heart-Fibro,chr3,74038937,74038971
Heart-Fibro,chr4,185114374,185114894
Heart-Fibro,chr10,35794430,35794871
Heart-Fibro,chr16,78611215,78611868
Heart-Fibro,chr6,160262648,160262797
Heart-Fibro,chr10,34047362,34047785
Heart-Fibro,chr14,80311699,80312085
Heart-Fibro,chr21,27465879,27466156
Heart-Fibro,chr18,52141257,52141443
Heart-Fibro,chr6,100878618,100879058
Heart-Fibro,chr10,64295812,64296314
Heart-Fibro,chr17,72294335,72294829
Heart-Fibro,chr12,47282133,47282658
Heart-Fibro,chr7,6937876,6937948
Heart-Fibro,chr5,40914781,40914933
Heart-Fibro,chr10,8284099,8284538
Heart-Fibro,chr13,23668618,23668759
Heart-Fibro,chr12,132432298,132432534
Heart-Fibro,chr3,65959756,65959963
Heart-Fibro,chr11,78981550,78981757
Heart-Fibro,chr6,14328241,14328657
Heart-Fibro,chr1,198268506,198268744
Heart-Fibro,chr4,186758902,186759048
Heart-Fibro,chr1,10701492,10701698
Heart-Fibro,chr8,8423053,8423200
Heart-Fibro,chr15,42427618,42428234
Heart-Fibro,chr5,178386684,178386726
Heart-Fibro,chr6,169097621,169097927
Heart-Fibro,chr7,70631472,70631654
Heart-Fibro,chr6,2184575,2185398
Heart-Fibro,chr22,46298801,46299741
Heart-Fibro,chr4,68975747,68975972
Heart-Fibro,chr10,77122403,77122497
Heart-Fibro,chr2,236664332,236664513
Heart-Fibro,chr4,33144506,33144735
Heart-Fibro,chr12,15083223,15083416
Heart-Fibro,chr10,9202024,9202495
Heart-Fibro,chr4,85941809,85942165
Heart-Fibro,chr7,145680836,145682024
Heart-Fibro,chr8,1369850,1369911
Heart-Fibro,chr13,26334874,26335125
Heart-Fibro,chr14,72575878,72575963
Heart-Fibro,chr4,127508930,127509635
Heart-Fibro,chr4,183928784,183929061
Heart-Fibro,chr7,105983029,105983856
Heart-Fibro,chr6,163828388,163828658
Heart-Fibro,chr7,35530282,35530476
Heart-Fibro,chr12,98422371,98422720
Heart-Fibro,chr17,4607229,4607303
Heart-Fibro,chr18,22416207,22416683
Heart-Fibro,chr2,59668971,59669658
Heart-Fibro,chr8,25768745,25768849
Heart-Fibro,chr2,77085534,77086101
Heart-Fibro,chr15,84912925,84913457
Heart-Fibro,chr6,80449219,80449671
Heart-Fibro,chr18,7307846,7307952
Heart-Fibro,chr17,3768512,3768650
Heart-Fibro,chr3,130518529,130519320
Heart-Fibro,chr5,109300451,109301014
Heart-Fibro,chr4,67713843,67713957
Heart-Fibro,chr10,58937700,58938000
Heart-Fibro,chr11,23992122,23992709
Heart-Fibro,chr8,92439822,92440792
Heart-Fibro,chr1,243121355,243121602
Heart-Fibro,chr2,83431654,83432094
Heart-Fibro,chr10,77469815,77470073
Heart-Fibro,chr17,76369504,76369681
Heart-Fibro,chr3,99640785,99641244
Heart-Fibro,chr13,98653976,98654422
Heart-Fibro,chr2,29361028,29361130
Heart-Fibro,chr17,73519970,73520175
Heart-Fibro,chr6,126060153,126060591
Heart-Fibro,chr15,60791660,60792460
Heart-Fibro,chr21,45929649,45929874
Heart-Fibro,chr1,93709796,93710356
Heart-Fibro,chr4,183995905,183996534
Heart-Fibro,chr13,107209438,107209615
Heart-Fibro,chr16,74221525,74222247
Heart-Fibro,chr10,45094331,45094676
Heart-Fibro,chr17,10035314,10035721
Heart-Fibro,chr11,78798178,78798347
Heart-Fibro,chr16,890791,891095
Heart-Fibro,chr22,21262862,21263620
Heart-Fibro,chr11,1979978,1980125
Heart-Fibro,chr1,183028640,183029517
Heart-Fibro,chr7,101378445,101378600
Heart-Fibro,chr11,89910495,89911249
Heart-Fibro,chr1,86200430,86200729
Heart-Fibro,chr19,3012450,3012867
Heart-Fibro,chr12,114214953,114215156
Heart-Fibro,chr11,67851234,67851498
Heart-Fibro,chr5,143101758,143102186
Heart-Fibro,chr16,22004769,22006048
Heart-Fibro,chr3,89571259,89571505
Heart-Fibro,chr12,57165123,57165287
Heart-Fibro,chr7,106019081,106019465
Heart-Fibro,chr2,152761152,152761953
Heart-Fibro,chr5,173277458,173277668
Heart-Fibro,chr1,82065915,82066446
Heart-Fibro,chr17,2981920,2982075
Heart-Fibro,chr4,78117294,78117658
Heart-Fibro,chr3,190251821,190252426
Heart-Fibro,chr7,94895968,94896572
Heart-Fibro,chr12,104356580,104356704
Heart-Fibro,chr11,120830607,120830807
Heart-Fibro,chr7,20904217,20904832
Heart-Fibro,chr3,150406579,150406930
Heart-Fibro,chr6,145036465,145036909
Heart-Fibro,chr12,51418243,51418935
Heart-Fibro,chr21,41393263,41394095
Heart-Fibro,chr1,243493245,243494045
Heart-Fibro,chr15,70308990,70309394
Heart-Fibro,chr2,205188050,205188504
Heart-Fibro,chr2,173392895,173393054
Heart-Fibro,chr10,114251042,114251570
Heart-Fibro,chr17,297204,297940
Heart-Fibro,chr2,66301926,66302028
Heart-Fibro,chr3,70035437,70035733
Heart-Fibro,chr6,139383308,139384282
Heart-Fibro,chr8,89806493,89806808
Heart-Fibro,chr11,118170354,118170761
Heart-Fibro,chr8,105885484,105885549
Heart-Fibro,chr7,35418862,35418954
Heart-Fibro,chr16,11666935,11667209
Heart-Fibro,chr12,131367533,131367985
Heart-Fibro,chr5,178528937,178529080
Heart-Fibro,chr1,91589959,91590082
Heart-Fibro,chr7,41447493,41447580
Heart-Fibro,chr12,110746067,110746389
Heart-Fibro,chr21,36446777,36446960
Heart-Fibro,chr14,100433613,100434016
Heart-Fibro,chr2,24252171,24253254
Heart-Fibro,chrY,22301371,22301786
Heart-Fibro,chr4,187711860,187712503
Heart-Fibro,chr21,43145775,43146039
Heart-Fibro,chr4,155495140,155495622
Heart-Fibro,chr2,41913307,41913543
Heart-Fibro,chr6,169156664,169157238
Heart-Fibro,chr9,71517926,71518058
Heart-Fibro,chr15,45600732,45602107
Heart-Fibro,chr16,73504635,73504692
Heart-Fibro,chr3,134458943,134459964
Heart-Fibro,chr11,2285922,2286018
Heart-Fibro,chr9,38336760,38336996
Heart-Fibro,chr15,75064274,75064521
Heart-Fibro,chr5,168265827,168266706
Heart-Fibro,chr3,169022276,169022985
Heart-Fibro,chr5,57422982,57423565
Heart-Fibro,chrY,15626746,15627711
Heart-Fibro,chr9,2071686,2072870
Heart-Fibro,chr10,30259002,30259341
Heart-Fibro,chr11,126317149,126317263
Heart-Fibro,chr12,113800215,113800658
Heart-Fibro,chr18,2327466,2327568
Heart-Fibro,chr2,32831167,32831800
Heart-Fibro,chr1,108723298,108724358
Heart-Fibro,chr1,6949255,6949564
Heart-Fibro,chr2,8267450,8268396
Heart-Fibro,chr13,108985467,108985719
Heart-Fibro,chr2,85025512,85025734
Heart-Fibro,chr6,64480019,64480520
Heart-Fibro,chr12,30060291,30060894
Heart-Fibro,chr3,112015558,112016137
Heart-Fibro,chr15,31556671,31557022
Heart-Fibro,chr9,135021170,135021388
Heart-Fibro,chrY,12272708,12273233
Heart-Fibro,chr1,7233755,7233848
Heart-Fibro,chr14,19163641,19164440
Heart-Fibro,chr12,8410341,8410922
Heart-Fibro,chr19,38689704,38689777
Heart-Fibro,chr18,44711020,44711221
Heart-Fibro,chr3,125343687,125344069
Kidney-Ep,chr21,33839926,33840110
Kidney-Ep,chr13,95433175,95433716
Kidney-Ep,chr6,154476388,154476445
Kidney-Ep,chr1,117173070,117173253
Kidney-Ep,chr2,98685874,98686174
Kidney-Ep,chr16,12515601,12515867
Kidney-Ep,chr5,131371336,131371981
Kidney-Ep,chr9,4756288,4756435
Kidney-Ep,chr17,82688117,82688602
Kidney-Ep,chr2,38788846,38789097
Kidney-Ep,chr6,92728477,92728609
Kidney-Ep,chr5,40995902,40996373
Kidney-Ep,chr7,12544337,12544437
Kidney-Ep,chr6,95637101,95637428
Kidney-Ep,chr2,227819481,227819868
Kidney-Ep,chr7,88011307,88011527
Kidney-Ep,chr5,73816310,73817027
Kidney-Ep,chr14,61590020,61590250
Kidney-Ep,chr5,138786605,138787713
Kidney-Ep,chr9,82943036,82943099
Kidney-Ep,chr15,60889530,60889623
Kidney-Ep,chr13,24451927,24452273
Kidney-Ep,chr13,48823620,48823847
Kidney-Ep,chr5,16681847,16681990
Kidney-Ep,chr6,21208545,21208829
Kidney-Ep,chr10,56920676,56920784
Kidney-Ep,chr19,968777,968944
Kidney-Ep,chr16,11990411,11990649
Kidney-Ep,chr20,26137947,26138042
Kidney-Ep,chr11,939169,939468
Kidney-Ep,chr5,75530312,75530878
Kidney-Ep,chr6,170255786,170256064
Kidney-Ep,chr2,202664446,202664805
Kidney-Ep,chr4,37982993,37983240
Kidney-Ep,chr11,132161701,132161821
Kidney-Ep,chr7,152084352,152084784
Kidney-Ep,chrY,14375177,14375417
Kidney-Ep,chr10,1464282,1464353
Kidney-Ep,chr19,8000023,8000119
Kidney-Ep,chr13,22848946,22849170
Kidney-Ep,chr1,6690224,6690590
Kidney-Ep,chr8,1182771,1182948
Kidney-Ep,chr17,1307080,1307311
Kidney-Ep,chr8,115547697,115547930
Kidney-Ep,chr4,28640756,28641026
Kidney-Ep,chr7,69035944,69035980
Kidney-Ep,chr1,70195694,70195888
Kidney-Ep,chr3,43219526,43219888
Kidney-Ep,chr3,153369105,153369303
Kidney-Ep,chr8,67411168,67411246
Kidney-Ep,chr16,66918029,66918677
Kidney-Ep,chr7,8136197,8136551
Kidney-Ep,chr2,43746231,43746552
Kidney-Ep,chr18,78391081,78391264
Kidney-Ep,chr12,4445620,4445806
Kidney-Ep,chr6,153150582,153150735
Kidney-Ep,chr3,8864935,8865182
Kidney-Ep,chr12,123903932,123904383
Kidney-Ep,chr1,67609721,67610310
Kidney-Ep,chr20,3390420,3390657
Kidney-Ep,chr2,208543484,208544048
Kidney-Ep,chr11,11604932,11605165
Kidney-Ep,chr9,89438822,89439021
Kidney-Ep,chr17,38811187,38811598
Kidney-Ep,chr13,22848549,22848619
Kidney-Ep,chr1,187072651,187072730
Kidney-Ep,chr8,60000662,60000863
Kidney-Ep,chr17,9897330,9897386
Kidney-Ep,chr2,235975321,235975793
Kidney-Ep,chr16,81731596,81731988
Kidney-Ep,chr3,196825125,196825333
Kidney-Ep,chr18,79438244,79438384
Kidney-Ep,chr5,113618284,113618404
Kidney-Ep,chr11,13225430,13225653
Kidney-Ep,chr1,5842759,5842903
Kidney-Ep,chr4,186643435,186643693
Kidney-Ep,chr16,22926008,22926079
Kidney-Ep,chr9,89438688,89438767
Kidney-Ep,chr11,19350423,19350468
Kidney-Ep,chr3,56735011,56735239
Kidney-Ep,chr7,154864367,154865003
Kidney-Ep,chr13,22848648,22848701
Kidney-Ep,chr2,239801179,239801316
Kidney-Ep,chr12,7014600,7014888
Kidney-Ep,chr7,151454378,151454593
Kidney-Ep,chr2,198084172,198084415
Kidney-Ep,chr11,71144110,71144422
Kidney-Ep,chr2,127124511,127124764
Kidney-Ep,chr3,193060566,193060697
Kidney-Ep,chr6,241052,241154
Kidney-Ep,chr7,157090878,157091065
Kidney-Ep,chr19,30722804,30723127
Kidney-Ep,chr12,120598415,120598582
Kidney-Ep,chr16,87660145,87660225
Kidney-Ep,chr19,18484325,18484610
Kidney-Ep,chr16,56364193,56364393
Kidney-Ep,chr11,71724905,71725102
Kidney-Ep,chr1,45665538,45665998
Kidney-Ep,chr5,72418877,72419092
Kidney-Ep,chr4,43717838,43717969
Kidney-Ep,chr2,127138124,127138378
Kidney-Ep,chr6,149547056,149547293
Kidney-Ep,chr9,94649790,94649971
Kidney-Ep,chr19,2233779,2233844
Kidney-Ep,chr16,74625377,74625634
Kidney-Ep,chr5,180588927,180589082
Kidney-Ep,chr19,14278637,14278763
Kidney-Ep,chr7,157634397,157634673
Kidney-Ep,chr9,94847945,94848579
Kidney-Ep,chr1,171356213,171356869
Kidney-Ep,chr18,78391279,78391406
Kidney-Ep,chr10,116098238,116098320
Kidney-Ep,chr22,45217633,45217959
Kidney-Ep,chr13,22848739,22848814
Kidney-Ep,chr19,37952953,37953149
Kidney-Ep,chr2,130918055,130918202
Kidney-Ep,chr1,187072488,187072564
Kidney-Ep,chr10,926731,927005
Kidney-Ep,chr15,99403788,99403969
Kidney-Ep,chr16,56868323,56868833
Kidney-Ep,chr7,157487505,157487675
Kidney-Ep,chr10,117784116,117784455
Kidney-Ep,chr11,11182352,11182476
Kidney-Ep,chr2,231144990,231145283
Kidney-Ep,chr9,41652327,41652441
Kidney-Ep,chr13,76297630,76297735
Kidney-Ep,chr4,13875935,13876573
Kidney-Ep,chr6,153150364,153150525
Kidney-Ep,chr17,1307326,1307461
Kidney-Ep,chr6,135867409,135868334
Kidney-Ep,chr4,89615087,89615535
Kidney-Ep,chr4,134343496,134343728
Kidney-Ep,chr10,1472327,1472502
Kidney-Ep,chr6,134808913,134809114
Kidney-Ep,chr11,35494394,35494629
Kidney-Ep,chr2,95063630,95063891
Kidney-Ep,chr3,46876189,46876578
Kidney-Ep,chr11,945369,945585
Kidney-Ep,chr4,1533152,1533320
Kidney-Ep,chr5,56034741,56035043
Kidney-Ep,chr10,131092942,131093288
Kidney-Ep,chr2,232661852,232661909
Kidney-Ep,chr13,112659910,112660041
Kidney-Ep,chr1,147586436,147586957
Kidney-Ep,chr7,150986983,150987172
Kidney-Ep,chr14,101025694,101025928
Kidney-Ep,chr17,82142750,82142994
Kidney-Ep,chr12,56817428,56817704
Kidney-Ep,chr17,1395840,1395940
Kidney-Ep,chr12,131022554,131022715
Kidney-Ep,chr11,64965674,64965873
Kidney-Ep,chr13,33190805,33191133
Kidney-Ep,chr10,133306562,133307137
Kidney-Ep,chr12,131087805,131088155
Kidney-Ep,chr2,177322101,177322236
Kidney-Ep,chr7,46145868,46146005
Kidney-Ep,chr10,97491537,97491907
Kidney-Ep,chr15,69078349,69078677
Kidney-Ep,chr19,20706060,20706348
Kidney-Ep,chr19,39038730,39038955
Kidney-Ep,chr6,15524797,15525287
Kidney-Ep,chr12,127271751,127271835
Kidney-Ep,chr5,79654153,79654304
Kidney-Ep,chr2,11880491,11880779
Kidney-Ep,chr6,1244968,1245060
Kidney-Ep,chr21,45428153,45428321
Kidney-Ep,chr5,80498864,80499101
Kidney-Ep,chr15,73382134,73382381
Kidney-Ep,chr17,1297533,1297707
Kidney-Ep,chr4,40396940,40397160
Kidney-Ep,chr6,4468704,4469082
Kidney-Ep,chr21,25328079,25328120
Kidney-Ep,chr3,168207320,168207708
Kidney-Ep,chr4,115178842,115178913
Kidney-Ep,chr5,2237877,2238099
Kidney-Ep,chr1,151212824,151213052
Kidney-Ep,chr13,20511671,20511921
Kidney-Ep,chr4,128814077,128814349
Kidney-Ep,chr12,116244817,116245387
Kidney-Ep,chrY,2962381,2963071
Kidney-Ep,chr19,13768844,13769227
Kidney-Ep,chr2,148019307,148019388
Kidney-Ep,chr6,6637157,6637301
Kidney-Ep,chr15,52101892,52102051
Kidney-Ep,chr16,86490044,86490300
Kidney-Ep,chr14,33095182,33095643
Kidney-Ep,chr19,33094033,33094468
Kidney-Ep,chr4,119365351,119365892
Kidney-Ep,chr8,142936467,142936592
Kidney-Ep,chr12,119965637,119965741
Kidney-Ep,chr3,11070282,11070418
Kidney-Ep,chr2,177152938,177152992
Kidney-Ep,chr7,130048756,130049547
Kidney-Ep,chr11,27948856,27949212
Kidney-Ep,chr17,34629120,34629385
Kidney-Ep,chr2,226326502,226326835
Kidney-Ep,chr10,78778715,78779033
Kidney-Ep,chr3,89431246,89431319
Kidney-Ep,chr6,443962,444098
Kidney-Ep,chr10,13721955,13722295
Kidney-Ep,chr3,155550469,155550897
Kidney-Ep,chr17,19715229,19715421
Kidney-Ep,chr21,31889843,31890332
Kidney-Ep,chr19,53948923,53949152
Kidney-Ep,chr10,1666473,1666594
Kidney-Ep,chr22,32445851,32445963
Kidney-Ep,chr11,19624154,19624243
Kidney-Ep,chr5,73819584,73820033
Kidney-Ep,chr14,94749402,94749475
Kidney-Ep,chr22,45455374,45455557
Kidney-Ep,chr2,239801382,239801603
Kidney-Ep,chr14,103928879,103929001
Kidney-Ep,chr16,71838277,71838659
Kidney-Ep,chr16,72004778,72005143
Kidney-Ep,chr13,78934437,78934498
Kidney-Ep,chr8,74178812,74178882
Kidney-Ep,chr15,48891788,48892151
Kidney-Ep,chr3,86840286,86840874
Kidney-Ep,chr4,72577390,72577734
Kidney-Ep,chr8,67373048,67373374
Kidney-Ep,chr3,138361257,138361725
Kidney-Ep,chr5,1747139,1747220
Kidney-Ep,chr5,176721426,176721526
Kidney-Ep,chr14,90504143,90504301
Kidney-Ep,chr8,57091701,57091879
Kidney-Ep,chr1,175405771,175406194
Kidney-Ep,chr16,1058660,1058765
Kidney-Ep,chr18,11992997,11993983
Kidney-Ep,chr3,10444197,10444248
Kidney-Ep,chr10,124280532,124280751
Kidney-Ep,chr15,38360976,38361103
Kidney-Ep,chr21,45629439,45629546
Kidney-Ep,chr19,15607129,15607309
Kidney-Ep,chr2,2991800,2992007
Kidney-Ep,chr7,69275264,69275449
Kidney-Ep,chr17,49444813,49445174
Kidney-Ep,chr7,5847091,5847261
Kidney-Ep,chr9,131844535,131844709
Kidney-Ep,chr9,138006805,138007047
Kidney-Ep,chr12,126568064,126568234
Kidney-Ep,chr2,25482865,25483338
Kidney-Ep,chr5,179472765,179472950
Kidney-Ep,chr10,3206015,3206305
Kidney-Ep,chr21,45246728,45246859
Kidney-Ep,chr7,150987227,150987290
Kidney-Ep,chr17,35563331,35563563
Kidney-Ep,chr4,73405751,73405884
Kidney-Ep,chr10,47683094,47683475
Kidney-Ep,chr1,9554214,9554463
Kidney-Ep,chr6,160079556,160080020
Liver-Hep,chr6,142285385,142285541
Liver-Hep,chr6,133976627,133976771
Liver-Hep,chr11,116834596,116834798
Liver-Hep,chr12,100475828,100476026
Liver-Hep,chr22,17731329,17731404
Liver-Hep,chr19,11236837,11236958
Liver-Hep,chr14,34758494,34759244
Liver-Hep,chr19,45288911,45289186
Liver-Hep,chr18,58445509,58445956
Liver-Hep,chr22,20774484,20774949
Liver-Hep,chr2,230520419,230520663
Liver-Hep,chr9,125585563,125585934
Liver-Hep,chr15,90651466,90651603
Liver-Hep,chr4,109513322,109513572
Liver-Hep,chr6,25929937,25930065
Liver-Hep,chr4,3104183,3104294
Liver-Hep,chr2,157746582,157746807
Liver-Hep,chr1,22486954,22487027
Liver-Hep,chr22,50206226,50206529
Liver-Hep,chr5,23090177,23090273
Liver-Hep,chr10,52775168,52775360
Liver-Hep,chr4,38206762,38207690
Liver-Hep,chr11,46719434,46720148
Liver-Hep,chr4,39650255,39650731
Liver-Hep,chr1,207089981,207090355
Liver-Hep,chr5,36403036,36403164
Liver-Hep,chr2,120481816,120482117
Liver-Hep,chr12,53177610,53177785
Liver-Hep,chr11,68388815,68389163
Liver-Hep,chr19,11239851,11240555
Liver-Hep,chr2,218755052,218756194
Liver-Hep,chr10,77489374,77490074
Liver-Hep,chr17,42867732,42868845
Liver-Hep,chr3,137016268,137016339
Liver-Hep,chr9,105418043,105418271
Liver-Hep,chr6,131574799,131575504
Liver-Hep,chr20,50189422,50189530
Liver-Hep,chr2,119222962,119223346
Liver-Hep,chr9,134028640,134028715
Liver-Hep,chr17,66228426,66228994
Liver-Hep,chr1,173916347,173916568
Liver-Hep,chr1,173914695,173915069
Liver-Hep,chr9,4841804,4842476
Liver-Hep,chr2,230071655,230071748
Liver-Hep,chr4,39434112,39434435
Liver-Hep,chr15,41257305,41257987
Liver-Hep,chr17,82026131,82026496
Liver-Hep,chr9,130597798,130598661
Liver-Hep,chr22,17731525,17731802
Liver-Hep,chr21,33305250,33305572
Liver-Hep,chr11,116826432,116826623
Liver-Hep,chr10,129709740,129710454
Liver-Hep,chr6,163196132,163196367
Liver-Hep,chr7,100565986,100566207
Liver-Hep,chr8,13225764,13226065
Liver-Hep,chr11,116830311,116830865
Liver-Hep,chr11,132351140,132351205
Liver-Hep,chr19,47884593,47884720
Liver-Hep,chr16,72055171,72055542
Liver-Hep,chr19,2790822,2791242
Liver-Hep,chr12,7061980,7062226
Liver-Hep,chr10,97302500,97302837
Liver-Hep,chr19,33501996,33502254
Liver-Hep,chr2,70188210,70188477
Liver-Hep,chr17,17582019,17582419
Liver-Hep,chr13,33609359,33609636
Liver-Hep,chr1,243455933,243456134
Liver-Hep,chr19,33276331,33276560
Liver-Hep,chr20,5183880,5184109
Liver-Hep,chr12,121518550,121518955
Liver-Hep,chr1,12525165,12525390
Liver-Hep,chr13,45441115,45441342
Liver-Hep,chr10,89409239,89409416
Liver-Hep,chr9,130598960,130599120
Liver-Hep,chr18,24061796,24062028
Liver-Hep,chr9,17436969,17437177
Liver-Hep,chr1,12522875,12523271
Liver-Hep,chr19,44946263,44946754
Liver-Hep,chr1,161237485,161237922
Liver-Hep,chr9,130443087,130443372
Liver-Hep,chrX,2927481,2927633
Liver-Hep,chr17,35980288,35980675
Liver-Hep,chr5,32119045,32119228
Liver-Hep,chr17,1745475,1745816
Liver-Hep,chr3,149224315,149224497
Liver-Hep,chr19,45290544,45291128
Liver-Hep,chr20,34408178,34409152
Liver-Hep,chr6,11057619,11057949
Liver-Hep,chr22,46132415,46132829
Liver-Hep,chr17,40544176,40544391
Liver-Hep,chr11,6439936,6440444
Liver-Hep,chr19,33499134,33499474
Liver-Hep,chr9,26907262,26907312
Liver-Hep,chr3,126353605,126354077
Liver-Hep,chr1,11046519,11046726
Liver-Hep,chr6,49525426,49525527
Liver-Hep,chr2,43839155,43839728
Liver-Hep,chr2,73001006,73001818
Liver-Hep,chr1,92935853,92936065
Liver-Hep,chr22,36298590,36298965
Liver-Hep,chr19,44942823,44943008
Liver-Hep,chr4,73413879,73414567
Liver-Hep,chr7,51323935,51324086
Liver-Hep,chr4,39560279,39560464
Liver-Hep,chr5,32229645,32229826
Liver-Hep,chr2,109453432,109453930
Liver-Hep,chr3,52778504,52778596
Liver-Hep,chr11,116809314,116809417
Liver-Hep,chr14,73161816,73162136
Liver-Hep,chr17,75207858,75208007
Liver-Hep,chr3,50207383,50207860
Liver-Hep,chr2,189168006,189168277
Liver-Hep,chr17,1744052,1744489
Liver-Hep,chr12,7071502,7072092
Liver-Hep,chr1,11046885,11047250
Liver-Hep,chr19,44945649,44945843
Liver-Hep,chr16,87936219,87936777
Liver-Hep,chr6,37146714,37147172
Liver-Hep,chr19,11236541,11236789
Liver-Hep,chr19,19098646,19098887
Liver-Hep,chr18,49834593,49834764
Liver-Hep,chr22,39993137,39993275
Liver-Hep,chr19,44950540,44950642
Liver-Hep,chr2,240869335,240869951
Liver-Hep,chr6,3789517,3789952
Liver-Hep,chr1,7959054,7959148
Liver-Hep,chr12,24476332,24476685
Liver-Hep,chr3,24478655,24478773
Liver-Hep,chr2,43842039,43842416
Liver-Hep,chr14,73104140,73104587
Liver-Hep,chr7,74709954,74710428
Liver-Hep,chr10,5528363,5528931
Liver-Hep,chr1,64910571,64910961
Liver-Hep,chr1,226964830,226965216
Liver-Hep,chr4,154586664,154586897
Liver-Hep,chr4,6921765,6921991
Liver-Hep,chr10,132345391,132345697
Liver-Hep,chr22,37816476,37817115
Liver-Hep,chr4,184351668,184352126
Liver-Hep,chr22,17761462,17761730
Liver-Hep,chr19,11235812,11236514
Liver-Hep,chr15,101383267,101383507
Liver-Hep,chr11,116830904,116831458
Liver-Hep,chr11,47497403,47498311
Liver-Hep,chr21,32595289,32595418
Liver-Hep,chr16,78556564,78557008
Liver-Hep,chr19,13192451,13192581
Liver-Hep,chr19,8422453,8422683
Liver-Hep,chr3,52211314,52211701
Liver-Hep,chr1,199865475,199865796
Liver-Hep,chr5,55928719,55928784
Liver-Hep,chr19,58352920,58353163
Liver-Hep,chr17,6706671,6706793
Liver-Hep,chr1,161221693,161221860
Liver-Hep,chr16,72062550,72062940
Liver-Hep,chr12,210077,210288
Liver-Hep,chr10,12164204,12164756
Liver-Hep,chr15,36647478,36648041
Liver-Hep,chr20,34378268,34378459
Liver-Hep,chr15,31158355,31158410
Liver-Hep,chr2,70270013,70270239
Liver-Hep,chr11,78167979,78168510
Liver-Hep,chr14,104281039,104281215
Liver-Hep,chr2,11715829,11716367
Liver-Hep,chr3,72475580,72476032
Liver-Hep,chr17,7113341,7113869
Liver-Hep,chr16,83938174,83938398
Liver-Hep,chr6,169766709,169767510
Liver-Hep,chr3,46498597,46499140
Liver-Hep,chr12,112207339,112207909
Liver-Hep,chr15,40381942,40382161
Liver-Hep,chr8,143390095,143390325
Liver-Hep,chr2,21044462,21044577
Liver-Hep,chr3,136238390,136238803
Liver-Hep,chr16,67771309,67771761
Liver-Hep,chr12,56760020,56760602
Liver-Hep,chr6,11055857,11056047
Liver-Hep,chr16,72027686,72028287
Liver-Hep,chr15,90882364,90882570
Liver-Hep,chr11,57596891,57597026
Liver-Hep,chr16,58717878,58718262
Liver-Hep,chr3,52777704,52778001
Liver-Hep,chr3,186992521,186992763
Liver-Hep,chr3,126517413,126517927
Liver-Hep,chr14,103107425,103107719
Liver-Hep,chr17,82483057,82483301
Liver-Hep,chr10,4914417,4915892
Liver-Hep,chr18,76616435,76616948
Liver-Hep,chr12,109201455,109201701
Liver-Hep,chr8,22175812,22176020
Liver-Hep,chr15,40666989,40667115
Liver-Hep,chr3,126518196,126518646
Liver-Hep,chr3,186615774,186616122
Liver-Hep,chr4,1745049,1745374
Liver-Hep,chr7,71684397,71684500
Liver-Hep,chr4,6753436,6753634
Liver-Hep,chr10,119241051,119241656
Liver-Hep,chr1,146043494,146043754
Liver-Hep,chr3,37980698,37980969
Liver-Hep,chr11,679659,680254
Liver-Hep,chr6,135122919,135123101
Liver-Hep,chr11,610913,611184
Liver-Hep,chr14,100322679,100323714
Liver-Hep,chr2,216079771,216080963
Liver-Hep,chr11,3753739,3754225
Liver-Hep,chr1,146192418,146192671
Liver-Hep,chr13,99559019,99559464
Liver-Hep,chr1,1768890,1769376
Liver-Hep,chr20,63623414,63623661
Liver-Hep,chr12,109201748,109201843
Liver-Hep,chr9,104890351,104890744
Liver-Hep,chr22,27893307,27893410
Liver-Hep,chr19,4003382,4003562
Liver-Hep,chr2,127782276,127782493
Liver-Hep,chr19,19054105,19054473
Liver-Hep,chr19,5871263,5871649
Liver-Hep,chr17,31084779,31084936
Liver-Hep,chr3,142962753,142962887
Liver-Hep,chr19,44935307,44935497
Liver-Hep,chr22,41346508,41346634
Liver-Hep,chr20,45077466,45077677
Liver-Hep,chr2,42346337,42347161
Liver-Hep,chr12,111577017,111577335
Liver-Hep,chr16,70208657,70209401
Liver-Hep,chr2,20684980,20685413
Liver-Hep,chr19,6231212,6231326
Liver-Hep,chr9,129064237,129064938
Liver-Hep,chr1,1401100,1401381
Liver-Hep,chr15,42648223,42648415
Liver-Hep,chr4,168925523,168926316
Liver-Hep,chr22,20102327,20102433
Liver-Hep,chr22,42129654,42130719
Liver-Hep,chrX,153120369,153120508
Liver-Hep,chr12,56479783,56479865
Liver-Hep,chr12,121875473,121875741
Liver-Hep,chr7,105349738,105349816
Liver-Hep,chr19,39451131,39451635
Liver-Hep,chr10,122983916,122985056
Liver-Hep,chr11,129995654,129995933
Liver-Hep,chr17,5405089,5405444
Liver-Hep,chr1,52821004,52821271
Liver-Hep,chr19,18195785,18195889
Liver-Hep,chr16,75613544,75613668
Liver-Hep,chr2,112315388,112316818
Liver-Hep,chr2,189669640,189670173
Liver-Hep,chr19,51355835,51356826
Liver-Hep,chr3,71317315,71317582
Liver-Hep,chr4,128475067,128475423
Liver-Hep,chr16,22352109,22352514
Liver-Hep,chr15,41735158,41735728
Lung-Ep-Alveo,chr20,13809726,13810387
Lung-Ep-Alveo,chr3,179731382,179731801
Lung-Ep-Alveo,chr18,74958067,74958250
Lung-Ep-Alveo,chr7,35969176,35969200
Lung-Ep-Alveo,chr16,628028,628174
Lung-Ep-Alveo,chr6,138562569,138562865
Lung-Ep-Alveo,chr11,68743528,68743820
Lung-Ep-Alveo,chr12,640634,641672
Lung-Ep-Alveo,chr17,55215889,55216294
Lung-Ep-Alveo,chr2,96639549,96639805
Lung-Ep-Alveo,chr14,20790608,20790664
Lung-Ep-Alveo,chr10,78419881,78420164
Lung-Ep-Alveo,chr2,226850076,226850466
Lung-Ep-Alveo,chr11,35263360,35263635
Lung-Ep-Alveo,chr15,95307110,95307536
Lung-Ep-Alveo,chr11,121496912,121497204
Lung-Ep-Alveo,chr5,133385043,133385156
Lung-Ep-Alveo,chr4,102716223,102717251
Lung-Ep-Alveo,chr7,2434160,2434623
Lung-Ep-Alveo,chr10,25063823,25064049
Lung-Ep-Alveo,chr13,27179915,27180049
Lung-Ep-Alveo,chr2,98254441,98254897
Lung-Ep-Alveo,chr20,50562476,50562825
Lung-Ep-Alveo,chr7,158802322,158802492
Lung-Ep-Alveo,chr22,30511498,30511638
Lung-Ep-Alveo,chr11,70526501,70526689
Lung-Ep-Alveo,chr21,31802980,31803363
Lung-Ep-Alveo,chr10,79585823,79585945
Lung-Ep-Alveo,chr1,24873883,24874202
Lung-Ep-Alveo,chr1,244660421,244660516
Lung-Ep-Alveo,chr15,41837054,41837418
Lung-Ep-Alveo,chr3,68785678,68785803
Lung-Ep-Alveo,chr2,73496737,73496999
Lung-Ep-Alveo,chr6,127348341,127348745
Lung-Ep-Alveo,chr19,32711850,32712114
Lung-Ep-Alveo,chr10,60662622,60663178
Lung-Ep-Alveo,chr15,57333804,57334247
Lung-Ep-Alveo,chr22,24532655,24533374
Lung-Ep-Alveo,chr7,65857071,65857146
Lung-Ep-Alveo,chr1,93831243,93831499
Lung-Ep-Alveo,chr1,112909419,112910336
Lung-Ep-Alveo,chr22,45713915,45714378
Lung-Ep-Alveo,chr14,63406137,63406194
Lung-Ep-Alveo,chr6,151262022,151262251
Lung-Ep-Alveo,chr13,33243124,33243805
Lung-Ep-Alveo,chr3,183152401,183152612
Lung-Ep-Alveo,chr2,184626058,184626169
Lung-Ep-Alveo,chr19,4111122,4111729
Lung-Ep-Alveo,chr2,202289406,202290024
Lung-Ep-Alveo,chr15,65186487,65186534
Lung-Ep-Alveo,chr15,70139499,70139927
Lung-Ep-Alveo,chr3,61017052,61017268
Lung-Ep-Alveo,chr12,106879104,106879343
Lung-Ep-Alveo,chr1,1611796,1611871
Lung-Ep-Alveo,chr2,85665985,85666483
Lung-Ep-Alveo,chr16,2494830,2495182
Lung-Ep-Alveo,chr2,159229660,159230061
Lung-Ep-Alveo,chr17,59108176,59108458
Lung-Ep-Alveo,chr20,1298909,1299194
Lung-Ep-Alveo,chr5,1546321,1546482
Lung-Ep-Alveo,chr17,37283306,37283363
Lung-Ep-Alveo,chr4,25513705,25514043
Lung-Ep-Alveo,chr1,48716585,48717020
Lung-Ep-Alveo,chr10,5658385,5658928
Lung-Ep-Alveo,chr14,61535538,61535985
Lung-Ep-Alveo,chr1,244732926,244733472
Lung-Ep-Alveo,chr18,67717943,67718077
Lung-Ep-Alveo,chr17,39544516,39544766
Lung-Ep-Alveo,chr12,129582657,129582722
Lung-Ep-Alveo,chr2,85667147,85668243
Lung-Ep-Alveo,chr18,12849922,12850414
Lung-Ep-Alveo,chr7,88291188,88291442
Lung-Ep-Alveo,chr14,96324411,96324578
Lung-Ep-Alveo,chr10,72416652,72416971
Lung-Ep-Alveo,chr11,46178676,46178927
Lung-Ep-Alveo,chr13,98855638,98855977
Lung-Ep-Alveo,chr2,99514771,99514907
Lung-Ep-Alveo,chr2,85656721,85657902
Lung-Ep-Alveo,chr13,112784078,112784246
Lung-Ep-Alveo,chr11,27304326,27304600
Lung-Ep-Alveo,chr2,25628573,25628989
Lung-Ep-Alveo,chr1,54088520,54089000
Lung-Ep-Alveo,chr16,23392016,23392193
Lung-Ep-Alveo,chr2,85658572,85659314
Lung-Ep-Alveo,chr9,135204334,135204516
Lung-Ep-Alveo,chr17,82452995,82453346
Lung-Ep-Alveo,chr22,35976832,35977127
Lung-Ep-Alveo,chr6,14940961,14941457
Lung-Ep-Alveo,chr10,33708316,33708477
Lung-Ep-Alveo,chr22,31259978,31260055
Lung-Ep-Alveo,chr5,62461426,62461754
Lung-Ep-Alveo,chr8,12668191,12668323
Lung-Ep-Alveo,chr17,16033789,16034181
Lung-Ep-Alveo,chr2,65375300,65375765
Lung-Ep-Alveo,chr16,69099396,69099618
Lung-Ep-Alveo,chr18,63467930,63468176
Lung-Ep-Alveo,chr10,133217296,133217489
Lung-Ep-Alveo,chr2,191755,192358
Lung-Ep-Alveo,chr10,3170596,3170794
Lung-Ep-Alveo,chr18,21776676,21776813
Lung-Ep-Alveo,chr14,37062428,37063086
Lung-Ep-Alveo,chr6,38604944,38605262
Lung-Ep-Alveo,chr4,157020481,157021275
Lung-Ep-Alveo,chr12,130994137,130994338
Lung-Ep-Alveo,chr15,78993551,78993963
Lung-Ep-Alveo,chr8,142379632,142379752
Lung-Ep-Alveo,chr18,3512752,3513058
Lung-Ep-Alveo,chr7,48054152,48054369
Lung-Ep-Alveo,chr2,145524380,145524649
Lung-Ep-Alveo,chr2,109278816,109278928
Lung-Ep-Alveo,chr16,11304199,11304597
Lung-Ep-Alveo,chr7,139272806,139273365
Lung-Ep-Alveo,chr14,58698814,58699042
Lung-Ep-Alveo,chr6,46215461,46215813
Lung-Ep-Alveo,chr2,100195628,100196057
Lung-Ep-Alveo,chr14,74330032,74330630
Lung-Ep-Alveo,chr3,98976950,98977053
Lung-Ep-Alveo,chr6,150392988,150393447
Lung-Ep-Alveo,chr7,73442812,73443112
Lung-Ep-Alveo,chrX,77984284,77984525
Lung-Ep-Alveo,chr18,11585538,11585882
Lung-Ep-Alveo,chr11,9352685,9353079
Lung-Ep-Alveo,chr16,31511859,31512340
Lung-Ep-Alveo,chr10,72196823,72196972
Lung-Ep-Alveo,chr17,5430359,5431130
Lung-Ep-Alveo,chr3,48297181,48297557
Lung-Ep-Alveo,chr4,147824337,147824582
Lung-Ep-Alveo,chr10,91636333,91636687
Lung-Ep-Alveo,chr20,33724859,33725206
Lung-Ep-Alveo,chr3,171735337,171736090
Lung-Ep-Alveo,chr11,2284985,2285042
Lung-Ep-Alveo,chr1,234708273,234708490
Lung-Ep-Alveo,chr5,133385219,133385492
Lung-Ep-Alveo,chr11,68013742,68014056
Lung-Ep-Alveo,chr17,7960041,7960158
Lung-Ep-Alveo,chr17,80613837,80614260
Lung-Ep-Alveo,chr1,87141618,87142055
Lung-Ep-Alveo,chr6,166471843,166472012
Lung-Ep-Alveo,chr7,149161670,149162243
Lung-Ep-Alveo,chr8,22994246,22994432
Lung-Ep-Alveo,chr8,129091096,129091197
Lung-Ep-Alveo,chr17,56993812,56994296
Lung-Ep-Alveo,chr15,59322018,59322989
Lung-Ep-Alveo,chr14,102897369,102897601
Lung-Ep-Alveo,chr5,10521319,10521460
Lung-Ep-Alveo,chr2,85665510,85665786
Lung-Ep-Alveo,chr11,46937630,46937773
Lung-Ep-Alveo,chr5,149809612,149810397
Lung-Ep-Alveo,chr1,200424850,200425118
Lung-Ep-Alveo,chr18,24479562,24479754
Lung-Ep-Alveo,chr10,54200050,54200511
Lung-Ep-Alveo,chr2,230634847,230634936
Lung-Ep-Alveo,chr13,111065887,111065910
Lung-Ep-Alveo,chr16,47927658,47927871
Lung-Ep-Alveo,chr12,131759018,131759627
Lung-Ep-Alveo,chr9,87539773,87540068
Lung-Ep-Alveo,chr14,60618813,60618952
Lung-Ep-Alveo,chr7,99003965,99004122
Lung-Ep-Alveo,chr3,125229558,125230457
Lung-Ep-Alveo,chr1,64945600,64945883
Lung-Ep-Alveo,chr2,61221777,61222036
Lung-Ep-Alveo,chr9,21780815,21781122
Lung-Ep-Alveo,chr1,226273051,226274125
Lung-Ep-Alveo,chr12,116033295,116034173
Lung-Ep-Alveo,chr16,72915153,72915712
Lung-Ep-Alveo,chr2,228749521,228749761
Lung-Ep-Alveo,chr3,171574609,171574910
Lung-Ep-Alveo,chr20,38294952,38295067
Lung-Ep-Alveo,chr17,49419301,49419339
Lung-Ep-Alveo,chr1,150406690,150406876
Lung-Ep-Alveo,chr3,185013188,185013754
Lung-Ep-Alveo,chr4,6178362,6178713
Lung-Ep-Alveo,chr12,95479981,95480206
Lung-Ep-Alveo,chr2,61225700,61226107
Lung-Ep-Alveo,chr6,168000730,168001228
Lung-Ep-Alveo,chr9,100144916,100145346
Lung-Ep-Alveo,chrY,4154008,4154440
Lung-Ep-Alveo,chrX,103339589,103339862
Lung-Ep-Alveo,chr6,157668109,157669411
Lung-Ep-Alveo,chr6,75719014,75720019
Lung-Ep-Alveo,chr15,44222900,44223015
Lung-Ep-Alveo,chr11,78291178,78291292
Lung-Ep-Alveo,chr13,27082896,27082993
Lung-Ep-Alveo,chr11,75604653,75604908
Lung-Ep-Alveo,chr1,28529483,28529998
Lung-Ep-Alveo,chr12,122048145,122048549
Lung-Ep-Alveo,chr7,66609963,66610192
Lung-Ep-Alveo,chr2,85661811,85662325
Lung-Ep-Alveo,chr1,149981743,149981916
Lung-Ep-Alveo,chr13,19777200,19777390
Lung-Ep-Alveo,chr14,91158890,91159276
Lung-Ep-Alveo,chr1,50655009,50655448
Lung-Ep-Alveo,chr10,114190077,114190677
Lung-Ep-Alveo,chr7,55674780,55674916
Lung-Ep-Alveo,chr16,18575369,18575505
Lung-Ep-Alveo,chr20,37048554,37048930
Lung-Ep-Alveo,chr18,12497674,12498544
Lung-Ep-Alveo,chr15,79924904,79925189
Lung-Ep-Alveo,chr1,2052135,2052320
Lung-Ep-Alveo,chr14,74491112,74491688
Lung-Ep-Alveo,chr9,125061251,125061585
Lung-Ep-Alveo,chr5,55190622,55191005
Lung-Ep-Alveo,chr7,66122231,66122354
Lung-Ep-Alveo,chr17,39282689,39283011
Lung-Ep-Alveo,chr15,70800906,70801303
Lung-Ep-Alveo,chr2,172644260,172645018
Lung-Ep-Alveo,chr9,112432982,112433755
Lung-Ep-Alveo,chr22,28807539,28807829
Lung-Ep-Alveo,chr12,7981284,7981526
Lung-Ep-Alveo,chr7,92603904,92604601
Lung-Ep-Alveo,chr6,158146299,158146700
Lung-Ep-Alveo,chr6,159802872,159803464
Lung-Ep-Alveo,chr2,111869312,111870265
Lung-Ep-Alveo,chr19,10277243,10277431
Lung-Ep-Alveo,chr17,1723970,1724136
Lung-Ep-Alveo,chr14,95467112,95467442
Lung-Ep-Alveo,chr1,1500508,1500750
Lung-Ep-Alveo,chr2,231170520,231170726
Lung-Ep-Alveo,chr9,127932069,127932235
Lung-Ep-Alveo,chr10,133216946,133217270
Lung-Ep-Alveo,chr22,46801757,46802265
Lung-Ep-Alveo,chr1,149883283,149883559
Lung-Ep-Alveo,chr7,98138135,98138296
Lung-Ep-Alveo,chr6,154649440,154649716
Lung-Ep-Alveo,chr19,4718157,4718276
Lung-Ep-Alveo,chr12,104517222,104517594
Lung-Ep-Alveo,chr17,82113523,82113731
Lung-Ep-Alveo,chr2,10786291,10787108
Lung-Ep-Alveo,chr16,68956043,68956908
Lung-Ep-Alveo,chr3,57451595,57452153
Lung-Ep-Alveo,chr1,167770935,167771248
Lung-Ep-Alveo,chr1,16271366,16271937
Lung-Ep-Alveo,chr15,64126813,64127408
Lung-Ep-Alveo,chr22,23986122,23986477
Lung-Ep-Alveo,chr5,56014247,56014450
Lung-Ep-Alveo,chr13,21519105,21519505
Lung-Ep-Alveo,chrY,2783885,2784727
Lung-Ep-Alveo,chr12,122283489,122284028
Lung-Ep-Alveo,chr19,5961498,5961603
Lung-Ep-Alveo,chr21,42126331,42126545
Lung-Ep-Alveo,chr17,7957003,7957140
Lung-Ep-Alveo,chr4,143532387,143533665
Lung-Ep-Alveo,chr1,150775984,150776276
Lung-Ep-Alveo,chr1,207323863,207325298
Lung-Ep-Alveo,chr1,28564292,28565342
Lung-Ep-Alveo,chr22,43181641,43182300
Lung-Ep-Alveo,chr13,75778453,75778639
Lung-Ep-Alveo,chr3,183767727,183767813
Lung-Ep-Alveo,chr9,123221562,123221981
Lung-Ep-Alveo,chr2,231248574,231248636
Lung-Ep-Alveo:Lung-Ep-Bron,chr2,113356262,113356667
Lung-Ep-Alveo:Lung-Ep-Bron,chr8,479506,479633
Lung-Ep-Alveo:Lung-Ep-Bron,chr2,118118288,118118392
Lung-Ep-Alveo:Lung-Ep-Bron,chr19,51089746,51089949
Lung-Ep-Alveo:Lung-Ep-Bron,chr6,31222173,31222399
Lung-Ep-Alveo:Lung-Ep-Bron,chr14,87432802,87433069
Lung-Ep-Alveo:Lung-Ep-Bron,chr14,63902335,63902752
Lung-Ep-Alveo:Lung-Ep-Bron,chr9,93008896,93009031
Lung-Ep-Alveo:Lung-Ep-Bron,chr6,107211558,107211722
Lung-Ep-Alveo:Lung-Ep-Bron,chr15,25617962,25618567
Lung-Ep-Alveo:Lung-Ep-Bron,chr8,110821685,110821995
Lung-Ep-Alveo:Lung-Ep-Bron,chr6,79513384,79513968
Lung-Ep-Alveo:Lung-Ep-Bron,chr20,61910295,61910389
Lung-Ep-Alveo:Lung-Ep-Bron,chr8,47561771,47562152
Lung-Ep-Alveo:Lung-Ep-Bron,chr1,71190934,71191191
Lung-Ep-Alveo:Lung-Ep-Bron,chr9,948548,948854
Lung-Ep-Alveo:Lung-Ep-Bron,chr2,229274968,229275005
Lung-Ep-Alveo:Lung-Ep-Bron,chr7,50527954,50527998
Lung-Ep-Alveo:Lung-Ep-Bron,chr17,19892762,19893111
Lung-Ep-Alveo:Lung-Ep-Bron,chr1,48284949,48285023
Lung-Ep-Alveo:Lung-Ep-Bron,chr15,91040970,91041099
Lung-Ep-Alveo:Lung-Ep-Bron,chr14,51467113,51467274
Lung-Ep-Alveo:Lung-Ep-Bron,chr5,109873763,109874671
Lung-Ep-Alveo:Lung-Ep-Bron,chr1,43837741,43838311
Lung-Ep-Alveo:Lung-Ep-Bron,chr2,206925424,206925646
Lung-Ep-Alveo:Lung-Ep-Bron,chr11,76237253,76237485
Lung-Ep-Alveo:Lung-Ep-Bron,chr9,86221297,86221475
Lung-Ep-Alveo:Lung-Ep-Bron,chr15,65733265,65734256
Lung-Ep-Alveo:Lung-Ep-Bron,chr6,75210198,75210410
Lung-Ep-Alveo:Lung-Ep-Bron,chr4,27484303,27484577
Lung-Ep-Alveo:Lung-Ep-Bron,chr5,126523618,126523772
Lung-Ep-Alveo:Lung-Ep-Bron,chr20,52384380,52384539
Lung-Ep-Alveo:Lung-Ep-Bron,chr2,233484927,233485833
Lung-Ep-Alveo:Lung-Ep-Bron,chr7,74631605,74631681
Lung-Ep-Alveo:Lung-Ep-Bron,chr13,95236578,95236596
Lung-Ep-Alveo:Lung-Ep-Bron,chr3,101269969,101270157
Lung-Ep-Alveo:Lung-Ep-Bron,chr1,28527738,28528078
Lung-Ep-Alveo:Lung-Ep-Bron,chr20,23302815,23302955
Lung-Ep-Alveo:Lung-Ep-Bron,chr10,127992845,127993117
Lung-Ep-Alveo:Lung-Ep-Bron,chr13,20345112,20345321
Lung-Ep-Alveo:Lung-Ep-Bron,chr19,41903321,41903433
Lung-Ep-Alveo:Lung-Ep-Bron,chr8,133589861,133589961
Lung-Ep-Alveo:Lung-Ep-Bron,chr14,84969309,84969492
Lung-Ep-Alveo:Lung-Ep-Bron,chr12,112136946,112137092
Lung-Ep-Alveo:Lung-Ep-Bron,chr19,51090001,51090274
Lung-Ep-Alveo:Lung-Ep-Bron,chr1,23373384,23373488
Lung-Ep-Alveo:Lung-Ep-Bron,chr9,31633244,31633449
Lung-Ep-Alveo:Lung-Ep-Bron,chr11,34495439,34495660
Lung-Ep-Alveo:Lung-Ep-Bron,chr6,116625755,116626467
Lung-Ep-Alveo:Lung-Ep-Bron,chr6,121101939,121102165
Lung-Ep-Alveo:Lung-Ep-Bron,chr13,106336375,106336607
Lung-Ep-Alveo:Lung-Ep-Bron,chr16,18644589,18645097
Lung-Ep-Alveo:Lung-Ep-Bron,chr4,27052566,27052879
Lung-Ep-Alveo:Lung-Ep-Bron,chr16,10009442,10009521
Lung-Ep-Alveo:Lung-Ep-Bron,chr18,65017492,65017601
Lung-Ep-Alveo:Lung-Ep-Bron,chr7,100918288,100918440
Lung-Ep-Alveo:Lung-Ep-Bron,chr1,61043878,61044037
Lung-Ep-Alveo:Lung-Ep-Bron,chr11,79564722,79565260
Lung-Ep-Alveo:Lung-Ep-Bron,chr1,214067429,214067709
Lung-Ep-Alveo:Lung-Ep-Bron,chr4,819354,819532
Lung-Ep-Alveo:Lung-Ep-Bron,chr10,97501384,97501580
Lung-Ep-Alveo:Lung-Ep-Bron,chr21,44475774,44475971
Lung-Ep-Alveo:Lung-Ep-Bron,chr5,74071224,74071476
Lung-Ep-Alveo:Lung-Ep-Bron,chr9,88180440,88180569
Lung-Ep-Alveo:Lung-Ep-Bron,chr16,76820540,76820720
Lung-Ep-Alveo:Lung-Ep-Bron,chr19,18107526,18107640
Lung-Ep-Alveo:Lung-Ep-Bron,chr4,3616044,3616278
Lung-Ep-Alveo:Lung-Ep-Bron,chr14,95074999,95075183
Lung-Ep-Alveo:Lung-Ep-Bron,chr15,65226907,65227112
Lung-Ep-Alveo:Lung-Ep-Bron,chr3,53127951,53128096
Lung-Ep-Alveo:Lung-Ep-Bron,chr5,44490586,44490953
Lung-Ep-Alveo:Lung-Ep-Bron,chr12,48331356,48332231
Lung-Ep-Alveo:Lung-Ep-Bron,chr4,4154766,4154841
Lung-Ep-Alveo:Lung-Ep-Bron,chr10,7036351,7036459
Lung-Ep-Alveo:Lung-Ep-Bron,chr12,47713300,47713519
Lung-Ep-Alveo:Lung-Ep-Bron,chrX,37036970,37037047
Lung-Ep-Alveo:Lung-Ep-Bron,chr20,62281544,62281985
Lung-Ep-Alveo:Lung-Ep-Bron,chr14,71798636,71798803
Lung-Ep-Alveo:Lung-Ep-Bron,chr2,102837786,102838149
Lung-Ep-Alveo:Lung-Ep-Bron,chr5,180827663,180827867
Lung-Ep-Alveo:Lung-Ep-Bron,chr1,25887718,25887907
Lung-Ep-Alveo:Lung-Ep-Bron,chr14,30943693,30944116
Lung-Ep-Alveo:Lung-Ep-Bron,chr7,71605159,71605354
Lung-Ep-Alveo:Lung-Ep-Bron,chrX,16964175,16964445
Lung-Ep-Alveo:Lung-Ep-Bron,chr1,1610034,1610142
Lung-Ep-Alveo:Lung-Ep-Bron,chr7,6444798,6445523
Lung-Ep-Alveo:Lung-Ep-Bron,chr9,75941610,75941885
Lung-Ep-Alveo:Lung-Ep-Bron,chr7,72584580,72585118
Lung-Ep-Alveo:Lung-Ep-Bron,chr11,132922380,132922885
Lung-Ep-Alveo:Lung-Ep-Bron,chr4,16569998,16570280
Lung-Ep-Alveo:Lung-Ep-Bron,chr4,95600520,95601160
Lung-Ep-Alveo:Lung-Ep-Bron,chr11,40955956,40956323
Lung-Ep-Alveo:Lung-Ep-Bron,chr12,117860944,117861015
Lung-Ep-Alveo:Lung-Ep-Bron,chr18,10067757,10067902
Lung-Ep-Alveo:Lung-Ep-Bron,chr7,65857071,65857146
Lung-Ep-Alveo:Lung-Ep-Bron,chr1,10500719,10500867
Lung-Ep-Alveo:Lung-Ep-Bron,chr16,11308149,11308262
Lung-Ep-Alveo:Lung-Ep-Bron,chr11,10391974,10392397
Lung-Ep-Alveo:Lung-Ep-Bron,chr22,23868570,23868803
Lung-Ep-Alveo:Lung-Ep-Bron,chr3,125898925,125899361
Lung-Ep-Alveo:Lung-Ep-Bron,chr10,114115362,114115649
Lung-Ep-Alveo:Lung-Ep-Bron,chr2,171990981,171991358
Lung-Ep-Alveo:Lung-Ep-Bron,chr3,61392967,61393200
Lung-Ep-Alveo:Lung-Ep-Bron,chr7,92412911,92413018
Lung-Ep-Alveo:Lung-Ep-Bron,chr21,36408467,36408877
Lung-Ep-Alveo:Lung-Ep-Bron,chr9,6167019,6167146
Lung-Ep-Alveo:Lung-Ep-Bron,chr9,135443240,135443794
Lung-Ep-Alveo:Lung-Ep-Bron,chr21,46509012,46509429
Lung-Ep-Alveo:Lung-Ep-Bron,chr3,27275534,27275968
Lung-Ep-Alveo:Lung-Ep-Bron,chr3,66068173,66068405
Lung-Ep-Alveo:Lung-Ep-Bron,chr13,79627234,79627459
Lung-Ep-Alveo:Lung-Ep-Bron,chr13,54316807,54317192
Lung-Ep-Alveo:Lung-Ep-Bron,chr4,40541669,40542388
Lung-Ep-Alveo:Lung-Ep-Bron,chr2,86882125,86882872
Lung-Ep-Alveo:Lung-Ep-Bron,chr8,25822544,25822636
Lung-Ep-Alveo:Lung-Ep-Bron,chr19,41181311,41181587
Lung-Ep-Alveo:Lung-Ep-Bron,chr2,110741138,110741480
Lung-Ep-Alveo:Lung-Ep-Bron,chr15,72177872,72178028
Lung-Ep-Alveo:Lung-Ep-Bron,chr3,60622756,60622989
Lung-Ep-Alveo:Lung-Ep-Bron,chr1,2054747,2054820
Lung-Ep-Alveo:Lung-Ep-Bron,chr1,46320701,46320895
Lung-Ep-Alveo:Lung-Ep-Bron,chr15,89210683,89210833
Lung-Ep-Alveo:Lung-Ep-Bron,chr1,98931441,98931792
Lung-Ep-Alveo:Lung-Ep-Bron,chr11,63867270,63867777
Lung-Ep-Alveo:Lung-Ep-Bron,chr1,22436233,22436308
Lung-Ep-Alveo:Lung-Ep-Bron,chr22,19851757,19851930
Lung-Ep-Alveo:Lung-Ep-Bron,chr3,157285251,157285631
Lung-Ep-Alveo:Lung-Ep-Bron,chr19,38057677,38057772
Lung-Ep-Alveo:Lung-Ep-Bron,chr7,157110829,157111223
Lung-Ep-Alveo:Lung-Ep-Bron,chr7,3410625,3410830
Lung-Ep-Alveo:Lung-Ep-Bron,chr15,67381929,67382169
Lung-Ep-Alveo:Lung-Ep-Bron,chr11,114827057,114827478
Lung-Ep-Alveo:Lung-Ep-Bron,chr3,127412327,127412694
Lung-Ep-Alveo:Lung-Ep-Bron,chr5,55933025,55933710
Lung-Ep-Alveo:Lung-Ep-Bron,chr12,129394626,129394659
Lung-Ep-Alveo:Lung-Ep-Bron,chr1,239913742,239913880
Lung-Ep-Alveo:Lung-Ep-Bron,chr2,178180050,178180275
Lung-Ep-Alveo:Lung-Ep-Bron,chr4,4261442,4261670
Lung-Ep-Alveo:Lung-Ep-Bron,chrX,19589173,19589583
Lung-Ep-Alveo:Lung-Ep-Bron,chr18,61973254,61973420
Lung-Ep-Alveo:Lung-Ep-Bron,chrX,93854193,93854475
Lung-Ep-Alveo:Lung-Ep-Bron,chr10,79627818,79628374
Lung-Ep-Alveo:Lung-Ep-Bron,chr1,202032508,202032666
Lung-Ep-Alveo:Lung-Ep-Bron,chr10,75048680,75048796
Lung-Ep-Alveo:Lung-Ep-Bron,chr17,83013249,83013548
Lung-Ep-Alveo:Lung-Ep-Bron,chr1,207003422,207003738
Lung-Ep-Alveo:Lung-Ep-Bron,chr16,8732475,8732677
Lung-Ep-Alveo:Lung-Ep-Bron,chr20,26291826,26292165
Lung-Ep-Alveo:Lung-Ep-Bron,chr7,66609592,66609827
Lung-Ep-Alveo:Lung-Ep-Bron,chr4,35105981,35106109
Lung-Ep-Alveo:Lung-Ep-Bron,chr20,18495439,18495845
Lung-Ep-Alveo:Lung-Ep-Bron,chr5,133924980,133925238
Lung-Ep-Alveo:Lung-Ep-Bron,chrX,111724514,111725054
Lung-Ep-Alveo:Lung-Ep-Bron,chr2,70200126,70200713
Lung-Ep-Alveo:Lung-Ep-Bron,chr3,101704151,101704273
Lung-Ep-Alveo:Lung-Ep-Bron,chr10,111921289,111921456
Lung-Ep-Alveo:Lung-Ep-Bron,chr7,55296591,55296955
Lung-Ep-Alveo:Lung-Ep-Bron,chr14,97546641,97546924
Lung-Ep-Alveo:Lung-Ep-Bron,chr16,61561264,61561888
Lung-Ep-Alveo:Lung-Ep-Bron,chr17,15892140,15892465
Lung-Ep-Alveo:Lung-Ep-Bron,chr10,64076410,64076743
Lung-Ep-Alveo:Lung-Ep-Bron,chr10,11723586,11723842
Lung-Ep-Alveo:Lung-Ep-Bron,chr11,85383579,85383960
Lung-Ep-Alveo:Lung-Ep-Bron,chr2,152839028,152839292
Lung-Ep-Alveo:Lung-Ep-Bron,chr20,57721387,57721520
Lung-Ep-Alveo:Lung-Ep-Bron,chr22,24921122,24921343
Lung-Ep-Alveo:Lung-Ep-Bron,chr2,234587801,234588229
Lung-Ep-Alveo:Lung-Ep-Bron,chr1,17975355,17975588
Lung-Ep-Alveo:Lung-Ep-Bron,chr2,168135001,168135747
Lung-Ep-Alveo:Lung-Ep-Bron,chr1,10500131,10500201
Lung-Ep-Alveo:Lung-Ep-Bron,chr17,78797150,78797248
Lung-Ep-Alveo:Lung-Ep-Bron,chr4,8952235,8952335
Lung-Ep-Alveo:Lung-Ep-Bron,chr8,127092044,127092766
Lung-Ep-Alveo:Lung-Ep-Bron,chr5,177105974,177106168
Lung-Ep-Alveo:Lung-Ep-Bron,chr5,43642266,43643010
Lung-Ep-Alveo:Lung-Ep-Bron,chr20,62739081,62739351
Lung-Ep-Alveo:Lung-Ep-Bron,chr5,33361707,33362545
Lung-Ep-Alveo:Lung-Ep-Bron,chr5,151195438,151195651
Lung-Ep-Alveo:Lung-Ep-Bron,chr11,83847376,83847949
Lung-Ep-Alveo:Lung-Ep-Bron,chr22,47090105,47090349
Lung-Ep-Alveo:Lung-Ep-Bron,chr15,62952070,62952143
Lung-Ep-Alveo:Lung-Ep-Bron,chr4,149848943,149849279
Lung-Ep-Alveo:Lung-Ep-Bron,chr12,105479117,105479334
Lung-Ep-Alveo:Lung-Ep-Bron,chr4,4121930,4122199
Lung-Ep-Alveo:Lung-Ep-Bron,chr11,60399045,60399412
Lung-Ep-Alveo:Lung-Ep-Bron,chr14,99165090,99165212
Lung-Ep-Alveo:Lung-Ep-Bron,chr4,7217035,7217283
Lung-Ep-Alveo:Lung-Ep-Bron,chr8,30981101,30981733
Lung-Ep-Alveo:Lung-Ep-Bron,chr17,6596220,6597210
Lung-Ep-Alveo:Lung-Ep-Bron,chr13,74052325,74052584
Lung-Ep-Alveo:Lung-Ep-Bron,chr19,31648394,31648472
Lung-Ep-Alveo:Lung-Ep-Bron,chr6,169029069,169029300
Lung-Ep-Alveo:Lung-Ep-Bron,chr6,136775421,136775811
Lung-Ep-Alveo:Lung-Ep-Bron,chrY,4811913,4812818
Lung-Ep-Alveo:Lung-Ep-Bron,chr6,80205363,80205904
Lung-Ep-Alveo:Lung-Ep-Bron,chr12,112584653,112584814
Lung-Ep-Alveo:Lung-Ep-Bron,chr1,146029047,146029703
Lung-Ep-Alveo:Lung-Ep-Bron,chr2,107512577,107513240
Lung-Ep-Alveo:Lung-Ep-Bron,chr12,60355095,60355719
Lung-Ep-Alveo:Lung-Ep-Bron,chr14,105373980,105374371
Lung-Ep-Alveo:Lung-Ep-Bron,chr11,124123297,124123560
Lung-Ep-Alveo:Lung-Ep-Bron,chr9,121971855,121972242
Lung-Ep-Alveo:Lung-Ep-Bron,chr7,155396948,155397049
Lung-Ep-Alveo:Lung-Ep-Bron,chr18,1074208,1074692
Lung-Ep-Alveo:Lung-Ep-Bron,chr5,166915455,166915543
Lung-Ep-Alveo:Lung-Ep-Bron,chr6,77755081,77755580
Lung-Ep-Alveo:Lung-Ep-Bron,chr1,162466291,162466678
Lung-Ep-Alveo:Lung-Ep-Bron,chr22,24697174,24697529
Lung-Ep-Alveo:Lung-Ep-Bron,chr2,228364007,228364212
Lung-Ep-Alveo:Lung-Ep-Bron,chr14,81003075,81003503
Lung-Ep-Alveo:Lung-Ep-Bron,chr3,181139423,181139843
Lung-Ep-Alveo:Lung-Ep-Bron,chr1,175343457,175344278
Lung-Ep-Alveo:Lung-Ep-Bron,chr2,3067430,3067667
Lung-Ep-Alveo:Lung-Ep-Bron,chr7,155169336,155169655
Lung-Ep-Alveo:Lung-Ep-Bron,chr5,158816761,158817052
Lung-Ep-Alveo:Lung-Ep-Bron,chr19,46460713,46460930
Lung-Ep-Alveo:Lung-Ep-Bron,chr12,101568335,101568527
Lung-Ep-Alveo:Lung-Ep-Bron,chr7,27507137,27507433
Lung-Ep-Alveo:Lung-Ep-Bron,chr2,219750678,219751066
Lung-Ep-Alveo:Lung-Ep-Bron,chr3,72745989,72746272
Lung-Ep-Alveo:Lung-Ep-Bron,chr8,22888958,22889457
Lung-Ep-Alveo:Lung-Ep-Bron,chr1,6218018,6218109
Lung-Ep-Alveo:Lung-Ep-Bron,chr7,139519239,139519529
Lung-Ep-Alveo:Lung-Ep-Bron,chr7,119802248,119802470
Lung-Ep-Alveo:Lung-Ep-Bron,chr3,130079384,130079498
Lung-Ep-Alveo:Lung-Ep-Bron,chr5,81853349,81853649
Lung-Ep-Alveo:Lung-Ep-Bron,chr12,7154486,7154885
Lung-Ep-Alveo:Lung-Ep-Bron,chr2,322831,323193
Lung-Ep-Alveo:Lung-Ep-Bron,chr9,131032094,131032171
Lung-Ep-Alveo:Lung-Ep-Bron,chr7,1373242,1373358
Lung-Ep-Alveo:Lung-Ep-Bron,chr15,74819359,74819625
Lung-Ep-Alveo:Lung-Ep-Bron,chr19,10283951,10284116
Lung-Ep-Alveo:Lung-Ep-Bron,chr7,38646579,38646761
Lung-Ep-Alveo:Lung-Ep-Bron,chrX,31255836,31256066
Lung-Ep-Alveo:Lung-Ep-Bron,chr10,49166899,49167017
Lung-Ep-Alveo:Lung-Ep-Bron,chr16,89294599,89294762
Lung-Ep-Alveo:Lung-Ep-Bron,chr20,63381561,63381644
Lung-Ep-Alveo:Lung-Ep-Bron,chr7,1790048,1790347
Lung-Ep-Alveo:Lung-Ep-Bron,chr20,61125932,61126092
Lung-Ep-Alveo:Lung-Ep-Bron,chr5,180770591,180770930
Lung-Ep-Alveo:Lung-Ep-Bron,chr7,121945,122073
Lung-Ep-Alveo:Lung-Ep-Bron,chr11,67477684,67477960
Lung-Ep-Alveo:Lung-Ep-Bron,chrY,7946309,7946883
Lung-Ep-Alveo:Lung-Ep-Bron,chr16,46652074,46652475
Lung-Ep-Alveo:Lung-Ep-Bron,chr2,140895428,140895565
Lung-Ep-Alveo:Lung-Ep-Bron,chr16,15287957,15288097
Lung-Ep-Alveo:Lung-Ep-Bron,chr5,137855601,137855976
Lung-Ep-Alveo:Lung-Ep-Bron,chr6,107659666,107659921
Lung-Ep-Alveo:Lung-Ep-Bron,chr6,151096652,151097232
Lung-Ep-Alveo:Lung-Ep-Bron,chr11,28466619,28466745
Lung-Ep-Bron,chr1,53970626,53971350
Lung-Ep-Bron,chr16,23397097,23397516
Lung-Ep-Bron,chr13,79627234,79627459
Lung-Ep-Bron,chr1,164792547,164792975
Lung-Ep-Bron,chr8,71360059,71360776
Lung-Ep-Bron,chr1,7991117,7991683
Lung-Ep-Bron,chr2,205556848,205556939
Lung-Ep-Bron,chr7,29452301,29452879
Lung-Ep-Bron,chr7,77672263,77673077
Lung-Ep-Bron,chr7,65250633,65251412
Lung-Ep-Bron,chr19,28903563,28903610
Lung-Ep-Bron,chr5,54137510,54138276
Lung-Ep-Bron,chr17,8306101,8306236
Lung-Ep-Bron,chr2,67830697,67831108
Lung-Ep-Bron,chr1,95006130,95006717
Lung-Ep-Bron,chr8,19410904,19411014
Lung-Ep-Bron,chr8,26435956,26436268
Lung-Ep-Bron,chr17,66278804,66278950
Lung-Ep-Bron,chr2,33222116,33222460
Lung-Ep-Bron,chr17,57950211,57950303
Lung-Ep-Bron,chr20,20771509,20771696
Lung-Ep-Bron,chr16,14014651,14014847
Lung-Ep-Bron,chr17,82276796,82277320
Lung-Ep-Bron,chr21,29104536,29104918
Lung-Ep-Bron,chr10,124618723,124618954
Lung-Ep-Bron,chr5,132896188,132896565
Lung-Ep-Bron,chr17,66575838,66576255
Lung-Ep-Bron,chr5,127515716,127516236
Lung-Ep-Bron,chr16,4295478,4295609
Lung-Ep-Bron,chr11,120207137,120207366
Lung-Ep-Bron,chr8,58671325,58671465
Lung-Ep-Bron,chr10,97244794,97245303
Lung-Ep-Bron,chr13,111245525,111245624
Lung-Ep-Bron,chr2,233115113,233115193
Lung-Ep-Bron,chr2,61803465,61803554
Lung-Ep-Bron,chr17,73049860,73050152
Lung-Ep-Bron,chr2,96414723,96414858
Lung-Ep-Bron,chr16,89121942,89122014
Lung-Ep-Bron,chr21,32500310,32500808
Lung-Ep-Bron,chr3,132481867,132482621
Lung-Ep-Bron,chr7,65266415,65267364
Lung-Ep-Bron,chr10,68432283,68432552
Lung-Ep-Bron,chr13,52026082,52026896
Lung-Ep-Bron,chr14,89540595,89540687
Lung-Ep-Bron,chr16,58579721,58579976
Lung-Ep-Bron,chr2,61132405,61132888
Lung-Ep-Bron,chr12,97819422,97819529
Lung-Ep-Bron,chr14,81316454,81316848
Lung-Ep-Bron,chr8,71354377,71354972
Lung-Ep-Bron,chr4,123356812,123356972
Lung-Ep-Bron,chr1,78520528,78521211
Lung-Ep-Bron,chr2,28718872,28719219
Lung-Ep-Bron,chr15,83888587,83888813
Lung-Ep-Bron,chr16,15928675,15928958
Lung-Ep-Bron,chr13,24986924,24987014
Lung-Ep-Bron,chr11,27440094,27440343
Lung-Ep-Bron,chr3,4359888,4360107
Lung-Ep-Bron,chr14,64574557,64575714
Lung-Ep-Bron,chr7,149728289,149728395
Lung-Ep-Bron,chr3,142110024,142110322
Lung-Ep-Bron,chr14,50594378,50594976
Lung-Ep-Bron,chr14,60684104,60684154
Lung-Ep-Bron,chr1,225815802,225816147
Lung-Ep-Bron,chr5,121716527,121716759
Lung-Ep-Bron,chr17,57950503,57950634
Lung-Ep-Bron,chr18,46504690,46504887
Lung-Ep-Bron,chr9,104838967,104839294
Lung-Ep-Bron,chr10,124818792,124819443
Lung-Ep-Bron,chr18,78227918,78228365
Lung-Ep-Bron,chr5,126465406,126465932
Lung-Ep-Bron,chr13,73293830,73294061
Lung-Ep-Bron,chr5,146311660,146311962
Lung-Ep-Bron,chr4,73784887,73785607
Lung-Ep-Bron,chr6,152330667,152331133
Lung-Ep-Bron,chr13,23674347,23674612
Lung-Ep-Bron,chr16,69069347,69069978
Lung-Ep-Bron,chr22,36287690,36287902
Lung-Ep-Bron,chr13,24935827,24936297
Lung-Ep-Bron,chr3,148032019,148032238
Lung-Ep-Bron,chr10,13747258,13747523
Lung-Ep-Bron,chr8,141158426,141158623
Lung-Ep-Bron,chr15,73979476,73979632
Lung-Ep-Bron,chr15,77377797,77378421
Lung-Ep-Bron,chr8,32302891,32302957
Lung-Ep-Bron,chr8,71265829,71266857
Lung-Ep-Bron,chr1,61393612,61394237
Lung-Ep-Bron,chr17,4646604,4646659
Lung-Ep-Bron,chr8,71357751,71357882
Lung-Ep-Bron,chr3,160138958,160139439
Lung-Ep-Bron,chr8,58670393,58670753
Lung-Ep-Bron,chr3,55417060,55417714
Lung-Ep-Bron,chr16,56766005,56766984
Lung-Ep-Bron,chr4,94711499,94711700
Lung-Ep-Bron,chr1,168839882,168840312
Lung-Ep-Bron,chr19,46763176,46763546
Lung-Ep-Bron,chr3,57109273,57109490
Lung-Ep-Bron,chr13,49568860,49569345
Lung-Ep-Bron,chr17,55254186,55254480
Lung-Ep-Bron,chr16,13939415,13939913
Lung-Ep-Bron,chr12,51677854,51678098
Lung-Ep-Bron,chr10,73086237,73086794
Lung-Ep-Bron,chr7,65251435,65251621
Lung-Ep-Bron,chr11,67720836,67721316
Lung-Ep-Bron,chr1,24528712,24529146
Lung-Ep-Bron,chr12,49938054,49938859
Lung-Ep-Bron,chr12,69974031,69974460
Lung-Ep-Bron,chr19,42430930,42431060
Lung-Ep-Bron,chr10,128116348,128116958
Lung-Ep-Bron,chr16,4094536,4094595
Lung-Ep-Bron,chr8,141292059,141292151
Lung-Ep-Bron,chr1,87437181,87437713
Lung-Ep-Bron,chr8,121861613,121861833
Lung-Ep-Bron,chr4,187456624,187457332
Lung-Ep-Bron,chr9,120598354,120598670
Lung-Ep-Bron,chr2,118117746,118117889
Lung-Ep-Bron,chr1,57540147,57540445
Lung-Ep-Bron,chr2,1848285,1848403
Lung-Ep-Bron,chr7,70791613,70791944
Lung-Ep-Bron,chr6,3267652,3267799
Lung-Ep-Bron,chr10,127216347,127216676
Lung-Ep-Bron,chr12,16764412,16764658
Lung-Ep-Bron,chr1,21366730,21366849
Lung-Ep-Bron,chr2,159028309,159029094
Lung-Ep-Bron,chr11,100746463,100746676
Lung-Ep-Bron,chr2,74218953,74219437
Lung-Ep-Bron,chr4,175127649,175128419
Lung-Ep-Bron,chrY,13851716,13851925
Lung-Ep-Bron,chr6,74645256,74645750
Lung-Ep-Bron,chr17,7520583,7520804
Lung-Ep-Bron,chr4,123506762,123507121
Lung-Ep-Bron,chr7,92476002,92476135
Lung-Ep-Bron,chr1,10642449,10642740
Lung-Ep-Bron,chr16,28583056,28583358
Lung-Ep-Bron,chr19,10160811,10161115
Lung-Ep-Bron,chr17,57973355,57974483
Lung-Ep-Bron,chr13,49979919,49980118
Lung-Ep-Bron,chr6,140522191,140522597
Lung-Ep-Bron,chrX,10835787,10835977
Lung-Ep-Bron,chr3,13246110,13246266
Lung-Ep-Bron,chr12,39357778,39358097
Lung-Ep-Bron,chr2,112363430,112363566
Lung-Ep-Bron,chr2,230562090,230562444
Lung-Ep-Bron,chr1,21765666,21765837
Lung-Ep-Bron,chr12,3891629,3891839
Lung-Ep-Bron,chr1,38269667,38269836
Lung-Ep-Bron,chr7,40608061,40608377
Lung-Ep-Bron,chr3,52625643,52626704
Lung-Ep-Bron,chr9,124840933,124841103
Lung-Ep-Bron,chr6,122547876,122548095
Lung-Ep-Bron,chr6,4907966,4908666
Lung-Ep-Bron,chr8,58630467,58631885
Lung-Ep-Bron,chr1,182866460,182866994
Lung-Ep-Bron,chr1,229950243,229950400
Lung-Ep-Bron,chr2,96467247,96467449
Lung-Ep-Bron,chr15,95965899,95966033
Lung-Ep-Bron,chr17,55260711,55260788
Lung-Ep-Bron,chr8,122531581,122532042
Lung-Ep-Bron,chr11,68344609,68345153
Lung-Ep-Bron,chrY,12473867,12474283
Lung-Ep-Bron,chr19,46923647,46923794
Lung-Ep-Bron,chr12,109947097,109947343
Lung-Ep-Bron,chr3,5717742,5718150
Lung-Ep-Bron,chr14,69457326,69457444
Lung-Ep-Bron,chr1,10642128,10642316
Lung-Ep-Bron,chr12,85780746,85781478
Lung-Ep-Bron,chr16,89123520,89123562
Lung-Ep-Bron,chr16,56772495,56773253
Lung-Ep-Bron,chrY,8695813,8696335
Lung-Ep-Bron,chr15,92609309,92609396
Lung-Ep-Bron,chr5,140641938,140642229
Lung-Ep-Bron,chr1,43839879,43840748
Lung-Ep-Bron,chr16,29575131,29575310
Lung-Ep-Bron,chr1,112826801,112827144
Lung-Ep-Bron,chr20,10593514,10594273
Lung-Ep-Bron,chr1,115162019,115162203
Lung-Ep-Bron,chr13,49569439,49569776
Lung-Ep-Bron,chr13,49142140,49142350
Lung-Ep-Bron,chr10,86784991,86785431
Lung-Ep-Bron,chr18,26526440,26526655
Lung-Ep-Bron,chr7,74654787,74655398
Lung-Ep-Bron,chr2,198169975,198170411
Lung-Ep-Bron,chr9,1654895,1655283
Lung-Ep-Bron,chr4,174918114,174918983
Lung-Ep-Bron,chr1,8132636,8133109
Lung-Ep-Bron,chr21,35798351,35798591
Lung-Ep-Bron,chr2,2748239,2748465
Lung-Ep-Bron,chr22,42760761,42760957
Lung-Ep-Bron,chr21,38251520,38251745
Lung-Ep-Bron,chr9,127499652,127499857
Lung-Ep-Bron,chr10,21332484,21332845
Lung-Ep-Bron,chr7,43404335,43404763
Lung-Ep-Bron,chr8,125832573,125832867
Lung-Ep-Bron,chr14,94094214,94094460
Lung-Ep-Bron,chr11,93490431,93490960
Lung-Ep-Bron,chrY,12756594,12757223
Lung-Ep-Bron,chr10,24550752,24550925
Lung-Ep-Bron,chr5,180073919,180074461
Lung-Ep-Bron,chr3,170468366,170468539
Lung-Ep-Bron,chr2,224805553,224806044
Lung-Ep-Bron,chr10,125104065,125104153
Lung-Ep-Bron,chr5,17092754,17093341
Lung-Ep-Bron,chr16,68215790,68216110
Lung-Ep-Bron,chr16,30314859,30315038
Lung-Ep-Bron,chr3,13330892,13331207
Lung-Ep-Bron,chr10,97690736,97690922
Lung-Ep-Bron,chr12,105210781,105211248
Lung-Ep-Bron,chr1,240729840,240729907
Lung-Ep-Bron,chr17,10140232,10140565
Lung-Ep-Bron,chr1,225897725,225897821
Lung-Ep-Bron,chr19,42403478,42403978
Lung-Ep-Bron,chr17,20435684,20436145
Lung-Ep-Bron,chr8,65314020,65314775
Lung-Ep-Bron,chr9,95478168,95478315
Lung-Ep-Bron,chr12,77054728,77055374
Lung-Ep-Bron,chr20,38068833,38069249
Lung-Ep-Bron,chr16,1702223,1702508
Lung-Ep-Bron,chr1,155021991,155022168
Lung-Ep-Bron,chr5,177883966,177885347
Lung-Ep-Bron,chr3,125425187,125425668
Lung-Ep-Bron,chr17,32562147,32562219
Lung-Ep-Bron,chr2,63045360,63046302
Lung-Ep-Bron,chr1,218370670,218371606
Lung-Ep-Bron,chr20,9236064,9236442
Lung-Ep-Bron,chr11,20051152,20051493
Lung-Ep-Bron,chr5,99065803,99066676
Lung-Ep-Bron,chr3,12372388,12372827
Lung-Ep-Bron,chr7,74462948,74463267
Lung-Ep-Bron,chr12,78271436,78272148
Lung-Ep-Bron,chr19,44806247,44806441
Lung-Ep-Bron,chr6,101852413,101852609
Lung-Ep-Bron,chr16,56764212,56764415
Lung-Ep-Bron,chr2,45165572,45165859
Lung-Ep-Bron,chr11,78148300,78148622
Lung-Ep-Bron,chr19,41199762,41199958
Lung-Ep-Bron,chr14,60685725,60686700
Lung-Ep-Bron,chr1,155722124,155722504
Lung-Ep-Bron,chr1,17447221,17447562
Lung-Ep-Bron,chr8,74185785,74186176
Lung-Ep-Bron,chr17,75122879,75123300
Lung-Ep-Bron,chr15,40245663,40246020
Lung-Ep-Bron,chr10,114563158,114563447
Lung-Ep-Bron,chr12,86857239,86858026
Lung-Ep-Bron,chr2,208224282,208225329
Lung-Ep-Bron,chr19,41153856,41154086
Lung-Ep-Bron,chr16,23366471,23366649
Lung-Ep-Bron,chr11,117972237,117972514
Lung-Ep-Bron,chr7,128030416,128030582
Lung-Ep-Bron,chr11,62707263,62707607
Lung-Ep-Bron,chr11,63683822,63684172
Lung-Ep-Bron,chr7,117022161,117023311
Neuron,chr20,62063322,62063661
Neuron,chr11,17765234,17765305
Neuron,chr1,229340917,229341189
Neuron,chr3,33643193,33644612
Neuron,chr2,186696186,186696951
Neuron,chr12,57550724,57551254
Neuron,chr16,88611095,88611440
Neuron,chr11,73343902,73344265
Neuron,chr8,10143526,10144014
Neuron,chr19,18202467,18202545
Neuron,chr21,43181791,43181834
Neuron,chr16,11679512,11679699
Neuron,chr2,39668285,39668641
Neuron,chr2,209661896,209662345
Neuron,chr11,17906348,17906876
Neuron,chr12,119801499,119802390
Neuron,chr10,11007964,11008123
Neuron,chr19,18202683,18202732
Neuron,chr1,241355658,241355916
Neuron,chr20,10222037,10223045
Neuron,chr16,70761486,70761561
Neuron,chr1,156418438,156418552
Neuron,chr17,7407119,7407280
Neuron,chr20,63180668,63180745
Neuron,chr11,784136,784317
Neuron,chr6,44271527,44271772
Neuron,chr14,51089837,51090849
Neuron,chr11,123577386,123577429
Neuron,chr17,12918378,12918754
Neuron,chr1,9852155,9852376
Neuron,chr20,34871503,34871778
Neuron,chr5,58999640,59000438
Neuron,chr19,14203853,14204053
Neuron,chr2,51026590,51026917
Neuron,chr10,11279426,11279501
Neuron,chr22,31624016,31624501
Neuron,chr1,151711596,151711796
Neuron,chr19,5121253,5121827
Neuron,chr7,5351661,5351789
Neuron,chr12,1838295,1838386
Neuron,chr2,85431243,85431873
Neuron,chr10,66927241,66927458
Neuron,chr7,128030117,128030409
Neuron,chr11,123526636,123526998
Neuron,chr22,31625263,31625597
Neuron,chrX,70446043,70446775
Neuron,chr12,40693992,40694487
Neuron,chr12,123077573,123078415
Neuron,chr15,70407489,70407521
Neuron,chr2,51026934,51027176
Neuron,chr11,17739465,17739825
Neuron,chr1,2259829,2259995
Neuron,chr13,113093387,113093676
Neuron,chr20,4895034,4895313
Neuron,chr11,12123636,12123944
Neuron,chr14,105317051,105317200
Neuron,chr22,50326007,50326300
Neuron,chr6,138430577,138430722
Neuron,chr19,10979999,10980099
Neuron,chr19,5337458,5337557
Neuron,chr1,204683268,204683610
Neuron,chr19,50542970,50543109
Neuron,chr2,58893479,58893926
Neuron,chr9,130235886,130235956
Neuron,chr1,244054590,244055441
Neuron,chr14,64968153,64968471
Neuron,chr11,1421281,1421502
Neuron,chr10,11301723,11301894
Neuron,chr22,18851395,18851609
Neuron,chr2,240818077,240818327
Neuron,chr4,152102772,152102861
Neuron,chr4,53556431,53557573
Neuron,chr22,35959971,35960746
Neuron,chr16,702506,702557
Neuron,chr1,155869755,155870512
Neuron,chr15,82708279,82708777
Neuron,chr2,74004595,74004830
Neuron,chr3,184339895,184340296
Neuron,chr12,122355371,122355821
Neuron,chr8,73767360,73767713
Neuron,chr9,127693222,127693395
Neuron,chr1,11483018,11483108
Neuron,chr1,155873145,155873420
Neuron,chr1,110601978,110602167
Neuron,chr7,158252368,158252496
Neuron,chr4,751878,752085
Neuron,chr14,68690838,68691331
Neuron,chr17,79087029,79087112
Neuron,chr20,36368966,36369166
Neuron,chr17,32494907,32495234
Neuron,chr19,11356117,11356381
Neuron,chr3,10499372,10499586
Neuron,chr6,79945018,79945263
Neuron,chr5,141524017,141524478
Neuron,chr8,41894746,41894914
Neuron,chr20,4887711,4887814
Neuron,chr8,31032254,31032380
Neuron,chr4,3530089,3530261
Neuron,chrX,149489093,149489654
Neuron,chr14,101997683,101997939
Neuron,chr12,1838195,1838265
Neuron,chr11,123562624,123563119
Neuron,chr1,151062393,151062653
Neuron,chr1,2384160,2384745
Neuron,chr16,702640,702702
Neuron,chr16,30416883,30417278
Neuron,chr6,110800100,110800705
Neuron,chr1,240094130,240094195
Neuron,chr15,74449517,74450248
Neuron,chr16,205466,205751
Neuron,chr11,123527174,123528123
Neuron,chr1,156418963,156419634
Neuron,chr22,31853584,31854675
Neuron,chr16,89465504,89465628
Neuron,chr17,12953173,12953717
Neuron,chr9,130174393,130174606
Neuron,chr11,117870948,117871277
Neuron,chr1,155175494,155175915
Neuron,chr13,30871499,30872060
Neuron,chr2,25979812,25980199
Neuron,chr19,40272391,40272777
Neuron,chr4,2415820,2416173
Neuron,chr9,135089606,135089669
Neuron,chr18,13374255,13374753
Neuron,chr9,136018816,136018862
Neuron,chr11,1280405,1280696
Neuron,chr17,45099846,45099906
Neuron,chr8,10259828,10260428
Neuron,chr17,39193999,39194434
Neuron,chr11,64635418,64635651
Neuron,chr17,80468916,80469000
Neuron,chr7,44388313,44388640
Neuron,chr4,6342872,6342946
Neuron,chr12,1838860,1838980
Neuron,chr22,50363521,50363731
Neuron,chr1,183419049,183419106
Neuron,chr17,2808868,2809337
Neuron,chr8,41894322,41894674
Neuron,chr19,57724816,57725293
Neuron,chr16,69937489,69937584
Neuron,chr11,47584317,47584536
Neuron,chr11,64632790,64632867
Neuron,chr15,78910173,78910380
Neuron,chr11,45895064,45895391
Neuron,chr12,132324153,132324309
Neuron,chr5,146606730,146606925
Neuron,chr16,314979,315035
Neuron,chrX,53084581,53085707
Neuron,chr19,47492290,47492486
Neuron,chr11,33618564,33618906
Neuron,chr12,121155218,121155544
Neuron,chr12,132730026,132730417
Neuron,chr1,229338843,229339891
Neuron,chr8,19854381,19854977
Neuron,chr16,2101612,2102292
Neuron,chr19,19280924,19281205
Neuron,chr1,209623535,209623953
Neuron,chr9,123654413,123654951
Neuron,chr11,581928,582160
Neuron,chr6,44273302,44273379
Neuron,chr10,11009340,11009385
Neuron,chr13,113069981,113070432
Neuron,chr7,44323307,44323940
Neuron,chr17,58325529,58325695
Neuron,chr20,46062013,46062820
Neuron,chr15,28888845,28889129
Neuron,chr22,50199610,50199692
Neuron,chr7,44276768,44277248
Neuron,chr9,138113553,138114038
Neuron,chrX,49193976,49194483
Neuron,chr10,11339955,11340117
Neuron,chr1,39886662,39887439
Neuron,chr17,30711721,30711954
Neuron,chr9,130235662,130235834
Neuron,chr3,13071554,13071892
Neuron,chr7,151091930,151092183
Neuron,chr16,85418867,85419082
Neuron,chr17,21073047,21073237
Neuron,chr20,63664503,63664830
Neuron,chr4,2356221,2356411
Neuron,chr10,125006154,125006336
Neuron,chr19,50542507,50542948
Neuron,chr3,16329905,16330177
Neuron,chr9,14531383,14531652
Neuron,chr12,121154585,121154817
Neuron,chr1,155875081,155875592
Neuron,chr7,151092222,151092485
Neuron,chr1,3779378,3779770
Neuron,chr20,46056210,46056347
Neuron,chr17,58089428,58089837
Neuron,chr17,30713388,30713701
Neuron,chr9,137141196,137141601
Neuron,chr1,2075885,2076509
Neuron,chr17,79544362,79544557
Neuron,chr5,6370739,6370927
Neuron,chrX,140732951,140733063
Neuron,chr12,122941035,122941396
Neuron,chr20,1919635,1919952
Neuron,chr3,13052709,13053041
Neuron,chr16,24671521,24671646
Neuron,chr5,172049041,172049326
Neuron,chr11,133953967,133954944
Neuron,chr1,112850489,112850572
Neuron,chr11,70333581,70334054
Neuron,chr10,125005948,125006100
Neuron,chr17,64546696,64547224
Neuron,chr7,98039133,98039317
Neuron,chr17,8476882,8477116
Neuron,chr2,27026288,27027281
Neuron,chr8,10150708,10151081
Neuron,chr19,49692283,49692362
Neuron,chr4,3530269,3530640
Neuron,chr19,591318,591352
Neuron,chr1,160091058,160092116
Neuron,chr17,80468849,80468913
Neuron,chr3,133891685,133892153
Neuron,chr7,82444864,82445114
Neuron,chr9,35831109,35831446
Neuron,chr9,2174105,2174719
Neuron,chr1,35559888,35560515
Neuron,chr20,62390139,62390396
Neuron,chr11,64919518,64919915
Neuron,chr15,31304702,31305080
Neuron,chr4,957443,957673
Neuron,chr16,70393561,70394045
Neuron,chr16,205824,206319
Neuron,chr19,42067974,42068311
Neuron,chr2,240817509,240817907
Neuron,chr9,86410178,86410317
Neuron,chr2,205729318,205729605
Neuron,chr19,13993675,13994073
Neuron,chr16,8895524,8895876
Neuron,chr1,2309402,2309623
Neuron,chr1,2020270,2020459
Neuron,chr12,2372220,2372399
Neuron,chr5,141884311,141884413
Neuron,chr9,135102691,135103035
Neuron,chr9,138099486,138099775
Neuron,chr22,44947320,44947435
Neuron,chr3,56173476,56173566
Neuron,chr10,123666808,123666867
Neuron,chr15,28832815,28832912
Neuron,chr12,67964,68380
Neuron,chr7,44375946,44376012
Neuron,chr14,23520906,23521202
Neuron,chr16,72425250,72425843
Neuron,chr16,72425886,72426405
Neuron,chr3,42149426,42149701
Neuron,chr18,55347194,55347482
Neuron,chr16,72426544,72426817
Neuron:Oligodend,chr1,2074413,2074629
Neuron:Oligodend,chr19,4018063,4018267
Neuron:Oligodend,chr10,3241675,3241720
Neuron:Oligodend,chr7,102111506,102111681
Neuron:Oligodend,chr16,72427584,72428002
Neuron:Oligodend,chr14,32329556,32330606
Neuron:Oligodend,chr11,8111688,8112028
Neuron:Oligodend,chr13,100650609,100650813
Neuron:Oligodend,chr13,113044587,113044895
Neuron:Oligodend,chr9,135811845,135811976
Neuron:Oligodend,chr8,10095318,10096044
Neuron:Oligodend,chr16,72428888,72429493
Neuron:Oligodend,chr1,2075420,2075872
Neuron:Oligodend,chr17,32494730,32494846
Neuron:Oligodend,chr18,55054629,55054769
Neuron:Oligodend,chr19,35776392,35776727
Neuron:Oligodend,chr8,76404354,76404626
Neuron:Oligodend,chr1,243470624,243471090
Neuron:Oligodend,chr17,12069728,12070177
Neuron:Oligodend,chr17,28372989,28373168
Neuron:Oligodend,chr2,151972242,151972869
Neuron:Oligodend,chr9,94084510,94084759
Neuron:Oligodend,chr7,158366343,158366443
Neuron:Oligodend,chr8,25685368,25685446
Neuron:Oligodend,chr4,183908104,183908169
Neuron:Oligodend,chr17,81053345,81053466
Neuron:Oligodend,chr1,2074926,2075177
Neuron:Oligodend,chr14,32329181,32329476
Neuron:Oligodend,chr8,9402844,9402994
Neuron:Oligodend,chrX,71147744,71147990
Neuron:Oligodend,chr9,131525962,131526732
Neuron:Oligodend,chr21,16588984,16590318
Neuron:Oligodend,chr6,136706440,136706660
Neuron:Oligodend,chrX,13815852,13816429
Neuron:Oligodend,chr13,113044292,113044508
Neuron:Oligodend,chr19,50548796,50548857
Neuron:Oligodend,chr2,74385579,74386033
Neuron:Oligodend,chrX,71148030,71148164
Neuron:Oligodend,chr8,139877051,139877321
Neuron:Oligodend,chr1,148809167,148809417
Neuron:Oligodend,chr16,88611095,88611440
Neuron:Oligodend,chr9,122083998,122084399
Neuron:Oligodend,chr19,47379254,47380055
Neuron:Oligodend,chr7,158252096,158252338
Neuron:Oligodend,chr10,129896411,129896509
Neuron:Oligodend,chr1,155872169,155873102
Neuron:Oligodend,chr20,24978708,24978945
Neuron:Oligodend,chr17,31296434,31297165
Neuron:Oligodend,chr3,51697022,51697216
Neuron:Oligodend,chr18,58865751,58865888
Neuron:Oligodend,chr10,116737872,116738128
Neuron:Oligodend,chr8,10096409,10097559
Neuron:Oligodend,chr8,138601526,138601576
Neuron:Oligodend,chr1,244054214,244054414
Neuron:Oligodend,chr19,46607354,46607644
Neuron:Oligodend,chr11,125444919,125445140
Neuron:Oligodend,chr8,25685620,25685721
Neuron:Oligodend,chr4,98656115,98656894
Neuron:Oligodend,chr4,175811037,175811376
Neuron:Oligodend,chr18,55407397,55407840
Neuron:Oligodend,chr11,63683822,63684172
Neuron:Oligodend,chr7,102080009,102080456
Neuron:Oligodend,chrX,123206389,123206449
Neuron:Oligodend,chr10,132063564,132063714
Neuron:Oligodend,chr17,29582715,29583164
Neuron:Oligodend,chr1,13786599,13786848
Neuron:Oligodend,chr3,33643193,33644612
Neuron:Oligodend,chr2,186696186,186696951
Neuron:Oligodend,chr10,75451935,75452372
Neuron:Oligodend,chr12,49185197,49186318
Neuron:Oligodend,chr12,19872902,19872991
Neuron:Oligodend,chr12,125015791,125016172
Neuron:Oligodend,chr12,106048971,106049613
Neuron:Oligodend,chr8,10143526,10144014
Neuron:Oligodend,chr8,18682615,18683107
Neuron:Oligodend,chr12,49184686,49185162
Neuron:Oligodend,chr2,74005040,74005298
Neuron:Oligodend,chr11,6414410,6414712
Neuron:Oligodend,chr22,31624800,31625198
Neuron:Oligodend,chr8,26588597,26589295
Neuron:Oligodend,chr15,22876189,22876413
Neuron:Oligodend,chr18,44744872,44745223
Neuron:Oligodend,chr15,43519601,43520099
Neuron:Oligodend,chr19,4357210,4357409
Neuron:Oligodend,chrX,71148195,71148517
Neuron:Oligodend,chr2,149001641,149001820
Neuron:Oligodend,chr15,81750153,81750374
Neuron:Oligodend,chr2,207255875,207256214
Neuron:Oligodend,chr1,244053561,244053736
Neuron:Oligodend,chr19,2633342,2633401
Neuron:Oligodend,chr8,27745723,27745815
Neuron:Oligodend,chr10,543435,543594
Neuron:Oligodend,chr5,11564862,11565032
Neuron:Oligodend,chr1,87135268,87135555
Neuron:Oligodend,chr17,21000998,21001291
Neuron:Oligodend,chr5,58999640,59000438
Neuron:Oligodend,chr7,141685175,141685585
Neuron:Oligodend,chr1,160092317,160092588
Neuron:Oligodend,chr22,30695755,30696183
Neuron:Oligodend,chr3,33641824,33642517
Neuron:Oligodend,chr8,26583954,26584808
Neuron:Oligodend,chr13,25169830,25170010
Neuron:Oligodend,chr19,2633454,2633483
Neuron:Oligodend,chr4,57184766,57184905
Neuron:Oligodend,chr5,180284246,180284444
Neuron:Oligodend,chr9,70616725,70616856
Neuron:Oligodend,chr14,51092759,51093038
Neuron:Oligodend,chr6,13469849,13470306
Neuron:Oligodend,chr7,596902,597126
Neuron:Oligodend,chr14,51089837,51090849
Neuron:Oligodend,chr16,11679512,11679699
Neuron:Oligodend,chr3,197509636,197509762
Neuron:Oligodend,chr4,2977591,2977774
Neuron:Oligodend,chr4,175807440,175807780
Neuron:Oligodend,chr12,49902441,49902661
Neuron:Oligodend,chr10,66927241,66927458
Neuron:Oligodend,chr14,90407470,90407719
Neuron:Oligodend,chr14,93029613,93030159
Neuron:Oligodend,chr7,2775519,2775912
Neuron:Oligodend,chr9,135883653,135883926
Neuron:Oligodend,chr17,66953490,66953589
Neuron:Oligodend,chr19,50542970,50543109
Neuron:Oligodend,chr22,45209560,45209623
Neuron:Oligodend,chr10,3241222,3241574
Neuron:Oligodend,chr11,1396965,1397007
Neuron:Oligodend,chr16,73329190,73329407
Neuron:Oligodend,chr13,25170266,25170381
Neuron:Oligodend,chr16,9762057,9762193
Neuron:Oligodend,chr8,26597070,26597511
Neuron:Oligodend,chr5,88656153,88656538
Neuron:Oligodend,chr11,64063746,64064063
Neuron:Oligodend,chr18,37307304,37307571
Neuron:Oligodend,chr16,88611444,88611531
Neuron:Oligodend,chr19,10979999,10980099
Neuron:Oligodend,chr20,46365131,46365704
Neuron:Oligodend,chr2,50831750,50831944
Neuron:Oligodend,chr11,1399472,1399593
Neuron:Oligodend,chr12,123077573,123078415
Neuron:Oligodend,chr16,50863330,50863388
Neuron:Oligodend,chr5,141493515,141494076
Neuron:Oligodend,chr11,20760920,20760986
Neuron:Oligodend,chr11,117794722,117794964
Neuron:Oligodend,chr14,96662919,96663116
Neuron:Oligodend,chr1,11483018,11483108
Neuron:Oligodend,chr1,116387322,116387546
Neuron:Oligodend,chr16,19265634,19265897
Neuron:Oligodend,chr2,121520947,121521760
Neuron:Oligodend,chr1,155869755,155870512
Neuron:Oligodend,chr11,70927020,70927257
Neuron:Oligodend,chr1,2099023,2099269
Neuron:Oligodend,chr6,161256605,161256966
Neuron:Oligodend,chr8,26581229,26581617
Neuron:Oligodend,chr1,110603061,110603569
Neuron:Oligodend,chr1,156486555,156487187
Neuron:Oligodend,chr4,145882814,145883442
Neuron:Oligodend,chr4,152232171,152232642
Neuron:Oligodend,chr1,25903470,25903787
Neuron:Oligodend,chr7,99036859,99037154
Neuron:Oligodend,chr13,80011044,80011484
Neuron:Oligodend,chr14,105317051,105317200
Neuron:Oligodend,chr9,126490003,126490228
Neuron:Oligodend,chr15,28992447,28992609
Neuron:Oligodend,chr2,102840976,102841244
Neuron:Oligodend,chr1,155873145,155873420
Neuron:Oligodend,chr13,25170033,25170252
Neuron:Oligodend,chr15,58571621,58571756
Neuron:Oligodend,chr18,32440637,32441301
Neuron:Oligodend,chr11,18490793,18490983
Neuron:Oligodend,chr2,219283390,219283934
Neuron:Oligodend,chr17,78458742,78458911
Neuron:Oligodend,chr8,140589955,140590112
Neuron:Oligodend,chr6,157172786,157173064
Neuron:Oligodend,chr2,196590738,196591482
Neuron:Oligodend,chr4,751878,752085
Neuron:Oligodend,chr8,144486563,144486632
Neuron:Oligodend,chr2,119716215,119716534
Neuron:Oligodend,chr7,138919117,138919362
Neuron:Oligodend,chr8,31032254,31032380
Neuron:Oligodend,chr10,62375460,62376439
Neuron:Oligodend,chr11,19866062,19866503
Neuron:Oligodend,chr2,239398599,239398817
Neuron:Oligodend,chrX,70446043,70446775
Neuron:Oligodend,chr19,50548385,50548451
Neuron:Oligodend,chr2,45754732,45754843
Neuron:Oligodend,chr19,47496623,47496962
Neuron:Oligodend,chr2,219285370,219285684
Neuron:Oligodend,chr8,62690172,62690297
Neuron:Oligodend,chr3,131518891,131519024
Neuron:Oligodend,chr11,45901865,45902038
Neuron:Oligodend,chr11,1570455,1570872
Neuron:Oligodend,chr15,41561284,41561792
Neuron:Oligodend,chr14,104545313,104545435
Neuron:Oligodend,chr2,219282562,219283064
Neuron:Oligodend,chr10,89341064,89342015
Neuron:Oligodend,chr7,121796953,121797038
Neuron:Oligodend,chr21,43181521,43181658
Neuron:Oligodend,chr2,58893479,58893926
Neuron:Oligodend,chr10,14958026,14958757
Neuron:Oligodend,chr11,64055642,64056132
Neuron:Oligodend,chr12,124337656,124337821
Neuron:Oligodend,chr2,240818353,240818616
Neuron:Oligodend,chr4,184785024,184785473
Neuron:Oligodend,chr22,31898784,31899538
Neuron:Oligodend,chr2,240796942,240797316
Neuron:Oligodend,chr12,24138735,24139406
Neuron:Oligodend,chr12,83121971,83122188
Neuron:Oligodend,chr4,5267575,5267964
Neuron:Oligodend,chr15,77808232,77808368
Neuron:Oligodend,chr19,2633524,2633638
Neuron:Oligodend,chr8,26635088,26635624
Neuron:Oligodend,chr19,32537527,32537679
Neuron:Oligodend,chr19,35777538,35777686
Neuron:Oligodend,chr11,113178423,113178520
Neuron:Oligodend,chr11,70718353,70718440
Neuron:Oligodend,chr6,161266394,161266862
Neuron:Oligodend,chr9,128162185,128162284
Neuron:Oligodend,chr1,109089780,109089836
Neuron:Oligodend,chr11,126949235,126949645
Neuron:Oligodend,chr5,61732872,61733028
Neuron:Oligodend,chr7,67854057,67854235
Neuron:Oligodend,chr10,3271022,3271265
Neuron:Oligodend,chr15,28995553,28996044
Neuron:Oligodend,chr11,80822425,80822600
Neuron:Oligodend,chr22,27284370,27284769
Neuron:Oligodend,chr15,96574911,96575187
Neuron:Oligodend,chr7,65469108,65469451
Neuron:Oligodend,chr17,38570291,38570633
Neuron:Oligodend,chr5,72182554,72183184
Neuron:Oligodend,chr13,67216034,67217114
Neuron:Oligodend,chr18,58862125,58862676
Neuron:Oligodend,chrX,6264789,6264877
Neuron:Oligodend,chr12,120874672,120875011
Neuron:Oligodend,chrX,10183730,10183936
Neuron:Oligodend,chr3,9231776,9232120
Neuron:Oligodend,chrX,53262328,53262517
Neuron:Oligodend,chr17,80800150,80800400
Neuron:Oligodend,chr2,206801213,206801533
Neuron:Oligodend,chr6,44245530,44245677
Neuron:Oligodend,chr4,5858324,5858504
Neuron:Oligodend,chr17,80445413,80445527
Neuron:Oligodend,chr5,176853921,176853990
Neuron:Oligodend,chr5,141884311,141884413
Neuron:Oligodend,chr6,28863005,28863167
Neuron:Oligodend,chrX,52959728,52959887
Neuron:Oligodend,chr1,213172527,213172721
Neuron:Oligodend,chr11,113234978,113235165
Neuron:Oligodend,chr20,38509379,38509456
Neuron:Oligodend,chr19,57935881,57936067
Neuron:Oligodend,chr11,61636809,61636862
Neuron:Oligodend,chr7,141688032,141688411
Oligodend,chr17,78459113,78459237
Oligodend,chr5,173866922,173867104
Oligodend,chr5,669943,670027
Oligodend,chr17,60481943,60482071
Oligodend,chr9,112747355,112747639
Oligodend,chr18,77016707,77017066
Oligodend,chr10,100932726,100932737
Oligodend,chr17,4109586,4109869
Oligodend,chr7,27551969,27552051
Oligodend,chr10,35456593,35457382
Oligodend,chr7,3910006,3910178
Oligodend,chr18,77010943,77011693
Oligodend,chr9,123629279,123629486
Oligodend,chr1,243185995,243186716
Oligodend,chr4,153089967,153090142
Oligodend,chr4,2875931,2876052
Oligodend,chr12,12244325,12244754
Oligodend,chr7,149438367,149438915
Oligodend,chrX,15820247,15820309
Oligodend,chr20,63916366,63916402
Oligodend,chr1,32341315,32341485
Oligodend,chr19,6242158,6242292
Oligodend,chr12,122848344,122848489
Oligodend,chr18,8639633,8639798
Oligodend,chr3,93893044,93893100
Oligodend,chr21,36851281,36851430
Oligodend,chr15,34426238,34426307
Oligodend,chr16,69799910,69800224
Oligodend,chr9,131961464,131961849
Oligodend,chr15,85113297,85113536
Oligodend,chr16,75095292,75095569
Oligodend,chr9,731582,731790
Oligodend,chr18,79323459,79323986
Oligodend,chr2,131058964,131059491
Oligodend,chr6,17839508,17839796
Oligodend,chr9,128390957,128391681
Oligodend,chr18,77009835,77009975
Oligodend,chr3,139371528,139371734
Oligodend,chr7,79426024,79426359
Oligodend,chr6,3441752,3442245
Oligodend,chr7,66580874,66581028
Oligodend,chr11,6400402,6400796
Oligodend,chr14,52191220,52191284
Oligodend,chr12,124474200,124474616
Oligodend,chr11,111771346,111771482
Oligodend,chrX,69096926,69097114
Oligodend,chr1,229482423,229482762
Oligodend,chr15,22806173,22806248
Oligodend,chr16,50796443,50796599
Oligodend,chr18,77005958,77006471
Oligodend,chr7,3910411,3910647
Oligodend,chr13,52170045,52170342
Oligodend,chr6,20096629,20097099
Oligodend,chr4,73139453,73140072
Oligodend,chr10,30781641,30781821
Oligodend,chr8,139834306,139834782
Oligodend,chr9,114347778,114347980
Oligodend,chr17,82854767,82854974
Oligodend,chr1,25654924,25655178
Oligodend,chr1,25254385,25254539
Oligodend,chr7,2107901,2108341
Oligodend,chr13,100636465,100636973
Oligodend,chr2,112491788,112492274
Oligodend,chr17,9247434,9247756
Oligodend,chr18,76998257,76998420
Oligodend,chr18,76979335,76979571
Oligodend,chr2,110650292,110650791
Oligodend,chr3,44050017,44050138
Oligodend,chr8,29181951,29182343
Oligodend,chr14,33788113,33788503
Oligodend,chr2,100564650,100564875
Oligodend,chr1,32328177,32328482
Oligodend,chr18,47087812,47088154
Oligodend,chr12,120514006,120514368
Oligodend,chr5,157455990,157456317
Oligodend,chr6,166297509,166298075
Oligodend,chr1,67005252,67005565
Oligodend,chr10,62388428,62388589
Oligodend,chr13,25192713,25193075
Oligodend,chr13,40574266,40574491
Oligodend,chr7,44831254,44831666
Oligodend,chr7,47812999,47813108
Oligodend,chr19,12660883,12661264
Oligodend,chr8,140471466,140471580
Oligodend,chr1,211664365,211664694
Oligodend,chr14,66822878,66823796
Oligodend,chr18,77012114,77012478
Oligodend,chr3,85577231,85577437
Oligodend,chr18,70138884,70139647
Oligodend,chr19,1389424,1389997
Oligodend,chr21,32678647,32678924
Oligodend,chr7,51154020,51154579
Oligodend,chr4,184786609,184786797
Oligodend,chr16,74747578,74748207
Oligodend,chr11,64051355,64051677
Oligodend,chr7,911836,912349
Oligodend,chr10,3406767,3406978
Oligodend,chr17,41974306,41975295
Oligodend,chr2,101408433,101408478
Oligodend,chr17,15442358,15443357
Oligodend,chr3,62195354,62195496
Oligodend,chr16,74748228,74748388
Oligodend,chr12,110049910,110050103
Oligodend,chr7,45682902,45683147
Oligodend,chr18,76991436,76992014
Oligodend,chr12,111492606,111492921
Oligodend,chr20,37997423,37998023
Oligodend,chr19,40827442,40827582
Oligodend,chr6,163099821,163100046
Oligodend,chr10,72152414,72152626
Oligodend,chr15,101480232,101480829
Oligodend,chr2,240340306,240340573
Oligodend,chr4,123298319,123298437
Oligodend,chr18,77009132,77009525
Oligodend,chr10,22577873,22578493
Oligodend,chr15,66296817,66296961
Oligodend,chr2,6915340,6915897
Oligodend,chr18,74534117,74534551
Oligodend,chr17,31164503,31164682
Oligodend,chr18,76997480,76998219
Oligodend,chr10,99422755,99423149
Oligodend,chr2,32809192,32809574
Oligodend,chr4,4428957,4429459
Oligodend,chr4,54260975,54261321
Oligodend,chr17,41971421,41971800
Oligodend,chr12,108523510,108524154
Oligodend,chr3,171159730,171159930
Oligodend,chr10,69243197,69243322
Oligodend,chr11,34178577,34178663
Oligodend,chr19,7852443,7852664
Oligodend,chr16,19872988,19873292
Oligodend,chr6,110674876,110675267
Oligodend,chr22,19632548,19632606
Oligodend,chr7,156578239,156578648
Oligodend,chr18,77037985,77038167
Oligodend,chr22,38083233,38083480
Oligodend,chr7,2108809,2109250
Oligodend,chr18,13635909,13636385
Oligodend,chr11,604874,605238
Oligodend,chr13,67156488,67156905
Oligodend,chr7,61652,61846
Oligodend,chr6,135026731,135027454
Oligodend,chr11,131599326,131599449
Oligodend,chr5,21482164,21482310
Oligodend,chr12,124989709,124990041
Oligodend,chr18,9234107,9234479
Oligodend,chr4,128668852,128669216
Oligodend,chr9,132087528,132087628
Oligodend,chr10,112774951,112775292
Oligodend,chr6,168862714,168862831
Oligodend,chr7,598957,599375
Oligodend,chr17,41970438,41971155
Oligodend,chr13,108926166,108926296
Oligodend,chr14,32090694,32091282
Oligodend,chr9,98007535,98007693
Oligodend,chr3,54918878,54919243
Oligodend,chr15,44776320,44776396
Oligodend,chr8,41616872,41617343
Oligodend,chr18,79353101,79353387
Oligodend,chr3,183799901,183800128
Oligodend,chr6,163434327,163434647
Oligodend,chr18,76989571,76989872
Oligodend,chrX,15331318,15331576
Oligodend,chr18,5969628,5969851
Oligodend,chr7,44767333,44767524
Oligodend,chr11,2804381,2804496
Oligodend,chr7,102255418,102256060
Oligodend,chr20,48737469,48737880
Oligodend,chr6,144014478,144014734
Oligodend,chr13,112750567,112751064
Oligodend,chr15,101669921,101670966
Oligodend,chr11,68068969,68069137
Oligodend,chr14,103038227,103038652
Oligodend,chr18,76998636,76998754
Oligodend,chr5,38678602,38679059
Oligodend,chr19,46676379,46676729
Oligodend,chr6,150733598,150733766
Oligodend,chr14,74682473,74682865
Oligodend,chr1,234125950,234126216
Oligodend,chr7,156578826,156578974
Oligodend,chr9,137220887,137221079
Oligodend,chr10,22671510,22672197
Oligodend,chr11,61994733,61994852
Oligodend,chr16,4470925,4471270
Oligodend,chr4,158855211,158855402
Oligodend,chr15,38818456,38818859
Oligodend,chr16,81018140,81018870
Oligodend,chr4,1382377,1382636
Oligodend,chr17,14240973,14241163
Oligodend,chr18,76998947,76999358
Oligodend,chr2,159230550,159230987
Oligodend,chr8,139792089,139792545
Oligodend,chr12,132783101,132783481
Oligodend,chr2,71546795,71546908
Oligodend,chr22,48569063,48569245
Oligodend,chr13,26992137,26992366
Oligodend,chr7,98924983,98925235
Oligodend,chr17,78692368,78693002
Oligodend,chr17,3817545,3818644
Oligodend,chr18,77051727,77052329
Oligodend,chr15,42677212,42677366
Oligodend,chr2,241222148,241222468
Oligodend,chr1,36192806,36193104
Oligodend,chr3,194389135,194389484
Oligodend,chr17,32865019,32865337
Oligodend,chr20,38379369,38379695
Oligodend,chr16,75298192,75298659
Oligodend,chr3,58627118,58627229
Oligodend,chr1,54118406,54118672
Oligodend,chr20,37873904,37874351
Oligodend,chr21,44224851,44225225
Oligodend,chr12,122897599,122897694
Oligodend,chr16,2972293,2972583
Oligodend,chr17,19305680,19306079
Oligodend,chr8,125036927,125038241
Oligodend,chr17,1220830,1220905
Oligodend,chr16,69716971,69717476
Oligodend,chr19,7851858,7852331
Oligodend,chr18,77001159,77001622
Oligodend,chr2,159349842,159350081
Oligodend,chr18,76885657,76886407
Oligodend,chr3,126534643,126535453
Oligodend,chr11,62470520,62470707
Oligodend,chr20,34524762,34524885
Oligodend,chr11,110323824,110324743
Oligodend,chr7,95405100,95405526
Oligodend,chr20,54094525,54094653
Oligodend,chr2,54959170,54959500
Oligodend,chr1,10113352,10113894
Oligodend,chr20,44615937,44616237
Oligodend,chr9,127948758,127949737
Oligodend,chr12,120845104,120845453
Oligodend,chr22,45184010,45184285
Oligodend,chr7,26222023,26222391
Oligodend,chr17,64485807,64486553
Oligodend,chr18,79377458,79377866
Oligodend,chr22,32508495,32509211
Oligodend,chr2,3495107,3495423
Oligodend,chr11,3826092,3827589
Oligodend,chr14,102415223,102415951
Oligodend,chr1,3834652,3835070
Oligodend,chr10,132736473,132736657
Oligodend,chr9,37336960,37337106
Oligodend,chr2,36898992,36899975
Oligodend,chr6,151813346,151814061
Oligodend,chr4,19455824,19456110
Oligodend,chr20,23446502,23446590
Oligodend,chr18,3580865,3581957
Oligodend,chr1,232949386,232949699
Oligodend,chr11,63664416,63664769
Ovary-Ep,chr6,166958793,166958873
Ovary-Ep,chr6,151812667,151813069
Ovary-Ep,chr6,151815086,151815452
Ovary-Ep,chr12,53504722,53504854
Ovary-Ep,chr6,151811671,151812053
Ovary-Ep,chr18,3580267,3580826
Ovary-Ep,chr2,11512842,11513125
Ovary-Ep,chr6,30406635,30407031
Ovary-Ep,chr11,61496597,61496785
Ovary-Ep,chr10,59793581,59793716
Ovary-Ep,chr16,89703777,89703863
Ovary-Ep,chr1,88272313,88272414
Ovary-Ep,chr11,67796785,67796908
Ovary-Ep,chr17,68022476,68022850
Ovary-Ep,chr17,43329973,43330106
Ovary-Ep,chr4,182351326,182351390
Ovary-Ep,chr2,238564387,238564443
Ovary-Ep,chr22,46831619,46831849
Ovary-Ep,chr16,55384638,55384752
Ovary-Ep,chr8,8236864,8237192
Ovary-Ep,chr6,32559811,32559980
Ovary-Ep,chr7,42197672,42197846
Ovary-Ep,chr1,90854363,90854947
Ovary-Ep,chr15,30490981,30491624
Ovary-Ep,chr10,43323816,43323984
Ovary-Ep,chr2,44582064,44582896
Ovary-Ep,chr1,168224931,168225287
Ovary-Ep,chr7,133910691,133911000
Ovary-Ep,chr10,129849113,129849280
Ovary-Ep,chr18,3582030,3582729
Ovary-Ep,chr7,54833409,54833522
Ovary-Ep,chr13,105945024,105945125
Ovary-Ep,chr11,71795925,71796055
Ovary-Ep,chr1,14867561,14867606
Ovary-Ep,chr4,4759145,4759326
Ovary-Ep,chr15,32516082,32516731
Ovary-Ep,chr14,95072122,95072231
Ovary-Ep,chr7,149204449,149204626
Ovary-Ep,chr10,128853772,128854022
Ovary-Ep,chr18,74013023,74013114
Ovary-Ep,chr1,206062944,206063673
Ovary-Ep,chr6,151680495,151680970
Ovary-Ep,chr2,234006170,234006571
Ovary-Ep,chr5,172944223,172944422
Ovary-Ep,chr3,31942231,31942514
Ovary-Ep,chr4,94540161,94540279
Ovary-Ep,chr10,129849331,129849590
Ovary-Ep,chr16,84782577,84782749
Ovary-Ep,chr15,75547457,75547751
Ovary-Ep,chr4,3946851,3947176
Ovary-Ep,chr2,34753190,34753240
Ovary-Ep,chr6,37569787,37569931
Ovary-Ep,chr21,45836612,45836703
Ovary-Ep,chr19,10204294,10204580
Ovary-Ep,chr13,114046858,114047181
Ovary-Ep,chr16,89703560,89703701
Ovary-Ep,chr9,79474562,79474685
Ovary-Ep,chr12,93841796,93841992
Ovary-Ep,chr12,132163824,132163949
Ovary-Ep,chr16,753569,753729
Ovary-Ep,chr2,195622920,195623405
Ovary-Ep,chr4,99842874,99842953
Ovary-Ep,chr7,127834480,127835427
Ovary-Ep,chr15,37724967,37725143
Ovary-Ep,chr22,45882543,45882763
Ovary-Ep,chr1,206057223,206058356
Ovary-Ep,chr6,125267913,125268212
Ovary-Ep,chr8,4403066,4403249
Ovary-Ep,chr2,187507082,187507411
Ovary-Ep,chr15,22530609,22531590
Ovary-Ep,chr14,104814034,104814208
Ovary-Ep,chr4,9699065,9699456
Ovary-Ep,chr17,66812086,66812185
Ovary-Ep,chr19,13581634,13581699
Ovary-Ep,chr17,29972250,29972587
Ovary-Ep,chr6,45675894,45676037
Ovary-Ep,chr9,129286237,129286309
Ovary-Ep,chr3,72953074,72953542
Ovary-Ep,chr5,172000289,172000620
Ovary-Ep,chr19,15831087,15831349
Ovary-Ep,chr17,29081327,29081654
Ovary-Ep,chr20,9052340,9052646
Ovary-Ep,chr21,36380629,36380675
Ovary-Ep,chr2,229640635,229640885
Ovary-Ep,chr6,39178364,39178642
Ovary-Ep,chr1,3266258,3266422
Ovary-Ep,chr17,82390752,82390929
Ovary-Ep,chr5,36691,37314
Ovary-Ep,chr9,68577528,68577835
Ovary-Ep,chr10,132982401,132982558
Ovary-Ep,chr8,124965711,124965880
Ovary-Ep,chr6,37142733,37142938
Ovary-Ep,chr3,129885001,129885540
Ovary-Ep,chr6,34464439,34464611
Ovary-Ep,chr16,56484928,56485593
Ovary-Ep,chr19,56247509,56247817
Ovary-Ep,chr2,115543600,115543912
Ovary-Ep,chr6,23493106,23493524
Ovary-Ep,chr13,24892743,24893053
Ovary-Ep,chr3,191943531,191943793
Ovary-Ep,chr5,176661356,176661388
Ovary-Ep,chr11,36479922,36480082
Ovary-Ep,chr16,1144503,1144648
Ovary-Ep,chr22,31145279,31145352
Ovary-Ep,chr7,26136423,26136614
Ovary-Ep,chr8,141772969,141773049
Ovary-Ep,chrX,44064127,44064413
Ovary-Ep,chr16,49530094,49530386
Ovary-Ep,chr1,16119564,16119781
Ovary-Ep,chr16,83880565,83880875
Ovary-Ep,chr6,106553669,106553977
Ovary-Ep,chr10,2981390,2981573
Ovary-Ep,chr5,116488167,116488961
Ovary-Ep,chr1,214017643,214017766
Ovary-Ep,chr14,77868978,77869933
Ovary-Ep,chr4,4474086,4474810
Ovary-Ep,chr11,109838934,109839098
Ovary-Ep,chr16,84226710,84226901
Ovary-Ep,chr4,182075229,182075420
Ovary-Ep,chr1,98264788,98265612
Ovary-Ep,chr20,47345568,47345839
Ovary-Ep,chr5,154073596,154073855
Ovary-Ep,chr10,86036818,86037152
Ovary-Ep,chr3,14243213,14243491
Ovary-Ep,chr10,97733184,97733612
Ovary-Ep,chr16,89048752,89048890
Ovary-Ep,chr9,135219479,135219545
Ovary-Ep,chr2,61513515,61513605
Ovary-Ep,chr2,31285055,31285375
Ovary-Ep,chr11,3414008,3414266
Ovary-Ep,chr22,33315190,33315439
Ovary-Ep,chr8,28326172,28326491
Ovary-Ep,chr9,83622208,83622354
Ovary-Ep,chr4,164996691,164996775
Ovary-Ep,chr13,21818607,21819273
Ovary-Ep,chr3,14529139,14529274
Ovary-Ep,chr4,182351548,182351688
Ovary-Ep,chr6,111555825,111556090
Ovary-Ep,chr3,50575148,50575410
Ovary-Ep,chr6,150754897,150755133
Ovary-Ep,chr10,45204581,45204853
Ovary-Ep,chr18,79748740,79748964
Ovary-Ep,chr18,34853151,34853870
Ovary-Ep,chr22,28759556,28759742
Ovary-Ep,chr1,222786772,222787103
Ovary-Ep,chr7,6935331,6935527
Ovary-Ep,chr22,45507779,45507972
Ovary-Ep,chr2,2670417,2670749
Ovary-Ep,chr3,125925031,125925136
Ovary-Ep,chr9,87471390,87471644
Ovary-Ep,chr18,3363760,3363958
Ovary-Ep,chr3,14462902,14463200
Ovary-Ep,chr1,18590103,18590184
Ovary-Ep,chr14,93476153,93476309
Ovary-Ep,chr4,8214407,8214625
Ovary-Ep,chr6,158858582,158858728
Ovary-Ep,chr14,100313767,100313847
Ovary-Ep,chr14,104388736,104388826
Ovary-Ep,chr18,78622287,78622475
Ovary-Ep,chr7,2338354,2338930
Ovary-Ep,chr10,113213192,113213635
Ovary-Ep,chr16,88529684,88529921
Ovary-Ep,chr16,83725363,83725576
Ovary-Ep,chr18,858809,858921
Ovary-Ep,chr8,41697857,41697961
Ovary-Ep,chr19,454947,455129
Ovary-Ep,chr4,944817,945060
Ovary-Ep,chr8,81501550,81501757
Ovary-Ep,chr11,40391471,40391912
Ovary-Ep,chr4,180727169,180727482
Ovary-Ep,chr5,109878910,109879386
Ovary-Ep,chr17,17589572,17589876
Ovary-Ep,chr2,37745740,37746872
Ovary-Ep,chr5,80036737,80036928
Ovary-Ep,chr20,53546733,53547206
Ovary-Ep,chr9,94210091,94210683
Ovary-Ep,chr2,204561876,204562312
Ovary-Ep,chr21,36380820,36381400
Ovary-Ep,chr10,123304210,123304656
Ovary-Ep,chr4,30790030,30791151
Ovary-Ep,chr9,112868693,112868925
Ovary-Ep,chr3,180380814,180381392
Ovary-Ep,chr3,13641784,13641883
Ovary-Ep,chr11,113067396,113067805
Ovary-Ep,chr10,12299141,12299296
Ovary-Ep,chr22,49621683,49621767
Ovary-Ep,chr6,13880702,13880976
Ovary-Ep,chr20,58817928,58818223
Ovary-Ep,chr12,96698662,96698907
Ovary-Ep,chr15,99880135,99880786
Ovary-Ep,chr2,68786864,68787201
Ovary-Ep,chr7,140017898,140018093
Ovary-Ep,chr11,110480148,110480619
Ovary-Ep,chr12,132314770,132314894
Ovary-Ep,chr19,1334185,1334263
Ovary-Ep,chr11,126565476,126565554
Ovary-Ep,chr10,130008524,130008670
Ovary-Ep,chr14,99194781,99194838
Ovary-Ep,chr19,3942121,3942276
Ovary-Ep,chr22,41712869,41713105
Ovary-Ep,chr18,63475039,63475718
Ovary-Ep,chr20,38838867,38839031
Ovary-Ep,chr16,1144664,1144840
Ovary-Ep,chr7,157090028,157090366
Ovary-Ep,chr16,87682924,87683054
Ovary-Ep,chr1,147668164,147668948
Ovary-Ep,chr8,143757260,143757400
Ovary-Ep,chr10,132797067,132797358
Ovary-Ep,chr6,31182271,31183144
Ovary-Ep,chr18,47994054,47994560
Ovary-Ep,chr9,125983634,125983844
Ovary-Ep,chr10,50182424,50183402
Ovary-Ep,chr10,48586710,48587009
Ovary-Ep,chrX,33125987,33126289
Ovary-Ep,chr10,28282593,28282805
Ovary-Ep,chr16,57028675,57029343
Ovary-Ep,chr2,97109703,97110015
Ovary-Ep,chr5,179501922,179502073
Ovary-Ep,chr8,10479501,10479846
Ovary-Ep,chr15,22706092,22706679
Ovary-Ep,chr9,127718150,127718384
Ovary-Ep,chr11,73240926,73241862
Ovary-Ep,chr9,27490797,27491119
Ovary-Ep,chr10,118844398,118844537
Ovary-Ep,chr19,1340544,1340645
Ovary-Ep,chr17,41885934,41886200
Ovary-Ep,chr2,135040399,135040714
Ovary-Ep,chr16,88848854,88849008
Ovary-Ep,chr20,43347456,43347852
Ovary-Ep,chr6,168676826,168677176
Ovary-Ep,chr18,78674443,78674499
Ovary-Ep,chr1,5814764,5814971
Ovary-Ep,chr7,73910030,73910314
Ovary-Ep,chr20,1773277,1773449
Ovary-Ep,chr9,126789381,126789457
Ovary-Ep,chr13,34250149,34250895
Ovary-Ep,chr11,70202415,70202640
Ovary-Ep,chr1,54134341,54134625
Ovary-Ep,chr22,45094922,45095156
Ovary-Ep,chr3,69985622,69986403
Ovary-Ep,chr2,242036722,242036795
Ovary-Ep,chr7,151682643,151682898
Ovary-Ep,chr22,49621900,49622102
Ovary-Ep,chr22,26562850,26562927
Ovary-Ep,chr13,100532570,100532737
Ovary-Ep,chr4,86990394,86990968
Ovary-Ep,chr7,130381678,130381840
Ovary-Ep,chr9,87668607,87668827
Ovary-Ep,chr7,130381884,130383124
Ovary-Ep,chr7,98215298,98215510
Pancreas-Acinar,chr8,48756105,48756295
Pancreas-Acinar,chr1,22004928,22005125
Pancreas-Acinar,chr5,177269394,177269756
Pancreas-Acinar,chr14,81531387,81531836
Pancreas-Acinar,chr12,120455415,120455755
Pancreas-Acinar,chr2,181899009,181899874
Pancreas-Acinar,chr1,15439286,15440165
Pancreas-Acinar,chr11,117312680,117312796
Pancreas-Acinar,chr10,113852330,113852771
Pancreas-Acinar,chr20,45310171,45310585
Pancreas-Acinar,chr7,98212279,98212911
Pancreas-Acinar,chr9,133065241,133066666
Pancreas-Acinar,chr1,22003543,22003866
Pancreas-Acinar,chr12,3032338,3032416
Pancreas-Acinar,chr16,69815065,69815283
Pancreas-Acinar,chr17,82437605,82437845
Pancreas-Acinar,chr7,130271140,130271496
Pancreas-Acinar,chr14,81469263,81470028
Pancreas-Acinar,chr14,81524599,81525360
Pancreas-Acinar,chr17,82437309,82437575
Pancreas-Acinar,chr4,3179659,3180729
Pancreas-Acinar,chr1,24140785,24141436
Pancreas-Acinar,chr16,56921945,56922230
Pancreas-Acinar,chr15,41919093,41919388
Pancreas-Acinar,chr3,148838044,148838475
Pancreas-Acinar,chr1,15440533,15441018
Pancreas-Acinar,chr11,117313497,117313658
Pancreas-Acinar,chr4,3178045,3178505
Pancreas-Acinar,chr16,67929822,67930446
Pancreas-Acinar,chr2,181909357,181909642
Pancreas-Acinar,chr20,45309544,45309779
Pancreas-Acinar,chr1,15450476,15451152
Pancreas-Acinar,chr2,240691958,240692082
Pancreas-Acinar,chr8,38033777,38034042
Pancreas-Acinar,chr19,39200373,39200418
Pancreas-Acinar,chr4,185684725,185684842
Pancreas-Acinar,chr11,117289782,117290920
Pancreas-Acinar,chr10,116625182,116625407
Pancreas-Acinar,chr7,130383719,130384332
Pancreas-Acinar,chr16,67930493,67931438
Pancreas-Acinar,chr2,208353640,208354580
Pancreas-Acinar,chr15,76126514,76126690
Pancreas-Acinar,chr12,8218285,8218453
Pancreas-Acinar,chr2,208352381,208353045
Pancreas-Acinar,chr9,133066741,133067669
Pancreas-Acinar,chr9,133064877,133065225
Pancreas-Acinar,chr9,133071765,133073005
Pancreas-Acinar,chr9,133769690,133770417
Pancreas-Acinar,chr16,25217530,25218171
Pancreas-Acinar,chr1,21980871,21981034
Pancreas-Acinar,chr7,130383398,130383655
Pancreas-Acinar,chr1,21980308,21980511
Pancreas-Acinar,chr17,802416,803047
Pancreas-Acinar,chr7,98228999,98229279
Pancreas-Acinar,chr1,21981068,21981154
Pancreas-Acinar,chr6,170268720,170269096
Pancreas-Acinar,chr17,63709825,63710328
Pancreas-Acinar,chr10,116547310,116547826
Pancreas-Acinar,chr15,45370856,45371999
Pancreas-Acinar,chr9,137457284,137457456
Pancreas-Acinar,chr16,580414,580879
Pancreas-Acinar,chr1,42040116,42040465
Pancreas-Acinar,chr10,116551901,116553199
Pancreas-Acinar,chr1,230058252,230058611
Pancreas-Acinar,chr10,122830107,122830725
Pancreas-Acinar,chr11,65381275,65381517
Pancreas-Acinar,chr11,119058283,119058343
Pancreas-Acinar,chr1,15456872,15457483
Pancreas-Acinar,chr1,24140064,24140744
Pancreas-Acinar,chr16,75229437,75229841
Pancreas-Acinar,chr1,15458781,15459444
Pancreas-Acinar,chr6,35795015,35795789
Pancreas-Acinar,chr9,133088331,133088969
Pancreas-Acinar,chr16,25217338,25217431
Pancreas-Acinar,chr17,874498,875181
Pancreas-Acinar,chr10,116660068,116660332
Pancreas-Acinar,chr1,15495092,15495639
Pancreas-Acinar,chr12,14936718,14937212
Pancreas-Acinar,chr18,79688085,79688179
Pancreas-Acinar,chr17,78182523,78182928
Pancreas-Acinar,chr9,133073456,133073634
Pancreas-Acinar,chr1,22000187,22000286
Pancreas-Acinar,chr6,35798244,35798562
Pancreas-Acinar,chr1,21977946,21979002
Pancreas-Acinar,chr9,129094852,129095218
Pancreas-Acinar,chr12,8218999,8219137
Pancreas-Acinar,chr7,130386307,130387152
Pancreas-Acinar,chr7,2375812,2376033
Pancreas-Acinar,chr18,6957038,6957457
Pancreas-Acinar,chr11,65380449,65380503
Pancreas-Acinar,chr7,130384699,130385489
Pancreas-Acinar,chr7,98214542,98215264
Pancreas-Acinar,chr15,98605228,98605399
Pancreas-Acinar,chr10,116658819,116659060
Pancreas-Acinar,chr11,868452,868669
Pancreas-Acinar,chr17,73393515,73393727
Pancreas-Acinar,chr1,15476418,15477397
Pancreas-Acinar,chr19,39202225,39202296
Pancreas-Acinar,chr10,132410772,132411010
Pancreas-Acinar,chr16,4713798,4714172
Pancreas-Acinar,chr10,116632595,116632632
Pancreas-Acinar,chr16,25170534,25171346
Pancreas-Acinar,chr9,35295718,35295921
Pancreas-Acinar,chr7,98212971,98213108
Pancreas-Acinar,chr17,73024382,73025045
Pancreas-Acinar,chr20,45320223,45320519
Pancreas-Acinar,chr13,112641527,112641696
Pancreas-Acinar,chr1,22002883,22003151
Pancreas-Acinar,chr1,5922681,5922862
Pancreas-Acinar,chr1,21979165,21980246
Pancreas-Acinar,chr7,130380888,130381675
Pancreas-Acinar,chr18,9628776,9629285
Pancreas-Acinar,chr7,51020210,51020425
Pancreas-Acinar,chr3,197681242,197681942
Pancreas-Acinar,chr6,134219301,134219532
Pancreas-Acinar,chr14,81522186,81523482
Pancreas-Acinar,chr17,3905522,3905619
Pancreas-Acinar,chr10,31725549,31725844
Pancreas-Acinar,chr1,22005494,22005586
Pancreas-Acinar,chr1,230154749,230155207
Pancreas-Acinar,chr11,117297928,117298963
Pancreas-Acinar,chr16,20324016,20324229
Pancreas-Acinar,chr2,241905229,241905643
Pancreas-Acinar,chr1,22000406,22001321
Pancreas-Acinar,chr19,49556662,49557036
Pancreas-Acinar,chr3,64022249,64022422
Pancreas-Acinar,chr12,120326405,120326746
Pancreas-Acinar,chr1,1664496,1664838
Pancreas-Acinar,chr9,133068481,133068922
Pancreas-Acinar,chr9,99223614,99224480
Pancreas-Acinar,chr19,6026423,6026780
Pancreas-Acinar,chr2,240327023,240327170
Pancreas-Acinar,chr11,68041407,68042003
Pancreas-Acinar,chr22,44275288,44275417
Pancreas-Acinar,chr12,120304044,120304213
Pancreas-Acinar,chr1,103573765,103574834
Pancreas-Acinar,chr16,580925,581744
Pancreas-Acinar,chr7,100722792,100723060
Pancreas-Acinar,chr7,129861629,129861760
Pancreas-Acinar,chr10,15231070,15231529
Pancreas-Acinar,chr2,96602170,96602393
Pancreas-Acinar,chr6,157201617,157201807
Pancreas-Acinar,chr10,116633042,116634299
Pancreas-Acinar,chr12,120324029,120324388
Pancreas-Acinar,chr1,15472928,15473637
Pancreas-Acinar,chr11,76365250,76365671
Pancreas-Acinar,chr9,131323861,131324288
Pancreas-Acinar,chr9,132243243,132243505
Pancreas-Acinar,chr17,43142193,43142563
Pancreas-Acinar,chr2,240682696,240682742
Pancreas-Acinar,chr10,116631800,116631980
Pancreas-Acinar,chr2,240692655,240692768
Pancreas-Acinar,chr9,137520690,137520802
Pancreas-Acinar,chr7,151112536,151112891
Pancreas-Acinar,chr10,116623353,116623895
Pancreas-Acinar,chr22,21686804,21687280
Pancreas-Acinar,chr17,81857025,81857309
Pancreas-Acinar,chr16,75228938,75229400
Pancreas-Acinar,chr19,7470655,7470914
Pancreas-Acinar,chr2,240698740,240698857
Pancreas-Acinar,chr19,51086030,51086384
Pancreas-Acinar,chr19,39200565,39200941
Pancreas-Acinar,chr9,136339889,136340310
Pancreas-Acinar,chr22,37809567,37810751
Pancreas-Acinar,chr10,44352913,44353304
Pancreas-Acinar,chr9,133051401,133052377
Pancreas-Acinar,chr17,3689515,3689548
Pancreas-Acinar,chr2,45917166,45917574
Pancreas-Acinar,chr15,90067169,90067471
Pancreas-Acinar,chr20,45320642,45321093
Pancreas-Acinar,chr16,85317575,85317834
Pancreas-Acinar,chr22,37926385,37926576
Pancreas-Acinar,chr11,119061146,119062231
Pancreas-Acinar,chr16,25218448,25218828
Pancreas-Acinar,chr20,43588470,43589220
Pancreas-Acinar,chr1,77956385,77957036
Pancreas-Acinar,chr16,580101,580351
Pancreas-Acinar,chr3,172072137,172072548
Pancreas-Acinar,chr10,118667039,118667103
Pancreas-Acinar,chr11,76384511,76385676
Pancreas-Acinar,chr16,56948180,56948853
Pancreas-Acinar,chr11,57493818,57494049
Pancreas-Acinar,chr16,19615375,19615695
Pancreas-Acinar,chr3,64019317,64020197
Pancreas-Acinar,chr2,240693401,240693749
Pancreas-Acinar,chr8,729208,729398
Pancreas-Acinar,chr13,51336917,51336970
Pancreas-Acinar,chr10,110878930,110879645
Pancreas-Acinar,chr4,107680919,107682232
Pancreas-Acinar,chr11,77572821,77573195
Pancreas-Acinar,chr6,35794038,35794279
Pancreas-Acinar,chr3,148855102,148855664
Pancreas-Acinar,chr9,122943679,122943948
Pancreas-Acinar,chr2,86054962,86055359
Pancreas-Acinar,chr6,157199433,157200314
Pancreas-Acinar,chr12,24881762,24882821
Pancreas-Acinar,chr12,126192059,126192375
Pancreas-Acinar,chr1,117623360,117624241
Pancreas-Acinar,chr12,120454459,120454566
Pancreas-Acinar,chr11,822855,823614
Pancreas-Acinar,chr20,32317000,32317400
Pancreas-Acinar,chr8,104348198,104348307
Pancreas-Acinar,chr10,51376737,51377553
Pancreas-Acinar,chr12,132049391,132050155
Pancreas-Acinar,chr17,783556,784122
Pancreas-Acinar,chr9,133070899,133071201
Pancreas-Acinar,chr12,14935820,14936383
Pancreas-Acinar,chr19,4936021,4936323
Pancreas-Acinar,chr10,67896411,67896527
Pancreas-Acinar,chr14,34805942,34806504
Pancreas-Acinar,chr19,10839517,10839874
Pancreas-Acinar,chr19,19465351,19465748
Pancreas-Acinar,chr3,148850136,148850504
Pancreas-Acinar,chr14,100540519,100540807
Pancreas-Acinar,chr22,42879968,42880295
Pancreas-Acinar,chr16,28903425,28903876
Pancreas-Acinar,chr7,7564772,7565714
Pancreas-Acinar,chr4,3157246,3157690
Pancreas-Acinar,chr10,79046272,79046655
Pancreas-Acinar,chr3,63946276,63947449
Pancreas-Acinar,chr5,177593075,177593543
Pancreas-Acinar,chr20,48985364,48985736
Pancreas-Acinar,chr6,7310633,7310906
Pancreas-Acinar,chr12,120455778,120456123
Pancreas-Acinar,chr1,230300056,230300860
Pancreas-Acinar,chr13,51772137,51772399
Pancreas-Acinar,chr16,87097094,87097269
Pancreas-Acinar,chr14,30624234,30624780
Pancreas-Acinar,chr1,28519862,28520281
Pancreas-Acinar,chr3,148858294,148858554
Pancreas-Acinar,chr15,90067524,90068073
Pancreas-Acinar,chr3,184297950,184298318
Pancreas-Acinar,chr17,73268424,73268669
Pancreas-Acinar,chr6,150840110,150840690
Pancreas-Acinar,chr16,87978593,87978905
Pancreas-Acinar,chr17,29107058,29107773
Pancreas-Acinar,chr12,121218981,121219793
Pancreas-Acinar,chr3,196660404,196660484
Pancreas-Acinar,chr16,71647780,71648766
Pancreas-Acinar,chr15,90228513,90228733
Pancreas-Acinar,chr17,783397,783461
Pancreas-Acinar,chr21,42913324,42913527
Pancreas-Acinar,chr11,5683472,5683633
Pancreas-Acinar,chr22,40873485,40873557
Pancreas-Acinar,chr12,122574361,122574616
Pancreas-Acinar,chr9,134029630,134029818
Pancreas-Acinar,chr8,19412533,19412619
Pancreas-Acinar,chr4,146563690,146564267
Pancreas-Acinar,chr6,169773330,169773756
Pancreas-Acinar,chr22,27941855,27942371
Pancreas-Alpha,chr17,67152112,67152466
Pancreas-Alpha,chr16,15616451,15616814
Pancreas-Alpha,chr19,38122823,38123113
Pancreas-Alpha,chr4,1971927,1972287
Pancreas-Alpha,chr9,33998277,33998846
Pancreas-Alpha,chr13,36367714,36367928
Pancreas-Alpha,chr6,25115358,25115665
Pancreas-Alpha,chr12,58507081,58507727
Pancreas-Alpha,chr4,3303867,3304192
Pancreas-Alpha,chr18,5398261,5399023
Pancreas-Alpha,chr9,109167825,109168144
Pancreas-Alpha,chr10,125531098,125531113
Pancreas-Alpha,chr9,120005335,120005664
Pancreas-Alpha,chr11,8237386,8237627
Pancreas-Alpha,chr3,24165043,24165310
Pancreas-Alpha,chr16,84519517,84519578
Pancreas-Alpha,chr22,44926779,44926856
Pancreas-Alpha,chr2,235679938,235680003
Pancreas-Alpha,chr3,71636622,71636745
Pancreas-Alpha,chr10,105514174,105514207
Pancreas-Alpha,chr3,117144044,117144204
Pancreas-Alpha,chr1,215642649,215643113
Pancreas-Alpha,chr3,32339855,32339942
Pancreas-Alpha,chr7,34213225,34213566
Pancreas-Alpha,chr10,61081928,61082069
Pancreas-Alpha,chr2,162150909,162152313
Pancreas-Alpha,chr18,5399142,5399590
Pancreas-Alpha,chr21,36207899,36208101
Pancreas-Alpha,chr4,70904012,70905125
Pancreas-Alpha,chr2,222232057,222232212
Pancreas-Alpha,chr14,93024116,93024213
Pancreas-Alpha,chr10,975269,975411
Pancreas-Alpha,chr7,40001075,40001321
Pancreas-Alpha,chr13,59861501,59861758
Pancreas-Alpha,chr22,42168660,42168862
Pancreas-Alpha,chr3,194437082,194437366
Pancreas-Alpha,chr6,169775847,169776066
Pancreas-Alpha,chr11,68103682,68103862
Pancreas-Alpha,chr20,24589992,24590101
Pancreas-Alpha,chr20,19256506,19256666
Pancreas-Alpha,chr7,3925311,3925577
Pancreas-Alpha,chr5,58014419,58014883
Pancreas-Alpha,chr2,162150108,162150586
Pancreas-Alpha,chr19,38204490,38204821
Pancreas-Alpha,chr14,54919785,54920028
Pancreas-Alpha,chr4,140143858,140144090
Pancreas-Alpha,chr18,45175679,45176107
Pancreas-Alpha,chr3,170341435,170341692
Pancreas-Alpha,chr17,81248627,81249022
Pancreas-Alpha,chr14,93188718,93189111
Pancreas-Alpha,chr3,194375117,194375241
Pancreas-Alpha,chr12,116323726,116323927
Pancreas-Alpha,chr4,127990966,127991413
Pancreas-Alpha,chr7,138958032,138958120
Pancreas-Alpha,chr1,39486643,39486867
Pancreas-Alpha,chr19,52546484,52546730
Pancreas-Alpha,chr19,38113831,38114211
Pancreas-Alpha,chr12,98057730,98058300
Pancreas-Alpha,chr6,157486006,157486370
Pancreas-Alpha,chr1,246665420,246665795
Pancreas-Alpha,chr13,66982168,66982224
Pancreas-Alpha,chr8,2945952,2946323
Pancreas-Alpha,chr6,33704439,33704609
Pancreas-Alpha,chr11,33645169,33645483
Pancreas-Alpha,chr7,41488546,41488774
Pancreas-Alpha,chr3,50131422,50131636
Pancreas-Alpha,chr6,153120593,153120886
Pancreas-Alpha,chr16,12265411,12265579
Pancreas-Alpha,chr12,107472325,107472709
Pancreas-Alpha,chr1,4854369,4854601
Pancreas-Alpha,chr7,80211000,80211069
Pancreas-Alpha,chr19,2244619,2244869
Pancreas-Alpha,chr14,90849355,90849581
Pancreas-Alpha,chr6,136599153,136599514
Pancreas-Alpha,chr14,33675115,33675350
Pancreas-Alpha,chr1,62412429,62412608
Pancreas-Alpha,chr10,376639,377138
Pancreas-Alpha,chr6,19689187,19689857
Pancreas-Alpha,chr10,73842049,73842135
Pancreas-Alpha,chr1,230729878,230729958
Pancreas-Alpha,chr2,162206413,162206847
Pancreas-Alpha,chr2,3236990,3237305
Pancreas-Alpha,chr10,126404193,126404356
Pancreas-Alpha,chr16,664186,664422
Pancreas-Alpha,chr3,177368120,177368386
Pancreas-Alpha,chr13,113457368,113457593
Pancreas-Alpha,chr5,35231897,35232063
Pancreas-Alpha,chr20,33362327,33362539
Pancreas-Alpha,chr19,50039890,50040500
Pancreas-Alpha,chr20,24659560,24659749
Pancreas-Alpha,chr21,15654299,15654646
Pancreas-Alpha,chr2,3214337,3214682
Pancreas-Alpha,chr5,173610060,173610608
Pancreas-Alpha,chr10,3773192,3773605
Pancreas-Alpha,chr5,7077549,7077844
Pancreas-Alpha,chr9,112512603,112512781
Pancreas-Alpha,chr1,164929664,164929749
Pancreas-Alpha,chr6,141077486,141077700
Pancreas-Alpha,chr3,4491346,4491581
Pancreas-Alpha,chr7,35927061,35927258
Pancreas-Alpha,chr11,15640726,15641019
Pancreas-Alpha,chr11,1536674,1536816
Pancreas-Alpha,chr12,107465683,107465901
Pancreas-Alpha,chr7,157124910,157125091
Pancreas-Alpha,chr4,16523547,16524089
Pancreas-Alpha,chr13,23670660,23670884
Pancreas-Alpha,chr3,178559319,178560536
Pancreas-Alpha,chr2,205189642,205189860
Pancreas-Alpha,chr17,72830419,72830989
Pancreas-Alpha,chr2,225421705,225422855
Pancreas-Alpha,chr6,158762144,158762374
Pancreas-Alpha,chr7,39250008,39250107
Pancreas-Alpha,chr20,23656737,23656904
Pancreas-Alpha,chr7,1113051,1113171
Pancreas-Alpha,chr1,224634726,224635165
Pancreas-Alpha,chr22,46473932,46474041
Pancreas-Alpha,chr13,96175243,96175468
Pancreas-Alpha,chr16,1175548,1175634
Pancreas-Alpha,chr5,165327280,165327651
Pancreas-Alpha,chr15,36329658,36329907
Pancreas-Alpha,chr3,79950046,79950279
Pancreas-Alpha,chr7,50599151,50599232
Pancreas-Alpha,chr16,663945,664183
Pancreas-Alpha,chr1,201702098,201702769
Pancreas-Alpha,chr2,64480300,64480563
Pancreas-Alpha,chr4,3003059,3003347
Pancreas-Alpha,chr6,19610058,19610598
Pancreas-Alpha,chr8,92571818,92571881
Pancreas-Alpha,chr8,95038801,95039110
Pancreas-Alpha,chr2,36758422,36758703
Pancreas-Alpha,chr7,153697548,153697901
Pancreas-Alpha,chr7,4544512,4544760
Pancreas-Alpha,chr22,35979358,35979623
Pancreas-Alpha,chr1,60945835,60946304
Pancreas-Alpha,chr9,7975029,7975670
Pancreas-Alpha,chr10,14546254,14546781
Pancreas-Alpha,chr11,61601309,61601470
Pancreas-Alpha,chr12,109527302,109527528
Pancreas-Alpha,chr3,194115971,194116153
Pancreas-Alpha,chr3,31816468,31816805
Pancreas-Alpha,chr13,93724613,93725582
Pancreas-Alpha,chr1,198867275,198867593
Pancreas-Alpha,chr1,64904170,64905360
Pancreas-Alpha,chr21,43960211,43960316
Pancreas-Alpha,chr15,58242701,58243122
Pancreas-Alpha,chr3,59807778,59807889
Pancreas-Alpha,chr5,135072296,135072369
Pancreas-Alpha,chr1,11082173,11082593
Pancreas-Alpha,chr18,48141564,48141678
Pancreas-Alpha,chr11,33554455,33554562
Pancreas-Alpha,chr7,55182443,55182720
Pancreas-Alpha,chr10,73838541,73838939
Pancreas-Alpha,chr2,16392269,16392433
Pancreas-Alpha,chr7,153717264,153717394
Pancreas-Alpha,chr5,73020390,73020970
Pancreas-Alpha,chr11,68590949,68591280
Pancreas-Alpha,chr14,93023459,93023815
Pancreas-Alpha,chr12,120787914,120788419
Pancreas-Alpha,chr10,97667354,97667502
Pancreas-Alpha,chr1,115694295,115694869
Pancreas-Alpha,chr8,139851639,139851899
Pancreas-Alpha,chr13,112519519,112519871
Pancreas-Alpha,chr9,137824340,137824594
Pancreas-Alpha,chr1,178221306,178222158
Pancreas-Alpha,chr16,66543467,66543799
Pancreas-Alpha,chr10,61832177,61832393
Pancreas-Alpha,chr10,376024,376213
Pancreas-Alpha,chr4,40174694,40174759
Pancreas-Alpha,chr20,32838444,32838743
Pancreas-Alpha,chr6,147986212,147986427
Pancreas-Alpha,chr10,98327091,98327426
Pancreas-Alpha,chr12,111672465,111672767
Pancreas-Alpha,chr16,50229449,50230360
Pancreas-Alpha,chr22,38093638,38093985
Pancreas-Alpha,chr3,100818072,100818307
Pancreas-Alpha,chr7,144626233,144626583
Pancreas-Alpha,chr17,1042584,1042997
Pancreas-Alpha,chr7,157155608,157155892
Pancreas-Alpha,chr5,76875693,76876126
Pancreas-Alpha,chr11,99979863,99980544
Pancreas-Alpha,chr19,7193382,7193729
Pancreas-Alpha,chr22,29973660,29973757
Pancreas-Alpha,chr4,40160039,40160499
Pancreas-Alpha,chr4,104465707,104465892
Pancreas-Alpha,chr14,35572806,35573569
Pancreas-Alpha,chr10,26735281,26735432
Pancreas-Alpha,chr6,168267534,168267868
Pancreas-Alpha,chr6,168309314,168309550
Pancreas-Alpha,chr6,158679898,158680049
Pancreas-Alpha,chr9,89325922,89326348
Pancreas-Alpha,chr8,52296815,52297248
Pancreas-Alpha,chr22,26599307,26599645
Pancreas-Alpha,chr14,33354943,33355185
Pancreas-Alpha,chr15,90938166,90938525
Pancreas-Alpha,chr2,162141303,162142077
Pancreas-Alpha,chr3,8646159,8646544
Pancreas-Alpha,chr12,130511047,130511316
Pancreas-Alpha,chr10,78147914,78148558
Pancreas-Alpha,chr1,6896031,6896598
Pancreas-Alpha,chr22,19233872,19234316
Pancreas-Alpha,chr20,38011408,38012030
Pancreas-Alpha,chr16,3745171,3745662
Pancreas-Alpha,chr1,56237698,56238568
Pancreas-Alpha,chr16,81487885,81488077
Pancreas-Alpha,chr19,5937108,5937756
Pancreas-Alpha,chr1,94130056,94130503
Pancreas-Alpha,chr17,30211017,30211176
Pancreas-Alpha,chr7,74286243,74286518
Pancreas-Alpha,chr4,158868857,158869123
Pancreas-Alpha,chr12,70685978,70686274
Pancreas-Alpha,chr5,31761043,31761259
Pancreas-Alpha,chr7,66358456,66358616
Pancreas-Alpha,chr2,194312237,194312278
Pancreas-Alpha,chr19,45273712,45273976
Pancreas-Alpha,chr10,92452412,92452985
Pancreas-Alpha,chr2,162190260,162191518
Pancreas-Alpha,chr3,12899408,12899713
Pancreas-Alpha,chr2,162144196,162145656
Pancreas-Alpha,chrX,56794148,56794708
Pancreas-Alpha,chr8,52291868,52291937
Pancreas-Alpha,chr20,16043658,16043723
Pancreas-Alpha,chr3,12899259,12899364
Pancreas-Alpha,chr11,118551598,118551843
Pancreas-Alpha,chr1,59231244,59231475
Pancreas-Alpha,chr22,18100777,18101487
Pancreas-Alpha,chr10,98380173,98380976
Pancreas-Alpha,chr21,15653315,15653687
Pancreas-Alpha,chr8,9591098,9591500
Pancreas-Alpha,chr3,156387794,156388402
Pancreas-Alpha,chr22,42167964,42168602
Pancreas-Alpha,chr2,55530090,55530357
Pancreas-Alpha,chr7,157365420,157365701
Pancreas-Alpha,chr11,11879987,11880704
Pancreas-Alpha,chr18,62040759,62041528
Pancreas-Alpha,chr3,69894395,69894555
Pancreas-Alpha,chr12,109587403,109587735
Pancreas-Alpha,chr2,9358060,9358303
Pancreas-Alpha,chr5,133090822,133091262
Pancreas-Alpha,chr3,42211446,42212117
Pancreas-Alpha,chr22,44926950,44927122
Pancreas-Alpha,chr18,12449169,12449435
Pancreas-Alpha,chr2,223486444,223486647
Pancreas-Alpha,chrX,24993350,24994137
Pancreas-Alpha,chr18,79316138,79316401
Pancreas-Alpha,chr1,53851996,53852143
Pancreas-Alpha,chr18,7994339,7994543
Pancreas-Alpha,chr1,63793992,63794216
Pancreas-Alpha,chr1,11114745,11115127
Pancreas-Alpha,chr16,85503715,85504005
Pancreas-Alpha,chr15,73254751,73255038
Pancreas-Alpha:Pancreas-Beta:Pancreas-Delta,chr4,31065268,31065669
Pancreas-Alpha:Pancreas-Beta:Pancreas-Delta,chr18,42004441,42004767
Pancreas-Alpha:Pancreas-Beta:Pancreas-Delta,chr17,3957053,3957146
Pancreas-Alpha:Pancreas-Beta:Pancreas-Delta,chr4,183284255,183284371
Pancreas-Alpha:Pancreas-Beta:Pancreas-Delta,chr6,35228573,35228724
Pancreas-Alpha:Pancreas-Beta:Pancreas-Delta,chr10,112977569,112977833
Pancreas-Alpha:Pancreas-Beta:Pancreas-Delta,chr3,177035499,177035797
Pancreas-Alpha:Pancreas-Beta:Pancreas-Delta,chr1,64679172,64679492
Pancreas-Alpha:Pancreas-Beta:Pancreas-Delta,chr10,360426,360558
Pancreas-Alpha:Pancreas-Beta:Pancreas-Delta,chr12,113898588,113898910
Pancreas-Alpha:Pancreas-Beta:Pancreas-Delta,chr19,5080769,5080851
Pancreas-Alpha:Pancreas-Beta:Pancreas-Delta,chr10,75599135,75599414
Pancreas-Alpha:Pancreas-Beta:Pancreas-Delta,chr19,49823385,49823753
Pancreas-Alpha:Pancreas-Beta:Pancreas-Delta,chr6,151288817,151289013
Pancreas-Alpha:Pancreas-Beta:Pancreas-Delta,chr9,95176737,95177116
Pancreas-Alpha:Pancreas-Beta:Pancreas-Delta,chr19,13982130,13982465
Pancreas-Alpha:Pancreas-Beta:Pancreas-Delta,chr3,42116054,42116192
Pancreas-Alpha:Pancreas-Beta:Pancreas-Delta,chr11,66237669,66237954
Pancreas-Alpha:Pancreas-Beta:Pancreas-Delta,chr14,102000948,102001291
Pancreas-Alpha:Pancreas-Beta:Pancreas-Delta,chr1,243392720,243393411
Pancreas-Alpha:Pancreas-Beta:Pancreas-Delta,chr17,31342566,31343037
Pancreas-Alpha:Pancreas-Beta:Pancreas-Delta,chr7,157208932,157209565
Pancreas-Alpha:Pancreas-Beta:Pancreas-Delta,chr2,3421573,3421729
Pancreas-Alpha:Pancreas-Beta:Pancreas-Delta,chr7,40093079,40093236
Pancreas-Alpha:Pancreas-Beta:Pancreas-Delta,chr3,178007364,178007531
Pancreas-Alpha:Pancreas-Beta:Pancreas-Delta,chr13,25748587,25748782
Pancreas-Alpha:Pancreas-Beta:Pancreas-Delta,chr4,82661015,82661846
Pancreas-Alpha:Pancreas-Beta:Pancreas-Delta,chr14,66067097,66067212
Pancreas-Alpha:Pancreas-Beta:Pancreas-Delta,chr17,2928596,2929000
Pancreas-Alpha:Pancreas-Beta:Pancreas-Delta,chr4,185375866,185376086
Pancreas-Alpha:Pancreas-Beta:Pancreas-Delta,chr19,19012638,19012787
Pancreas-Alpha:Pancreas-Beta:Pancreas-Delta,chr9,69145380,69145569
Pancreas-Alpha:Pancreas-Beta:Pancreas-Delta,chr7,38439845,38440049
Pancreas-Alpha:Pancreas-Beta:Pancreas-Delta,chr3,45466861,45467029
Pancreas-Alpha:Pancreas-Beta:Pancreas-Delta,chr20,5838653,5838765
Pancreas-Alpha:Pancreas-Beta:Pancreas-Delta,chr17,45072850,45073165
Pancreas-Alpha:Pancreas-Beta:Pancreas-Delta,chr7,158373200,158373220
Pancreas-Alpha:Pancreas-Beta:Pancreas-Delta,chr6,162026191,162026283
Pancreas-Alpha:Pancreas-Beta:Pancreas-Delta,chr2,239270757,239270913
Pancreas-Alpha:Pancreas-Beta:Pancreas-Delta,chr4,70896533,70896796
Pancreas-Alpha:Pancreas-Beta:Pancreas-Delta,chr2,204720187,204720340
Pancreas-Alpha:Pancreas-Beta:Pancreas-Delta,chr17,65166537,65167271
Pancreas-Alpha:Pancreas-Beta:Pancreas-Delta,chr17,59405710,59405803
Pancreas-Alpha:Pancreas-Beta:Pancreas-Delta,chr6,117546675,117546980
Pancreas-Alpha:Pancreas-Beta:Pancreas-Delta,chr4,905987,906387
Pancreas-Alpha:Pancreas-Beta:Pancreas-Delta,chr13,77050188,77050433
Pancreas-Alpha:Pancreas-Beta:Pancreas-Delta,chr6,150184051,150184274
Pancreas-Alpha:Pancreas-Beta:Pancreas-Delta,chr4,6276066,6276278
Pancreas-Alpha:Pancreas-Beta:Pancreas-Delta,chr1,12273724,12274080
Pancreas-Alpha:Pancreas-Beta:Pancreas-Delta,chr3,59786479,59786848
Pancreas-Alpha:Pancreas-Beta:Pancreas-Delta,chr16,371807,371999
Pancreas-Alpha:Pancreas-Beta:Pancreas-Delta,chr4,77200314,77200548
Pancreas-Alpha:Pancreas-Beta:Pancreas-Delta,chr1,89716316,89716704
Pancreas-Alpha:Pancreas-Beta:Pancreas-Delta,chr16,14265618,14265830
Pancreas-Alpha:Pancreas-Beta:Pancreas-Delta,chr2,117918641,117919226
Pancreas-Alpha:Pancreas-Beta:Pancreas-Delta,chr2,53516392,53516571
Pancreas-Alpha:Pancreas-Beta:Pancreas-Delta,chr2,37664727,37665052
Pancreas-Alpha:Pancreas-Beta:Pancreas-Delta,chr15,98797328,98797737
Pancreas-Alpha:Pancreas-Beta:Pancreas-Delta,chr12,105198025,105198747
Pancreas-Alpha:Pancreas-Beta:Pancreas-Delta,chr19,5940276,5940514
Pancreas-Alpha:Pancreas-Beta:Pancreas-Delta,chr12,132020514,132021092
Pancreas-Alpha:Pancreas-Beta:Pancreas-Delta,chr5,127086846,127087193
Pancreas-Alpha:Pancreas-Beta:Pancreas-Delta,chr8,133640431,133640938
Pancreas-Alpha:Pancreas-Beta:Pancreas-Delta,chr7,44184146,44184263
Pancreas-Alpha:Pancreas-Beta:Pancreas-Delta,chr12,20339522,20339656
Pancreas-Alpha:Pancreas-Beta:Pancreas-Delta,chr22,19383007,19383471
Pancreas-Alpha:Pancreas-Beta:Pancreas-Delta,chr11,11387747,11387869
Pancreas-Alpha:Pancreas-Beta:Pancreas-Delta,chr10,34298611,34298716
Pancreas-Alpha:Pancreas-Beta:Pancreas-Delta,chr12,83804246,83804700
Pancreas-Alpha:Pancreas-Beta:Pancreas-Delta,chr11,36276163,36276461
Pancreas-Alpha:Pancreas-Beta:Pancreas-Delta,chr12,130795795,130796073
Pancreas-Alpha:Pancreas-Beta:Pancreas-Delta,chr1,110018232,110018592
Pancreas-Alpha:Pancreas-Beta:Pancreas-Delta,chr1,145645423,145646086
Pancreas-Alpha:Pancreas-Beta:Pancreas-Delta,chr17,17489718,17490202
Pancreas-Alpha:Pancreas-Beta:Pancreas-Delta,chr4,7034148,7034262
Pancreas-Alpha:Pancreas-Beta:Pancreas-Delta,chr19,49921076,49921250
Pancreas-Alpha:Pancreas-Beta:Pancreas-Delta,chr1,27851515,27851869
Pancreas-Alpha:Pancreas-Beta:Pancreas-Delta,chr8,31059528,31059884
Pancreas-Alpha:Pancreas-Beta:Pancreas-Delta,chr14,49049264,49049453
Pancreas-Alpha:Pancreas-Beta:Pancreas-Delta,chr17,30210671,30210915
Pancreas-Alpha:Pancreas-Beta:Pancreas-Delta,chr6,57936694,57937107
Pancreas-Alpha:Pancreas-Beta:Pancreas-Delta,chr6,42860569,42860705
Pancreas-Alpha:Pancreas-Beta:Pancreas-Delta,chr2,117948041,117948505
Pancreas-Alpha:Pancreas-Beta:Pancreas-Delta,chr16,515093,515535
Pancreas-Alpha:Pancreas-Beta:Pancreas-Delta,chr18,56926840,56927304
Pancreas-Alpha:Pancreas-Beta:Pancreas-Delta,chr8,55996249,55996479
Pancreas-Alpha:Pancreas-Beta:Pancreas-Delta,chr12,113881167,113881397
Pancreas-Alpha:Pancreas-Beta:Pancreas-Delta,chr5,161154204,161154585
Pancreas-Alpha:Pancreas-Beta:Pancreas-Delta,chr9,79272279,79272561
Pancreas-Alpha:Pancreas-Beta:Pancreas-Delta,chr22,25605182,25605806
Pancreas-Alpha:Pancreas-Beta:Pancreas-Delta,chr15,88543504,88543800
Pancreas-Alpha:Pancreas-Beta:Pancreas-Delta,chr17,37109725,37110193
Pancreas-Alpha:Pancreas-Beta:Pancreas-Delta,chr3,129328433,129328530
Pancreas-Alpha:Pancreas-Beta:Pancreas-Delta,chr4,183284417,183284677
Pancreas-Alpha:Pancreas-Beta:Pancreas-Delta,chr12,116964008,116964597
Pancreas-Alpha:Pancreas-Beta:Pancreas-Delta,chr14,88840003,88840924
Pancreas-Alpha:Pancreas-Beta:Pancreas-Delta,chr6,744538,745403
Pancreas-Alpha:Pancreas-Beta:Pancreas-Delta,chr14,68693695,68693883
Pancreas-Alpha:Pancreas-Beta:Pancreas-Delta,chr8,17324467,17324724
Pancreas-Alpha:Pancreas-Beta:Pancreas-Delta,chr6,37986570,37986670
Pancreas-Alpha:Pancreas-Beta:Pancreas-Delta,chr6,54015327,54015901
Pancreas-Alpha:Pancreas-Beta:Pancreas-Delta,chr10,108194305,108194412
Pancreas-Alpha:Pancreas-Beta:Pancreas-Delta,chr16,1633342,1633496
Pancreas-Alpha:Pancreas-Beta:Pancreas-Delta,chr6,87766839,87766967
Pancreas-Alpha:Pancreas-Beta:Pancreas-Delta,chr8,133300398,133300699
Pancreas-Alpha:Pancreas-Beta:Pancreas-Delta,chr6,15358412,15358861
Pancreas-Alpha:Pancreas-Beta:Pancreas-Delta,chr4,107894278,107894511
Pancreas-Alpha:Pancreas-Beta:Pancreas-Delta,chr9,131578152,131578585
Pancreas-Alpha:Pancreas-Beta:Pancreas-Delta,chr5,124301200,124301480
Pancreas-Alpha:Pancreas-Beta:Pancreas-Delta,chr14,57430199,57430528
Pancreas-Alpha:Pancreas-Beta:Pancreas-Delta,chr8,117134961,117135348
Pancreas-Alpha:Pancreas-Beta:Pancreas-Delta,chr20,1175128,1175226
Pancreas-Alpha:Pancreas-Beta:Pancreas-Delta,chr11,111705044,111705245
Pancreas-Alpha:Pancreas-Beta:Pancreas-Delta,chr10,13445930,13446303
Pancreas-Alpha:Pancreas-Beta:Pancreas-Delta,chr18,22107065,22107384
Pancreas-Alpha:Pancreas-Beta:Pancreas-Delta,chr12,94755610,94756187
Pancreas-Alpha:Pancreas-Beta:Pancreas-Delta,chr1,243572702,243573246
Pancreas-Alpha:Pancreas-Beta:Pancreas-Delta,chr8,140156107,140156604
Pancreas-Alpha:Pancreas-Beta:Pancreas-Delta,chr15,75193700,75194585
Pancreas-Alpha:Pancreas-Beta:Pancreas-Delta,chr1,147365527,147365705
Pancreas-Alpha:Pancreas-Beta:Pancreas-Delta,chr5,133799865,133800029
Pancreas-Alpha:Pancreas-Beta:Pancreas-Delta,chr10,95283559,95283868
Pancreas-Alpha:Pancreas-Beta:Pancreas-Delta,chr11,45973429,45973592
Pancreas-Alpha:Pancreas-Beta:Pancreas-Delta,chr15,41732383,41732982
Pancreas-Alpha:Pancreas-Beta:Pancreas-Delta,chr7,73618850,73619018
Pancreas-Alpha:Pancreas-Beta:Pancreas-Delta,chr19,33935761,33935873
Pancreas-Alpha:Pancreas-Beta:Pancreas-Delta,chr2,3420903,3421114
Pancreas-Alpha:Pancreas-Beta:Pancreas-Delta,chr2,62508587,62509384
Pancreas-Alpha:Pancreas-Beta:Pancreas-Delta,chr3,156311796,156312207
Pancreas-Alpha:Pancreas-Beta:Pancreas-Delta,chr1,230088826,230088982
Pancreas-Alpha:Pancreas-Beta:Pancreas-Delta,chr4,139746603,139746687
Pancreas-Alpha:Pancreas-Beta:Pancreas-Delta,chr18,66523562,66523660
Pancreas-Alpha:Pancreas-Beta:Pancreas-Delta,chr17,8569753,8570146
Pancreas-Alpha:Pancreas-Beta:Pancreas-Delta,chr7,158137690,158137863
Pancreas-Alpha:Pancreas-Beta:Pancreas-Delta,chr7,139375389,139375477
Pancreas-Alpha:Pancreas-Beta:Pancreas-Delta,chr1,55084249,55084409
Pancreas-Alpha:Pancreas-Beta:Pancreas-Delta,chr6,7565363,7565587
Pancreas-Alpha:Pancreas-Beta:Pancreas-Delta,chr10,32110838,32111057
Pancreas-Alpha:Pancreas-Beta:Pancreas-Delta,chr2,191719902,191720238
Pancreas-Alpha:Pancreas-Beta:Pancreas-Delta,chr2,17748595,17749108
Pancreas-Alpha:Pancreas-Beta:Pancreas-Delta,chr10,5634991,5635198
Pancreas-Alpha:Pancreas-Beta:Pancreas-Delta,chr11,36022895,36023302
Pancreas-Alpha:Pancreas-Beta:Pancreas-Delta,chr14,76705249,76705745
Pancreas-Alpha:Pancreas-Beta:Pancreas-Delta,chr14,56293027,56293432
Pancreas-Alpha:Pancreas-Beta:Pancreas-Delta,chr12,59621959,59622394
Pancreas-Alpha:Pancreas-Beta:Pancreas-Delta,chr16,72969906,72969979
Pancreas-Alpha:Pancreas-Beta:Pancreas-Delta,chr14,87746234,87746487
Pancreas-Alpha:Pancreas-Beta:Pancreas-Delta,chr17,17980870,17981070
Pancreas-Alpha:Pancreas-Beta:Pancreas-Delta,chr1,9569451,9569835
Pancreas-Alpha:Pancreas-Beta:Pancreas-Delta,chr17,75563270,75563479
Pancreas-Alpha:Pancreas-Beta:Pancreas-Delta,chr9,16482828,16483160
Pancreas-Alpha:Pancreas-Beta:Pancreas-Delta,chr18,45870466,45871275
Pancreas-Alpha:Pancreas-Beta:Pancreas-Delta,chr1,234801877,234802257
Pancreas-Alpha:Pancreas-Beta:Pancreas-Delta,chr1,89859206,89860195
Pancreas-Alpha:Pancreas-Beta:Pancreas-Delta,chr15,39031545,39031764
Pancreas-Alpha:Pancreas-Beta:Pancreas-Delta,chr2,205877345,205877948
Pancreas-Alpha:Pancreas-Beta:Pancreas-Delta,chr7,3913582,3914237
Pancreas-Alpha:Pancreas-Beta:Pancreas-Delta,chr9,16527609,16527952
Pancreas-Alpha:Pancreas-Beta:Pancreas-Delta,chr7,5276606,5276723
Pancreas-Alpha:Pancreas-Beta:Pancreas-Delta,chr10,130168052,130168198
Pancreas-Alpha:Pancreas-Beta:Pancreas-Delta,chr6,26895768,26895997
Pancreas-Alpha:Pancreas-Beta:Pancreas-Delta,chr7,158562414,158562938
Pancreas-Alpha:Pancreas-Beta:Pancreas-Delta,chr19,13600267,13600496
Pancreas-Alpha:Pancreas-Beta:Pancreas-Delta,chr10,133331125,133331240
Pancreas-Alpha:Pancreas-Beta:Pancreas-Delta,chr5,58012704,58013869
Pancreas-Alpha:Pancreas-Beta:Pancreas-Delta,chr7,3951378,3951704
Pancreas-Alpha:Pancreas-Beta:Pancreas-Delta,chr17,29085483,29085567
Pancreas-Alpha:Pancreas-Beta:Pancreas-Delta,chr5,179617383,179617639
Pancreas-Alpha:Pancreas-Beta:Pancreas-Delta,chr18,47128204,47128770
Pancreas-Alpha:Pancreas-Beta:Pancreas-Delta,chr21,37356122,37356483
Pancreas-Alpha:Pancreas-Beta:Pancreas-Delta,chr1,233005035,233005383
Pancreas-Alpha:Pancreas-Beta:Pancreas-Delta,chr19,13599907,13600173
Pancreas-Alpha:Pancreas-Beta:Pancreas-Delta,chr2,43944935,43945540
Pancreas-Alpha:Pancreas-Beta:Pancreas-Delta,chr1,114746367,114746620
Pancreas-Alpha:Pancreas-Beta:Pancreas-Delta,chr3,4441072,4441190
Pancreas-Alpha:Pancreas-Beta:Pancreas-Delta,chr4,155687989,155688215
Pancreas-Alpha:Pancreas-Beta:Pancreas-Delta,chr13,105982637,105982989
Pancreas-Alpha:Pancreas-Beta:Pancreas-Delta,chr18,37534039,37534405
Pancreas-Alpha:Pancreas-Beta:Pancreas-Delta,chr6,41933960,41934417
Pancreas-Alpha:Pancreas-Beta:Pancreas-Delta,chr8,140329412,140329695
Pancreas-Alpha:Pancreas-Beta:Pancreas-Delta,chr1,27559851,27560017
Pancreas-Alpha:Pancreas-Beta:Pancreas-Delta,chr3,183485743,183486156
Pancreas-Alpha:Pancreas-Beta:Pancreas-Delta,chr4,78826059,78826097
Pancreas-Alpha:Pancreas-Beta:Pancreas-Delta,chr22,43817654,43817973
Pancreas-Alpha:Pancreas-Beta:Pancreas-Delta,chr7,102060353,102060535
Pancreas-Alpha:Pancreas-Beta:Pancreas-Delta,chr11,113236205,113236379
Pancreas-Alpha:Pancreas-Beta:Pancreas-Delta,chr9,91585211,91585463
Pancreas-Alpha:Pancreas-Beta:Pancreas-Delta,chr20,61114600,61114777
Pancreas-Alpha:Pancreas-Beta:Pancreas-Delta,chr17,30502302,30503333
Pancreas-Alpha:Pancreas-Beta:Pancreas-Delta,chr5,179368258,179368413
Pancreas-Alpha:Pancreas-Beta:Pancreas-Delta,chr9,121323768,121324206
Pancreas-Alpha:Pancreas-Beta:Pancreas-Delta,chr3,72489772,72490277
Pancreas-Alpha:Pancreas-Beta:Pancreas-Delta,chr9,5655518,5655756
Pancreas-Alpha:Pancreas-Beta:Pancreas-Delta,chr1,192268714,192268925
Pancreas-Alpha:Pancreas-Beta:Pancreas-Delta,chr8,55955141,55955687
Pancreas-Alpha:Pancreas-Beta:Pancreas-Delta,chr3,73138725,73138961
Pancreas-Alpha:Pancreas-Beta:Pancreas-Delta,chr6,168308975,168309297
Pancreas-Alpha:Pancreas-Beta:Pancreas-Delta,chr5,58872238,58872988
Pancreas-Alpha:Pancreas-Beta:Pancreas-Delta,chr5,109718542,109719070
Pancreas-Alpha:Pancreas-Beta:Pancreas-Delta,chr4,26130977,26131497
Pancreas-Alpha:Pancreas-Beta:Pancreas-Delta,chr2,236469863,236470397
Pancreas-Alpha:Pancreas-Beta:Pancreas-Delta,chr9,89334554,89335109
Pancreas-Alpha:Pancreas-Beta:Pancreas-Delta,chr8,140679316,140680083
Pancreas-Alpha:Pancreas-Beta:Pancreas-Delta,chr1,24401156,24401564
Pancreas-Alpha:Pancreas-Beta:Pancreas-Delta,chr3,170163044,170163304
Pancreas-Alpha:Pancreas-Beta:Pancreas-Delta,chr6,43781499,43781979
Pancreas-Alpha:Pancreas-Beta:Pancreas-Delta,chr6,135392339,135393123
Pancreas-Alpha:Pancreas-Beta:Pancreas-Delta,chr19,45349716,45349917
Pancreas-Alpha:Pancreas-Beta:Pancreas-Delta,chr2,73307579,73307823
Pancreas-Alpha:Pancreas-Beta:Pancreas-Delta,chr8,58547349,58547398
Pancreas-Alpha:Pancreas-Beta:Pancreas-Delta,chr5,102995871,102996724
Pancreas-Alpha:Pancreas-Beta:Pancreas-Delta,chr11,71188468,71188670
Pancreas-Alpha:Pancreas-Beta:Pancreas-Delta,chr16,85504028,85504069
Pancreas-Alpha:Pancreas-Beta:Pancreas-Delta,chr7,155675564,155675889
Pancreas-Alpha:Pancreas-Beta:Pancreas-Delta,chr20,47284696,47285351
Pancreas-Alpha:Pancreas-Beta:Pancreas-Delta,chr11,134243705,134244450
Pancreas-Alpha:Pancreas-Beta:Pancreas-Delta,chr11,68725999,68726186
Pancreas-Alpha:Pancreas-Beta:Pancreas-Delta,chr16,71649778,71650085
Pancreas-Alpha:Pancreas-Beta:Pancreas-Delta,chr8,31174311,31174523
Pancreas-Alpha:Pancreas-Beta:Pancreas-Delta,chr20,49829990,49830332
Pancreas-Alpha:Pancreas-Beta:Pancreas-Delta,chr11,68442681,68442915
Pancreas-Alpha:Pancreas-Beta:Pancreas-Delta,chr7,157172844,157173413
Pancreas-Alpha:Pancreas-Beta:Pancreas-Delta,chr1,114746946,114747522
Pancreas-Alpha:Pancreas-Beta:Pancreas-Delta,chr16,87747856,87748041
Pancreas-Alpha:Pancreas-Beta:Pancreas-Delta,chr11,75638386,75638922
Pancreas-Alpha:Pancreas-Beta:Pancreas-Delta,chr16,20867261,20867528
Pancreas-Alpha:Pancreas-Beta:Pancreas-Delta,chr20,4981266,4981565
Pancreas-Alpha:Pancreas-Beta:Pancreas-Delta,chr4,24543447,24543700
Pancreas-Alpha:Pancreas-Beta:Pancreas-Delta,chr21,46652590,46653521
Pancreas-Alpha:Pancreas-Beta:Pancreas-Delta,chr21,46649491,46650264
Pancreas-Alpha:Pancreas-Beta:Pancreas-Delta,chr16,4544890,4544986
Pancreas-Alpha:Pancreas-Beta:Pancreas-Delta,chr7,130403836,130405062
Pancreas-Alpha:Pancreas-Beta:Pancreas-Delta,chr9,92248406,92248902
Pancreas-Alpha:Pancreas-Beta:Pancreas-Delta,chr12,132020126,132020507
Pancreas-Alpha:Pancreas-Beta:Pancreas-Delta,chr22,40316976,40318149
Pancreas-Alpha:Pancreas-Beta:Pancreas-Delta,chr17,36626580,36627037
Pancreas-Alpha:Pancreas-Beta:Pancreas-Delta,chr4,152605295,152605632
Pancreas-Alpha:Pancreas-Beta:Pancreas-Delta,chr5,81496831,81497623
Pancreas-Alpha:Pancreas-Beta:Pancreas-Delta,chr9,90980167,90980820
Pancreas-Alpha:Pancreas-Beta:Pancreas-Delta,chr2,169502113,169503166
Pancreas-Alpha:Pancreas-Beta:Pancreas-Delta,chr22,46916024,46916422
Pancreas-Alpha:Pancreas-Beta:Pancreas-Delta,chr12,113880568,113881139
Pancreas-Alpha:Pancreas-Beta:Pancreas-Delta,chr3,112538690,112539101
Pancreas-Alpha:Pancreas-Beta:Pancreas-Delta,chr8,143464117,143464377
Pancreas-Alpha:Pancreas-Beta:Pancreas-Delta,chr1,10957446,10957509
Pancreas-Alpha:Pancreas-Beta:Pancreas-Delta,chr1,10513827,10514013
Pancreas-Alpha:Pancreas-Beta:Pancreas-Delta,chr4,151698201,151698636
Pancreas-Alpha:Pancreas-Beta:Pancreas-Delta,chr8,143439580,143440154
Pancreas-Alpha:Pancreas-Beta:Pancreas-Delta,chr20,58544583,58545004
Pancreas-Alpha:Pancreas-Beta:Pancreas-Delta,chr16,71015623,71015699
Pancreas-Beta,chr17,47680218,47680598
Pancreas-Beta,chr5,138377072,138377237
Pancreas-Beta,chr12,19290690,19290825
Pancreas-Beta,chr5,14354092,14354502
Pancreas-Beta,chr5,1828640,1828848
Pancreas-Beta,chr19,45065794,45066029
Pancreas-Beta,chr22,30323184,30323492
Pancreas-Beta,chr2,3420631,3420813
Pancreas-Beta,chr4,183887307,183887668
Pancreas-Beta,chr2,143957543,143957923
Pancreas-Beta,chr19,33462460,33462619
Pancreas-Beta,chr5,107957961,107958084
Pancreas-Beta,chr5,45127997,45128238
Pancreas-Beta,chr10,119790865,119791256
Pancreas-Beta,chr22,32232883,32233040
Pancreas-Beta,chr22,19199666,19199862
Pancreas-Beta,chr13,55999486,55999634
Pancreas-Beta,chr10,129872323,129872504
Pancreas-Beta,chr13,51830923,51831032
Pancreas-Beta,chr11,2154813,2155073
Pancreas-Beta,chr4,187153061,187153171
Pancreas-Beta,chr16,30946810,30947237
Pancreas-Beta,chr5,116508179,116508366
Pancreas-Beta,chr5,176833993,176834117
Pancreas-Beta,chr2,220269941,220270222
Pancreas-Beta,chr19,33462677,33463267
Pancreas-Beta,chr3,172923024,172923329
Pancreas-Beta,chr15,62306390,62306499
Pancreas-Beta,chr1,29054056,29054625
Pancreas-Beta,chr7,158030283,158030330
Pancreas-Beta,chr1,238380590,238381036
Pancreas-Beta,chr5,13992685,13993153
Pancreas-Beta,chr17,45013881,45014130
Pancreas-Beta,chr7,111731160,111731527
Pancreas-Beta,chr8,98341756,98342012
Pancreas-Beta,chr15,61935495,61936819
Pancreas-Beta,chr9,113982918,113983152
Pancreas-Beta,chr22,44155379,44155554
Pancreas-Beta,chr12,131720402,131720979
Pancreas-Beta,chr11,8315260,8315438
Pancreas-Beta,chr6,80604444,80604551
Pancreas-Beta,chr11,2153328,2153410
Pancreas-Beta,chr19,4614749,4614933
Pancreas-Beta,chr10,86785524,86785685
Pancreas-Beta,chr5,43315968,43316349
Pancreas-Beta,chr18,62546239,62546460
Pancreas-Beta,chr17,31455889,31456102
Pancreas-Beta,chr12,105300771,105301094
Pancreas-Beta,chr10,111143314,111143464
Pancreas-Beta,chr6,79620131,79620508
Pancreas-Beta,chr10,92534018,92534234
Pancreas-Beta,chr1,15704501,15704858
Pancreas-Beta,chr9,133012028,133012126
Pancreas-Beta,chr1,182611775,182611902
Pancreas-Beta,chr1,3265977,3266173
Pancreas-Beta,chr10,68583634,68583698
Pancreas-Beta,chr4,102794096,102794594
Pancreas-Beta,chr2,130835429,130835527
Pancreas-Beta,chr14,104370929,104371053
Pancreas-Beta,chr17,66746385,66746661
Pancreas-Beta,chr11,15840321,15840756
Pancreas-Beta,chr8,141148322,141148511
Pancreas-Beta,chr11,2155156,2155339
Pancreas-Beta,chr2,225033261,225033523
Pancreas-Beta,chr10,131260512,131260639
Pancreas-Beta,chr20,46353534,46353666
Pancreas-Beta,chr16,89136564,89136708
Pancreas-Beta,chr18,58335377,58335665
Pancreas-Beta,chr18,35192420,35192865
Pancreas-Beta,chr7,70573384,70573675
Pancreas-Beta,chr7,152895542,152895737
Pancreas-Beta,chr16,5103479,5103814
Pancreas-Beta,chr7,157164364,157164797
Pancreas-Beta,chr11,2154050,2154792
Pancreas-Beta,chr3,197485683,197486111
Pancreas-Beta,chr5,102732293,102732948
Pancreas-Beta,chr1,201705452,201705593
Pancreas-Beta,chr7,77915462,77916041
Pancreas-Beta,chr8,73438837,73439006
Pancreas-Beta,chr20,58577018,58577630
Pancreas-Beta,chr10,68251211,68251534
Pancreas-Beta,chr10,35305057,35305244
Pancreas-Beta,chr7,157141790,157142180
Pancreas-Beta,chr14,100719677,100719999
Pancreas-Beta,chr1,236268742,236268865
Pancreas-Beta,chr4,187152363,187152766
Pancreas-Beta,chr7,51241447,51241520
Pancreas-Beta,chr11,36023321,36023723
Pancreas-Beta,chr12,112481433,112481952
Pancreas-Beta,chr14,104788111,104788789
Pancreas-Beta,chr2,66327514,66327687
Pancreas-Beta,chr13,26949132,26949276
Pancreas-Beta,chr18,62372323,62373002
Pancreas-Beta,chr2,109253314,109253612
Pancreas-Beta,chr3,122425544,122425899
Pancreas-Beta,chr12,109071445,109071676
Pancreas-Beta,chr1,4225055,4225146
Pancreas-Beta,chr1,236268885,236269950
Pancreas-Beta,chr17,2839171,2839948
Pancreas-Beta,chr20,646228,646386
Pancreas-Beta,chr2,16369154,16369315
Pancreas-Beta,chr2,168903877,168904561
Pancreas-Beta,chr16,84058226,84058503
Pancreas-Beta,chr9,133373842,133374291
Pancreas-Beta,chr2,219485372,219485413
Pancreas-Beta,chr12,506837,506932
Pancreas-Beta,chr15,28228045,28228367
Pancreas-Beta,chr11,84692920,84693184
Pancreas-Beta,chr12,122855960,122856539
Pancreas-Beta,chr2,42490938,42492226
Pancreas-Beta,chr18,37426597,37426671
Pancreas-Beta,chr6,20437879,20437978
Pancreas-Beta,chr18,61495123,61495356
Pancreas-Beta,chr20,58578035,58578159
Pancreas-Beta,chr20,58238226,58238738
Pancreas-Beta,chr1,208068512,208068874
Pancreas-Beta,chr1,40822920,40823196
Pancreas-Beta,chr4,9686619,9687200
Pancreas-Beta,chr1,208067810,208068183
Pancreas-Beta,chr9,98769414,98769836
Pancreas-Beta,chr14,25077733,25078330
Pancreas-Beta,chr2,86098520,86099064
Pancreas-Beta,chr18,55439745,55439809
Pancreas-Beta,chr2,224901821,224902445
Pancreas-Beta,chr17,81612591,81612914
Pancreas-Beta,chr14,102654086,102654283
Pancreas-Beta,chr2,105262473,105262655
Pancreas-Beta,chr5,59817410,59818255
Pancreas-Beta,chr18,74853066,74853875
Pancreas-Beta,chr7,64894043,64894152
Pancreas-Beta,chr18,64158267,64158815
Pancreas-Beta,chr21,46316081,46316259
Pancreas-Beta,chr4,55915288,55915863
Pancreas-Beta,chr11,111678353,111679687
Pancreas-Beta,chr12,112236892,112237610
Pancreas-Beta,chr5,96458911,96459331
Pancreas-Beta,chr9,2619314,2619638
Pancreas-Beta,chr3,14469983,14470284
Pancreas-Beta,chr5,173718473,173718716
Pancreas-Beta,chr10,97225982,97227023
Pancreas-Beta,chr20,21245440,21245935
Pancreas-Beta,chr6,142699134,142700016
Pancreas-Beta,chr11,46689760,46690115
Pancreas-Beta,chr13,99346766,99347254
Pancreas-Beta,chr18,8197183,8197945
Pancreas-Beta,chr22,47064170,47064541
Pancreas-Beta,chr2,168911438,168912267
Pancreas-Beta,chr18,31913106,31913449
Pancreas-Beta,chr10,133393037,133393503
Pancreas-Beta,chr17,37089311,37089711
Pancreas-Beta,chr15,73253816,73254475
Pancreas-Beta,chr1,59767661,59768349
Pancreas-Beta,chr2,53855911,53856142
Pancreas-Beta,chr8,143438492,143439130
Pancreas-Beta,chr22,44155134,44155301
Pancreas-Beta,chr15,36958528,36959288
Pancreas-Beta,chr17,32838448,32839477
Pancreas-Beta,chr17,35116715,35117027
Pancreas-Beta,chr18,45831101,45831216
Pancreas-Beta,chr6,42350293,42350883
Pancreas-Beta,chr7,6617205,6617738
Pancreas-Beta,chr16,24783637,24784071
Pancreas-Beta,chr3,160553137,160553736
Pancreas-Beta,chr14,100503229,100503359
Pancreas-Beta,chr16,67210204,67210267
Pancreas-Beta,chr17,67381611,67381921
Pancreas-Beta,chr2,186358741,186359690
Pancreas-Beta,chr6,152102836,152103216
Pancreas-Beta,chr21,42294335,42294686
Pancreas-Beta,chr1,236258781,236258844
Pancreas-Beta,chr21,33136458,33136722
Pancreas-Beta,chr14,92934405,92934707
Pancreas-Beta,chr18,79305813,79306215
Pancreas-Beta,chr1,223265237,223265606
Pancreas-Beta,chr11,2161553,2162276
Pancreas-Beta,chr1,109611657,109611956
Pancreas-Beta,chr1,236250240,236250429
Pancreas-Beta,chr1,236267789,236268615
Pancreas-Beta,chr1,20499937,20500324
Pancreas-Beta,chr3,185801898,185803079
Pancreas-Beta,chr1,229771855,229772368
Pancreas-Beta,chr7,129692753,129693507
Pancreas-Beta,chr7,131138352,131138869
Pancreas-Beta,chr7,143524484,143525312
Pancreas-Beta,chr20,41206146,41206817
Pancreas-Beta,chr5,6639516,6640099
Pancreas-Beta,chr11,17132519,17133877
Pancreas-Beta,chr7,133934288,133934687
Pancreas-Beta,chr10,87643999,87644861
Pancreas-Beta,chr15,99692448,99693780
Pancreas-Beta,chr3,72726758,72727150
Pancreas-Beta,chr3,116043862,116043941
Pancreas-Beta,chr7,153840857,153841136
Pancreas-Beta,chr20,58878438,58878909
Pancreas-Beta,chr1,108728485,108728851
Pancreas-Beta,chr18,5431297,5431466
Pancreas-Beta,chr2,236470468,236470583
Pancreas-Beta,chr15,66332606,66333029
Pancreas-Beta,chr4,16582896,16583316
Pancreas-Beta,chr5,176803767,176803808
Pancreas-Beta,chr18,74629583,74629762
Pancreas-Beta,chr8,130202930,130204269
Pancreas-Beta,chr9,136239089,136239282
Pancreas-Beta,chr7,152774771,152775550
Pancreas-Beta,chr11,35938605,35939177
Pancreas-Beta,chr2,11447389,11447796
Pancreas-Beta,chr2,101351233,101351405
Pancreas-Beta,chr11,83695347,83695975
Pancreas-Beta,chr1,236231004,236231720
Pancreas-Beta,chr8,130204282,130205256
Pancreas-Beta,chr13,36331165,36331927
Pancreas-Beta,chr8,58816679,58817148
Pancreas-Beta,chr2,55063603,55063829
Pancreas-Beta,chr9,136839273,136839486
Pancreas-Beta,chr20,9167074,9167815
Pancreas-Beta,chr12,121306513,121306995
Pancreas-Beta,chr4,31126665,31127343
Pancreas-Beta,chr15,78462428,78463088
Pancreas-Beta,chr3,119226802,119226961
Pancreas-Beta,chr2,171966104,171967207
Pancreas-Beta,chr11,121349421,121349589
Pancreas-Beta,chr2,174188181,174189663
Pancreas-Beta,chr8,143423534,143423740
Pancreas-Beta,chr1,42970439,42970672
Pancreas-Beta,chr10,100524270,100524629
Pancreas-Beta,chr5,39002604,39004069
Pancreas-Beta,chr7,157141126,157141523
Pancreas-Beta,chr10,30453510,30454115
Pancreas-Beta,chr15,85226190,85227061
Pancreas-Beta,chr4,71008147,71009108
Pancreas-Beta,chr1,11243030,11243643
Pancreas-Beta,chr10,12703311,12703597
Pancreas-Beta,chr6,131604507,131605157
Pancreas-Beta,chr15,98790489,98790719
Pancreas-Beta,chr17,3834040,3834547
Pancreas-Beta,chr14,90663113,90663444
Pancreas-Beta,chr20,486391,487110
Pancreas-Beta,chr6,7244747,7244974
Pancreas-Beta,chr9,111327888,111328086
Pancreas-Beta,chr8,143496222,143496408
Pancreas-Beta,chr16,21532895,21533146
Pancreas-Beta,chr4,24513645,24514444
Pancreas-Beta,chr8,139838661,139839157
Pancreas-Beta,chr7,101932217,101932429
Pancreas-Beta,chr17,57616531,57616861
Pancreas-Beta,chr9,127464422,127464619
Pancreas-Beta,chr3,176976669,176976820
Pancreas-Beta,chr20,43940816,43940899
Pancreas-Beta,chr1,168291243,168291461
Pancreas-Beta,chr16,85512534,85512808
Pancreas-Delta,chr10,73690886,73691516
Pancreas-Delta,chr19,9851634,9851969
Pancreas-Delta,chr3,187874285,187874555
Pancreas-Delta,chr9,126429301,126429742
Pancreas-Delta,chr3,65396500,65396809
Pancreas-Delta,chr3,117807853,117808398
Pancreas-Delta,chr7,98967017,98967355
Pancreas-Delta,chr12,57029577,57029770
Pancreas-Delta,chr10,75451354,75451502
Pancreas-Delta,chr17,51195114,51195642
Pancreas-Delta,chr1,29052805,29053268
Pancreas-Delta,chr5,142573266,142573704
Pancreas-Delta,chr2,98133978,98134153
Pancreas-Delta,chr13,49188568,49188964
Pancreas-Delta,chr16,915972,916166
Pancreas-Delta,chr2,175088271,175088630
Pancreas-Delta,chr10,71076304,71076530
Pancreas-Delta,chr10,75710135,75710574
Pancreas-Delta,chr14,20318801,20318888
Pancreas-Delta,chr3,39455848,39455935
Pancreas-Delta,chr18,2950358,2950611
Pancreas-Delta,chr6,162814768,162814834
Pancreas-Delta,chr19,2449376,2449508
Pancreas-Delta,chr1,5959258,5959335
Pancreas-Delta,chr4,138097210,138097738
Pancreas-Delta,chr10,58377239,58378130
Pancreas-Delta,chr4,186614237,186614315
Pancreas-Delta,chr7,130305451,130305674
Pancreas-Delta,chr5,170612126,170612383
Pancreas-Delta,chr9,81024908,81025170
Pancreas-Delta,chr1,230257231,230257847
Pancreas-Delta,chr15,32900029,32900221
Pancreas-Delta,chr17,34890431,34890665
Pancreas-Delta,chr2,238406634,238406737
Pancreas-Delta,chr18,45350444,45351034
Pancreas-Delta,chr7,130305775,130305845
Pancreas-Delta,chr19,11327070,11327457
Pancreas-Delta,chr21,17636335,17636657
Pancreas-Delta,chr10,33112356,33112639
Pancreas-Delta,chr18,77051275,77051458
Pancreas-Delta,chr7,12606068,12606247
Pancreas-Delta,chr4,3104943,3105470
Pancreas-Delta,chr1,184109865,184110291
Pancreas-Delta,chr1,44320338,44321142
Pancreas-Delta,chr1,41375897,41376237
Pancreas-Delta,chr16,69907194,69907421
Pancreas-Delta,chr12,105900232,105900775
Pancreas-Delta,chr17,66188027,66188775
Pancreas-Delta,chr6,168159566,168159799
Pancreas-Delta,chr16,53754747,53754989
Pancreas-Delta,chr3,4380953,4381482
Pancreas-Delta,chr9,126381056,126381502
Pancreas-Delta,chr15,41901723,41902014
Pancreas-Delta,chr3,172341113,172341443
Pancreas-Delta,chr1,38242222,38242601
Pancreas-Delta,chr14,62119452,62119973
Pancreas-Delta,chr5,13512390,13513004
Pancreas-Delta,chr8,41632699,41633150
Pancreas-Delta,chr10,75957737,75958087
Pancreas-Delta,chr16,12213420,12213876
Pancreas-Delta,chr1,230097064,230097570
Pancreas-Delta,chr20,46077123,46077904
Pancreas-Delta,chr11,78328142,78328534
Pancreas-Delta,chr3,64389657,64389840
Pancreas-Delta,chr7,38779181,38779965
Pancreas-Delta,chr16,9569620,9569671
Pancreas-Delta,chr11,64067859,64068018
Pancreas-Delta,chr15,86012889,86013224
Pancreas-Delta,chr16,87934093,87934210
Pancreas-Delta,chr12,130469319,130469692
Pancreas-Delta,chr1,6269479,6269635
Pancreas-Delta,chr18,13231477,13231681
Pancreas-Delta,chr3,187667288,187667428
Pancreas-Delta,chr12,39382912,39383693
Pancreas-Delta,chr11,72308395,72308609
Pancreas-Delta,chr7,158615897,158616521
Pancreas-Delta,chr5,10986668,10986862
Pancreas-Delta,chr2,211741914,211742493
Pancreas-Delta,chr5,108017489,108017874
Pancreas-Delta,chr4,6972912,6973129
Pancreas-Delta,chr20,20431900,20432214
Pancreas-Delta,chr6,3143563,3143665
Pancreas-Delta,chr2,36241652,36242394
Pancreas-Delta,chr4,128551968,128552288
Pancreas-Delta,chr4,151982805,151983226
Pancreas-Delta,chr3,122873741,122874995
Pancreas-Delta,chr13,100620650,100621273
Pancreas-Delta,chr1,11206030,11206561
Pancreas-Delta,chr16,52173862,52174425
Pancreas-Delta,chr18,58731244,58731691
Pancreas-Delta,chr13,103622869,103623361
Pancreas-Delta,chr13,42742306,42742508
Pancreas-Delta,chr2,9279433,9279619
Pancreas-Delta,chr17,3604962,3605338
Pancreas-Delta,chr9,130864979,130865485
Pancreas-Delta,chr17,43086178,43086572
Pancreas-Delta,chr18,36561000,36561476
Pancreas-Delta,chr10,129869558,129869636
Pancreas-Delta,chr7,31829391,31829750
Pancreas-Delta,chr16,75334318,75334402
Pancreas-Delta,chr11,72311010,72311299
Pancreas-Delta,chr4,22919141,22919544
Pancreas-Delta,chr9,100307677,100308188
Pancreas-Delta,chr12,124090929,124091238
Pancreas-Delta,chr14,76175521,76175951
Pancreas-Delta,chr21,29115274,29116013
Pancreas-Delta,chr11,94864501,94864883
Pancreas-Delta,chr4,168668292,168668706
Pancreas-Delta,chr4,1950313,1950607
Pancreas-Delta,chr4,101309788,101309950
Pancreas-Delta,chr17,44991558,44992260
Pancreas-Delta,chr8,10291897,10292071
Pancreas-Delta,chr4,36652321,36652905
Pancreas-Delta,chr14,41890599,41890702
Pancreas-Delta,chr2,151048798,151049549
Pancreas-Delta,chr3,50427375,50427510
Pancreas-Delta,chr7,101932471,101932957
Pancreas-Delta,chr6,157716524,157716970
Pancreas-Delta,chr3,151424751,151424832
Pancreas-Delta,chr11,70944157,70944494
Pancreas-Delta,chr5,74617703,74618322
Pancreas-Delta,chr7,152153815,152154314
Pancreas-Delta,chr7,70446321,70446598
Pancreas-Delta,chr2,39247714,39248160
Pancreas-Delta,chr21,34398147,34398571
Pancreas-Delta,chr20,33564037,33564282
Pancreas-Delta,chr1,156131522,156132030
Pancreas-Delta,chr2,45268624,45269100
Pancreas-Delta,chr15,36671634,36672778
Pancreas-Delta,chr11,64025375,64025741
Pancreas-Delta,chr7,2585460,2585734
Pancreas-Delta,chr15,61091539,61091748
Pancreas-Delta,chr11,113141927,113142038
Pancreas-Delta,chr1,206153643,206154351
Pancreas-Delta,chr6,5088448,5088819
Pancreas-Delta,chr11,106037871,106038939
Pancreas-Delta,chr7,95509852,95510605
Pancreas-Delta,chr3,116953542,116954115
Pancreas-Delta,chr2,215369574,215370324
Pancreas-Delta,chr20,10046842,10047343
Pancreas-Delta,chr3,20148278,20149028
Pancreas-Delta,chr5,54749272,54749638
Pancreas-Delta,chr16,17399244,17399712
Pancreas-Delta,chr17,73319647,73319896
Pancreas-Delta,chr9,18865914,18866424
Pancreas-Delta,chr6,147545088,147545605
Pancreas-Delta,chr2,128411168,128411480
Pancreas-Delta,chr16,2477293,2477626
Pancreas-Delta,chr15,70344005,70344196
Pancreas-Delta,chr4,152446099,152446880
Pancreas-Delta,chr11,117701351,117701609
Pancreas-Delta,chr3,54216319,54216763
Pancreas-Delta,chr6,126925311,126925729
Pancreas-Delta,chr9,82224124,82224638
Pancreas-Delta,chr13,51281699,51282215
Pancreas-Delta,chr2,66376794,66377224
Pancreas-Delta,chr3,12977410,12977906
Pancreas-Delta,chr11,114949770,114950104
Pancreas-Delta,chr8,67193348,67193681
Pancreas-Delta,chr15,66379812,66380025
Pancreas-Delta,chr1,204011592,204011706
Pancreas-Delta,chr2,241291796,241292114
Pancreas-Delta,chr14,41878208,41878726
Pancreas-Delta,chr19,4729194,4729304
Pancreas-Delta,chr20,42569904,42570263
Pancreas-Delta,chr12,2939819,2940241
Pancreas-Delta,chr10,71215846,71216159
Pancreas-Delta,chr10,20950161,20950429
Pancreas-Delta,chr1,81833085,81833771
Pancreas-Delta,chr3,183192295,183193174
Pancreas-Delta,chr12,132028490,132029089
Pancreas-Delta,chr7,155682954,155683590
Pancreas-Delta,chr5,16844001,16844374
Pancreas-Delta,chr8,3698616,3698830
Pancreas-Delta,chr15,61619809,61620186
Pancreas-Delta,chr5,125099945,125100857
Pancreas-Delta,chr7,6116837,6117321
Pancreas-Delta,chr8,52301988,52302157
Pancreas-Delta,chr8,53962535,53963314
Pancreas-Delta,chr2,107745680,107746072
Pancreas-Delta,chr3,127852187,127852851
Pancreas-Delta,chr1,33421798,33421915
Pancreas-Delta,chr3,101320528,101321077
Pancreas-Delta,chr15,92672711,92673390
Pancreas-Delta,chr11,125109932,125110599
Pancreas-Delta,chr12,43213950,43214484
Pancreas-Delta,chr13,108577765,108578185
Pancreas-Delta,chr5,109669801,109670079
Pancreas-Delta,chr3,54173872,54174386
Pancreas-Delta,chr6,41573063,41573511
Pancreas-Delta,chr14,25231689,25231906
Pancreas-Delta,chr5,90813111,90813780
Pancreas-Delta,chr21,32270714,32271185
Pancreas-Delta,chr10,13511787,13511990
Pancreas-Delta,chr10,60899923,60900284
Pancreas-Delta,chr1,224622849,224623348
Pancreas-Delta,chr5,54142037,54142679
Pancreas-Delta,chr6,113557512,113558021
Pancreas-Delta,chr8,60844871,60845588
Pancreas-Delta,chr12,121001316,121001457
Pancreas-Delta,chr12,45959183,45959520
Pancreas-Delta,chr7,100018629,100019036
Pancreas-Delta,chr1,207971204,207971547
Pancreas-Delta,chr18,57710019,57710486
Pancreas-Delta,chr9,94390170,94390448
Pancreas-Delta,chr10,20957245,20957694
Pancreas-Delta,chr4,41784657,41785140
Pancreas-Delta,chr8,11442649,11442863
Pancreas-Delta,chr4,83225460,83226099
Pancreas-Delta,chr15,94415470,94415968
Pancreas-Delta,chr3,62334424,62335294
Pancreas-Delta,chr3,65283765,65284685
Pancreas-Delta,chr8,53744981,53746099
Pancreas-Delta,chr10,112989561,112989737
Pancreas-Delta,chr16,27246686,27246939
Pancreas-Delta,chr16,88829037,88829146
Pancreas-Delta,chr8,87889581,87889923
Pancreas-Delta,chr5,96932040,96932616
Pancreas-Delta,chr3,72899961,72900252
Pancreas-Delta,chr5,71532217,71532856
Pancreas-Delta,chr17,60908563,60909159
Pancreas-Delta,chr2,218822836,218823125
Pancreas-Delta,chr10,77256261,77257024
Pancreas-Delta,chr1,208036589,208037410
Pancreas-Delta,chr8,125998593,125999236
Pancreas-Delta,chr1,6642893,6643238
Pancreas-Delta,chr10,16524693,16525001
Pancreas-Delta,chr14,69246687,69247173
Pancreas-Delta,chr5,81126546,81127251
Pancreas-Delta,chr1,44297070,44297440
Pancreas-Delta,chr18,7041421,7041890
Pancreas-Delta,chr10,52136844,52137880
Pancreas-Delta,chr11,72663076,72663168
Pancreas-Delta,chr1,201687834,201688653
Pancreas-Delta,chr1,40422893,40423175
Pancreas-Delta,chr18,36759877,36760538
Pancreas-Delta,chr2,89040319,89040509
Pancreas-Delta,chr9,111366479,111367194
Pancreas-Delta,chr13,110157012,110157330
Pancreas-Delta,chr11,13175756,13175974
Pancreas-Delta,chr6,22263869,22264479
Pancreas-Delta,chr13,112930034,112930113
Pancreas-Delta,chr20,37515902,37516573
Pancreas-Delta,chr10,132657961,132658081
Pancreas-Delta,chr4,71193316,71193952
Pancreas-Delta,chr4,71196989,71197880
Pancreas-Delta,chr16,72924571,72924632
Pancreas-Delta,chr10,132686285,132686750
Pancreas-Delta,chr5,66811973,66812424
Pancreas-Delta,chr21,37195710,37195824
Pancreas-Duct,chr1,180254289,180254344
Pancreas-Duct,chr16,3989210,3989415
Pancreas-Duct,chr6,167798872,167799089
Pancreas-Duct,chr2,98533060,98533468
Pancreas-Duct,chr10,108307171,108308152
Pancreas-Duct,chr7,74078130,74078234
Pancreas-Duct,chr7,157497826,157497898
Pancreas-Duct,chr12,111226672,111226825
Pancreas-Duct,chr5,133745876,133746074
Pancreas-Duct,chr4,71196301,71196783
Pancreas-Duct,chr7,142883277,142884013
Pancreas-Duct,chr6,24782078,24783014
Pancreas-Duct,chr3,56991677,56991772
Pancreas-Duct,chr1,179295623,179295887
Pancreas-Duct,chr14,85473126,85474011
Pancreas-Duct,chr4,105912922,105913119
Pancreas-Duct,chr7,156989132,156989208
Pancreas-Duct,chr2,96503930,96504276
Pancreas-Duct,chr2,105937056,105937475
Pancreas-Duct,chr4,71225346,71226216
Pancreas-Duct,chr16,78270411,78271070
Pancreas-Duct,chr6,14183478,14183720
Pancreas-Duct,chr6,24781063,24782020
Pancreas-Duct,chr2,98793056,98793134
Pancreas-Duct,chr5,131610705,131611289
Pancreas-Duct,chr16,3455114,3455177
Pancreas-Duct,chr2,128425887,128425991
Pancreas-Duct,chr17,43722664,43723127
Pancreas-Duct,chr12,121165311,121165438
Pancreas-Duct,chr1,46483695,46483758
Pancreas-Duct,chr21,39667800,39668183
Pancreas-Duct,chr11,2730486,2730793
Pancreas-Duct,chr10,13730059,13730243
Pancreas-Duct,chr4,20352805,20353045
Pancreas-Duct,chr13,51785214,51785601
Pancreas-Duct,chr4,24100780,24101144
Pancreas-Duct,chr4,71222962,71223459
Pancreas-Duct,chr4,71234448,71235332
Pancreas-Duct,chr7,47593680,47593857
Pancreas-Duct,chr2,170230102,170230372
Pancreas-Duct,chr4,71213143,71214507
Pancreas-Duct,chr2,241625792,241626181
Pancreas-Duct,chr2,42312576,42312647
Pancreas-Duct,chr7,91294799,91294968
Pancreas-Duct,chr11,74626156,74626806
Pancreas-Duct,chr10,16752635,16753241
Pancreas-Duct,chr10,7560311,7560470
Pancreas-Duct,chr8,41804441,41804811
Pancreas-Duct,chr7,117486644,117487455
Pancreas-Duct,chr19,5603460,5603696
Pancreas-Duct,chr4,71227261,71228759
Pancreas-Duct,chr9,110434497,110435153
Pancreas-Duct,chr1,3279925,3280014
Pancreas-Duct,chr10,113118057,113118290
Pancreas-Duct,chr2,102111333,102111434
Pancreas-Duct,chr2,148654582,148655149
Pancreas-Duct,chr3,29430018,29430303
Pancreas-Duct,chr2,96504355,96504873
Pancreas-Duct,chr4,186303852,186304080
Pancreas-Duct,chr12,110350864,110351158
Pancreas-Duct,chr12,121330098,121330640
Pancreas-Duct,chr17,35092017,35092421
Pancreas-Duct,chr4,1370048,1370609
Pancreas-Duct,chr4,71199672,71199931
Pancreas-Duct,chr10,112800176,112800299
Pancreas-Duct,chr12,76355973,76356661
Pancreas-Duct,chr11,104651764,104652359
Pancreas-Duct,chr11,12817476,12817561
Pancreas-Duct,chr15,93330771,93330843
Pancreas-Duct,chr16,85197025,85197228
Pancreas-Duct,chr19,903907,904318
Pancreas-Duct,chr6,158195881,158196109
Pancreas-Duct,chr2,85250467,85250547
Pancreas-Duct,chr4,1369140,1369449
Pancreas-Duct,chr8,40169079,40169421
Pancreas-Duct,chr16,15890852,15890987
Pancreas-Duct,chr18,47110938,47111622
Pancreas-Duct,chr10,30169332,30169827
Pancreas-Duct,chr4,71215734,71216189
Pancreas-Duct,chr1,18952889,18952979
Pancreas-Duct,chr7,146625612,146626345
Pancreas-Duct,chr4,71281673,71282574
Pancreas-Duct,chr11,128739890,128740025
Pancreas-Duct,chr4,71271979,71273418
Pancreas-Duct,chr12,95356090,95356324
Pancreas-Duct,chr4,71285376,71286227
Pancreas-Duct,chr21,36376853,36377111
Pancreas-Duct,chr4,71269335,71269576
Pancreas-Duct,chr14,99732606,99732644
Pancreas-Duct,chr17,42376564,42376801
Pancreas-Duct,chr4,71262352,71263076
Pancreas-Duct,chr7,47593199,47593588
Pancreas-Duct,chr8,124269850,124270020
Pancreas-Duct,chr8,96005135,96005491
Pancreas-Duct,chr15,60720262,60720516
Pancreas-Duct,chr2,177597224,177597631
Pancreas-Duct,chr4,1778542,1778628
Pancreas-Duct,chr1,245239222,245239390
Pancreas-Duct,chr14,104988279,104988443
Pancreas-Duct,chr4,71305664,71305791
Pancreas-Duct,chr9,67154804,67154983
Pancreas-Duct,chr10,132658493,132658707
Pancreas-Duct,chr1,39435714,39436468
Pancreas-Duct,chr2,105935736,105937027
Pancreas-Duct,chr4,24650296,24650480
Pancreas-Duct,chr2,135610422,135610925
Pancreas-Duct,chr20,21310783,21310890
Pancreas-Duct,chr11,44236727,44237499
Pancreas-Duct,chr1,59170538,59170979
Pancreas-Duct,chr4,183083534,183083717
Pancreas-Duct,chr4,71219959,71220541
Pancreas-Duct,chr1,179295956,179296249
Pancreas-Duct,chr2,8338631,8338879
Pancreas-Duct,chr6,38391788,38391875
Pancreas-Duct,chr21,27230429,27231125
Pancreas-Duct,chr3,53554507,53555138
Pancreas-Duct,chr6,158194244,158194566
Pancreas-Duct,chr10,132657819,132657939
Pancreas-Duct,chr18,47110236,47110660
Pancreas-Duct,chr4,71256468,71257762
Pancreas-Duct,chr9,125762538,125762817
Pancreas-Duct,chr12,31973839,31974758
Pancreas-Duct,chr1,46483768,46483923
Pancreas-Duct,chr3,129190449,129190774
Pancreas-Duct,chr2,129071839,129072115
Pancreas-Duct,chr4,140225456,140225831
Pancreas-Duct,chr10,103732732,103733090
Pancreas-Duct,chr15,93287579,93287981
Pancreas-Duct,chr8,122719413,122719641
Pancreas-Duct,chr5,76840181,76840477
Pancreas-Duct,chr10,69814369,69815047
Pancreas-Duct,chr11,99366600,99366840
Pancreas-Duct,chr1,245234224,245234378
Pancreas-Duct,chr1,109659564,109659631
Pancreas-Duct,chr2,106368740,106368888
Pancreas-Duct,chr9,84384924,84385329
Pancreas-Duct,chr1,44771192,44771491
Pancreas-Duct,chr2,150089538,150089814
Pancreas-Duct,chr4,7790501,7790785
Pancreas-Duct,chr1,203148963,203149098
Pancreas-Duct,chr2,109147116,109148031
Pancreas-Duct,chr11,106312998,106313622
Pancreas-Duct,chr1,29680509,29680781
Pancreas-Duct,chr17,79775968,79776120
Pancreas-Duct,chr20,39778265,39778573
Pancreas-Duct,chr4,71255239,71256299
Pancreas-Duct,chr21,39668434,39668854
Pancreas-Duct,chr12,107689829,107690295
Pancreas-Duct,chr4,71289821,71290151
Pancreas-Duct,chr15,35970568,35970971
Pancreas-Duct,chr1,150982780,150983740
Pancreas-Duct,chr22,35570596,35570957
Pancreas-Duct,chr9,86516194,86516661
Pancreas-Duct,chr7,117490538,117491884
Pancreas-Duct,chr8,29271018,29271264
Pancreas-Duct,chr14,24259765,24259960
Pancreas-Duct,chr8,123076625,123077618
Pancreas-Duct,chr21,32503733,32504292
Pancreas-Duct,chr4,71217305,71217518
Pancreas-Duct,chr20,25208377,25208813
Pancreas-Duct,chr10,30069200,30069750
Pancreas-Duct,chr7,107380893,107381661
Pancreas-Duct,chr7,156918301,156918518
Pancreas-Duct,chr6,70148851,70149232
Pancreas-Duct,chr11,95183448,95183835
Pancreas-Duct,chr9,2819731,2820551
Pancreas-Duct,chr10,124516887,124516932
Pancreas-Duct,chr11,126837835,126838562
Pancreas-Duct,chr1,14860738,14860953
Pancreas-Duct,chr9,137693545,137694078
Pancreas-Duct,chr21,39535515,39536158
Pancreas-Duct,chr2,9341778,9342184
Pancreas-Duct,chr6,17929244,17929494
Pancreas-Duct,chr9,132047870,132048681
Pancreas-Duct,chr16,72838003,72838571
Pancreas-Duct,chr2,21316094,21317143
Pancreas-Duct,chr16,15890352,15890638
Pancreas-Duct,chr16,56926236,56926465
Pancreas-Duct,chr4,71270117,71270380
Pancreas-Duct,chr10,16628394,16628875
Pancreas-Duct,chr10,46449581,46449863
Pancreas-Duct,chr19,45678551,45678786
Pancreas-Duct,chr15,27573395,27573685
Pancreas-Duct,chr20,32369471,32369966
Pancreas-Duct,chr2,10356438,10356586
Pancreas-Duct,chr14,51731266,51731639
Pancreas-Duct,chr4,71323976,71324240
Pancreas-Duct,chr8,25358257,25358376
Pancreas-Duct,chr4,70858541,70858869
Pancreas-Duct,chr1,3037744,3037830
Pancreas-Duct,chr16,81082009,81082675
Pancreas-Duct,chr17,82974343,82974514
Pancreas-Duct,chr1,63919813,63920371
Pancreas-Duct,chr9,125772130,125772702
Pancreas-Duct,chr18,75800597,75800955
Pancreas-Duct,chr8,73619339,73620402
Pancreas-Duct,chr11,66211194,66211656
Pancreas-Duct,chr7,91611562,91611716
Pancreas-Duct,chr5,37394708,37395181
Pancreas-Duct,chr7,17522525,17523132
Pancreas-Duct,chr17,14198953,14199305
Pancreas-Duct,chr10,28443811,28444699
Pancreas-Duct,chr11,9834155,9834846
Pancreas-Duct,chr20,58002784,58002916
Pancreas-Duct,chr4,155968845,155969419
Pancreas-Duct,chr3,75327966,75328474
Pancreas-Duct,chr3,123159730,123160515
Pancreas-Duct,chr14,38997471,38997930
Pancreas-Duct,chr1,103238366,103239518
Pancreas-Duct,chr20,32347721,32347995
Pancreas-Duct,chr1,158199706,158199834
Pancreas-Duct,chr8,69640927,69641516
Pancreas-Duct,chr10,121395408,121395748
Pancreas-Duct,chr19,12386617,12387400
Pancreas-Duct,chr2,10355491,10355913
Pancreas-Duct,chr14,97409738,97410229
Pancreas-Duct,chr21,39611166,39611444
Pancreas-Duct,chr1,160986846,160987255
Pancreas-Duct,chr9,81900547,81900865
Pancreas-Duct,chr3,71229141,71229752
Pancreas-Duct,chr20,49689455,49689912
Pancreas-Duct,chr1,233353545,233353874
Pancreas-Duct,chr7,69331874,69332255
Pancreas-Duct,chr21,32777649,32777846
Pancreas-Duct,chr1,13814565,13814770
Pancreas-Duct,chr3,152410335,152410919
Pancreas-Duct,chr14,100228685,100228989
Pancreas-Duct,chr14,64555265,64555381
Pancreas-Duct,chr2,30174092,30174538
Pancreas-Duct,chr8,140918103,140918604
Pancreas-Duct,chr6,9403104,9403250
Pancreas-Duct,chr6,108765357,108765855
Pancreas-Duct,chr3,122755281,122756121
Pancreas-Duct,chr20,21310901,21311237
Pancreas-Duct,chr4,71306310,71306858
Pancreas-Duct,chr7,139956425,139956675
Pancreas-Duct,chr7,26452591,26453016
Pancreas-Duct,chr8,123053927,123054657
Pancreas-Duct,chr1,40859328,40859691
Pancreas-Duct,chr6,138026941,138027511
Pancreas-Duct,chr6,104722651,104723871
Pancreas-Duct,chr4,71299907,71300863
Pancreas-Duct,chr22,49048282,49048721
Pancreas-Duct,chr11,83132608,83132801
Pancreas-Duct,chr5,59100156,59100575
Pancreas-Duct,chr4,55871836,55871983
Pancreas-Duct,chr2,22594070,22594755
Pancreas-Duct,chr7,253893,254388
Pancreas-Duct,chr10,23005161,23005463
Pancreas-Duct,chr15,29853904,29854052
Prostate-Ep,chr2,236055543,236055612
Prostate-Ep,chr6,2700902,2701454
Prostate-Ep,chr7,157630458,157630520
Prostate-Ep,chr8,51982350,51982412
Prostate-Ep,chr12,31471728,31472137
Prostate-Ep,chr5,175493569,175494013
Prostate-Ep,chr2,42223020,42223269
Prostate-Ep,chr22,32167100,32167535
Prostate-Ep,chr7,26136689,26137215
Prostate-Ep,chr16,49733000,49733194
Prostate-Ep,chr17,77683876,77684207
Prostate-Ep,chr22,30047182,30047245
Prostate-Ep,chr17,9445315,9445619
Prostate-Ep,chr1,115611215,115611565
Prostate-Ep,chr2,241173534,241174263
Prostate-Ep,chr3,24045271,24045615
Prostate-Ep,chr21,43981129,43981252
Prostate-Ep,chr16,50211387,50211907
Prostate-Ep,chr1,60640032,60640339
Prostate-Ep,chr20,61184914,61184948
Prostate-Ep,chrX,35500407,35500448
Prostate-Ep,chr3,149283852,149283991
Prostate-Ep,chr8,19765203,19765291
Prostate-Ep,chr10,26389003,26389743
Prostate-Ep,chr6,14459181,14459855
Prostate-Ep,chr4,3401409,3401806
Prostate-Ep,chr3,110370452,110371102
Prostate-Ep,chr1,245499140,245499541
Prostate-Ep,chr6,720637,720836
Prostate-Ep,chr20,40178635,40179017
Prostate-Ep,chr12,39777596,39777731
Prostate-Ep,chr13,20696448,20696556
Prostate-Ep,chr20,3023742,3023857
Prostate-Ep,chr5,61809217,61809352
Prostate-Ep,chr21,42546688,42547007
Prostate-Ep,chr8,902832,903136
Prostate-Ep,chr3,193957845,193958028
Prostate-Ep,chr15,100092315,100092545
Prostate-Ep,chr18,70304673,70305003
Prostate-Ep,chr13,113641042,113641583
Prostate-Ep,chr4,99421697,99422036
Prostate-Ep,chr14,61796313,61797264
Prostate-Ep,chr15,42787051,42787334
Prostate-Ep,chr19,32864456,32864717
Prostate-Ep,chr5,171796143,171796504
Prostate-Ep,chr5,178305258,178305346
Prostate-Ep,chr5,43077073,43077659
Prostate-Ep,chr3,107786818,107787231
Prostate-Ep,chr12,104500247,104500513
Prostate-Ep,chr16,12342965,12343188
Prostate-Ep,chr4,3945893,3945964
Prostate-Ep,chr6,75485199,75486061
Prostate-Ep,chr6,84483933,84484461
Prostate-Ep,chr6,45641201,45641525
Prostate-Ep,chr2,178965908,178965948
Prostate-Ep,chr19,16986697,16986922
Prostate-Ep,chr7,84665054,84665301
Prostate-Ep,chr22,49178772,49178847
Prostate-Ep,chr3,41932951,41933029
Prostate-Ep,chr15,91345436,91345536
Prostate-Ep,chr1,198386963,198387175
Prostate-Ep,chr16,56917555,56917834
Prostate-Ep,chr2,152706395,152706725
Prostate-Ep,chr2,172213488,172213989
Prostate-Ep,chr15,88042431,88042620
Prostate-Ep,chr2,70549080,70549319
Prostate-Ep,chr11,83132839,83132911
Prostate-Ep,chr10,7341821,7342357
Prostate-Ep,chr19,34882393,34882732
Prostate-Ep,chr12,110386242,110386722
Prostate-Ep,chrX,97620909,97621558
Prostate-Ep,chr16,25915200,25915262
Prostate-Ep,chr6,53959494,53959671
Prostate-Ep,chr9,16204128,16204162
Prostate-Ep,chr2,62036688,62037516
Prostate-Ep,chr10,122022130,122022227
Prostate-Ep,chr10,12274773,12274909
Prostate-Ep,chr13,42383208,42383708
Prostate-Ep,chr8,129107707,129107913
Prostate-Ep,chr11,62101058,62101238
Prostate-Ep,chr3,44491436,44492151
Prostate-Ep,chr14,85830523,85830807
Prostate-Ep,chr18,71282092,71282224
Prostate-Ep,chr2,178438695,178438887
Prostate-Ep,chr1,180942536,180942683
Prostate-Ep,chr2,86046712,86047151
Prostate-Ep,chr6,72403005,72403468
Prostate-Ep,chr11,11168754,11169034
Prostate-Ep,chr2,208993677,208994222
Prostate-Ep,chr22,19904850,19905174
Prostate-Ep,chr22,47665855,47666109
Prostate-Ep,chr3,67076124,67076200
Prostate-Ep,chr17,1435206,1435675
Prostate-Ep,chr1,19262949,19263724
Prostate-Ep,chr1,244719232,244719538
Prostate-Ep,chr17,55863103,55863233
Prostate-Ep,chr2,210430936,210431161
Prostate-Ep,chr10,77777238,77778035
Prostate-Ep,chrX,107597334,107597555
Prostate-Ep,chr1,76273632,76274335
Prostate-Ep,chr19,51355396,51355656
Prostate-Ep,chr7,84687841,84688016
Prostate-Ep,chr12,45132310,45132489
Prostate-Ep,chr1,163645664,163645715
Prostate-Ep,chr7,109882013,109882755
Prostate-Ep,chr21,30338583,30339025
Prostate-Ep,chr7,156401585,156401935
Prostate-Ep,chr7,19700703,19701444
Prostate-Ep,chr7,253627,253847
Prostate-Ep,chr10,18777407,18777527
Prostate-Ep,chr19,5269234,5269344
Prostate-Ep,chr4,85192194,85192330
Prostate-Ep,chr6,62040244,62040593
Prostate-Ep,chr1,6917658,6917846
Prostate-Ep,chr13,28486620,28486789
Prostate-Ep,chr16,46930953,46931294
Prostate-Ep,chr10,116301464,116301622
Prostate-Ep,chr3,182939089,182939244
Prostate-Ep,chr17,5260348,5260885
Prostate-Ep,chr3,183972311,183972455
Prostate-Ep,chr8,122121316,122121747
Prostate-Ep,chr13,49601695,49601846
Prostate-Ep,chr2,42653561,42654939
Prostate-Ep,chr1,203064439,203064554
Prostate-Ep,chr18,78822167,78822245
Prostate-Ep,chr2,70228885,70229162
Prostate-Ep,chr5,126238331,126238739
Prostate-Ep,chr11,20570650,20570967
Prostate-Ep,chr16,968136,968739
Prostate-Ep,chr1,64625953,64626451
Prostate-Ep,chr10,69366606,69367254
Prostate-Ep,chr16,17096448,17096568
Prostate-Ep,chr18,58793867,58794017
Prostate-Ep,chr5,69122561,69123646
Prostate-Ep,chr22,39011840,39012212
Prostate-Ep,chr13,109872369,109872639
Prostate-Ep,chr7,140301544,140301790
Prostate-Ep,chr6,67357382,67358645
Prostate-Ep,chr2,111528141,111528284
Prostate-Ep,chr1,205698961,205699463
Prostate-Ep,chr6,146626258,146627189
Prostate-Ep,chrX,134395041,134395687
Prostate-Ep,chr5,32473047,32473247
Prostate-Ep,chr16,68405967,68406264
Prostate-Ep,chr14,80570553,80571673
Prostate-Ep,chr14,65079533,65079810
Prostate-Ep,chr2,54791242,54791391
Prostate-Ep,chr10,44589352,44589407
Prostate-Ep,chr21,45492199,45492274
Prostate-Ep,chr4,20526045,20527035
Prostate-Ep,chr15,98103452,98103639
Prostate-Ep,chr18,13812353,13812505
Prostate-Ep,chr22,49474440,49474523
Prostate-Ep,chr6,70611718,70612106
Prostate-Ep,chr7,80252783,80253551
Prostate-Ep,chr2,83089168,83089251
Prostate-Ep,chr2,231748867,231749462
Prostate-Ep,chr10,16913541,16913938
Prostate-Ep,chr15,53540957,53541008
Prostate-Ep,chr12,129097245,129097740
Prostate-Ep,chr21,36044105,36044230
Prostate-Ep,chr16,2829392,2829452
Prostate-Ep,chr2,20011426,20011880
Prostate-Ep,chr12,17449219,17449831
Prostate-Ep,chr10,44517283,44517490
Prostate-Ep,chr7,15712295,15712794
Prostate-Ep,chr2,163599977,163600196
Prostate-Ep,chr3,150690103,150691038
Prostate-Ep,chr13,109244586,109245077
Prostate-Ep,chr5,18701883,18702229
Prostate-Ep,chr1,38526424,38526719
Prostate-Ep,chr15,48630983,48631132
Prostate-Ep,chr13,43348021,43348277
Prostate-Ep,chr5,135573786,135574149
Prostate-Ep,chr3,134911905,134912271
Prostate-Ep,chr1,15078773,15079152
Prostate-Ep,chrX,29862634,29862949
Prostate-Ep,chr1,164864381,164864964
Prostate-Ep,chr5,37254592,37255331
Prostate-Ep,chr6,259430,259658
Prostate-Ep,chr9,16821189,16821822
Prostate-Ep,chr2,124408101,124408176
Prostate-Ep,chr15,68977730,68978192
Prostate-Ep,chr8,48790749,48790980
Prostate-Ep,chr10,94619632,94619790
Prostate-Ep,chr8,141217338,141217707
Prostate-Ep,chr17,48190313,48190404
Prostate-Ep,chr4,122246140,122246801
Prostate-Ep,chr7,15648151,15648410
Prostate-Ep,chr13,96189712,96190260
Prostate-Ep,chr3,55969653,55970225
Prostate-Ep,chr12,72931710,72931875
Prostate-Ep,chr8,2965510,2965833
Prostate-Ep,chr2,122351993,122352159
Prostate-Ep,chr3,160692084,160692529
Prostate-Ep,chr3,192555603,192556842
Prostate-Ep,chr2,120538934,120539208
Prostate-Ep,chr6,134508947,134509405
Prostate-Ep,chr7,38429454,38429899
Prostate-Ep,chr14,101305936,101306363
Prostate-Ep,chr4,3415755,3416047
Prostate-Ep,chr8,138397359,138397539
Prostate-Ep,chr7,43977549,43978174
Prostate-Ep,chrX,11417384,11418133
Prostate-Ep,chr3,112281362,112281686
Prostate-Ep,chr6,8922231,8922321
Prostate-Ep,chr1,242907696,242907890
Prostate-Ep,chr2,11640532,11640637
Prostate-Ep,chr8,112501177,112501624
Prostate-Ep,chr17,60888477,60889017
Prostate-Ep,chr17,28986768,28987093
Prostate-Ep,chr2,79071592,79071864
Prostate-Ep,chr8,40631409,40631767
Prostate-Ep,chr2,30343837,30344031
Prostate-Ep,chr12,60714515,60715073
Prostate-Ep,chr3,22930636,22931525
Prostate-Ep,chr11,92831815,92832111
Prostate-Ep,chr10,64676482,64677511
Prostate-Ep,chrY,7449185,7449542
Prostate-Ep,chr1,101699116,101699714
Prostate-Ep,chr17,13133051,13133369
Prostate-Ep,chr2,150586193,150586517
Prostate-Ep,chr5,31323000,31323132
Prostate-Ep,chr5,108423213,108423698
Prostate-Ep,chr2,219868347,219869212
Prostate-Ep,chrX,145677440,145677813
Prostate-Ep,chr1,241439805,241440489
Prostate-Ep,chr2,176423135,176423372
Prostate-Ep,chr7,108624359,108624993
Prostate-Ep,chr7,33075695,33076371
Prostate-Ep,chrX,32421709,32421903
Prostate-Ep,chrY,12998174,12999216
Prostate-Ep,chr2,162157321,162158025
Prostate-Ep,chr4,112371388,112372092
Prostate-Ep,chr4,57946138,57946486
Prostate-Ep,chr1,152534650,152535095
Prostate-Ep,chr7,72322288,72322383
Prostate-Ep,chr18,66934580,66935297
Prostate-Ep,chr4,8992398,8992519
Prostate-Ep,chr5,21664964,21665508
Prostate-Ep,chrX,149436192,149436463
Prostate-Ep,chr8,77940929,77941157
Prostate-Ep,chr6,69515466,69515585
Prostate-Ep,chr12,130688922,130689053
Prostate-Ep,chr11,107713650,107713693
Prostate-Ep,chr19,45116067,45116301
Prostate-Ep,chr9,91063479,91063618
Prostate-Ep,chr15,63894364,63894472
Prostate-Ep,chr17,29640171,29640319
Prostate-Ep,chr14,20436010,20436162
Skeletal-Musc,chr18,60196247,60196600
Skeletal-Musc,chr4,186904917,186905075
Skeletal-Musc,chr19,8138179,8138304
Skeletal-Musc,chr15,42359810,42359989
Skeletal-Musc,chr16,78902167,78902440
Skeletal-Musc,chr2,11777144,11777304
Skeletal-Musc,chr2,201345890,201346120
Skeletal-Musc,chr10,68122088,68122292
Skeletal-Musc,chr19,39817980,39818528
Skeletal-Musc,chr2,234075412,234075588
Skeletal-Musc,chr20,50291950,50292031
Skeletal-Musc,chr3,48086459,48086615
Skeletal-Musc,chr1,43716847,43717114
Skeletal-Musc,chr20,20084776,20085230
Skeletal-Musc,chr1,38001682,38002289
Skeletal-Musc,chr2,176968568,176968750
Skeletal-Musc,chr2,126315034,126315504
Skeletal-Musc,chr10,23064134,23064458
Skeletal-Musc,chr18,633846,633900
Skeletal-Musc,chr16,29169989,29170341
Skeletal-Musc,chr2,236066382,236066508
Skeletal-Musc,chr6,33729782,33729875
Skeletal-Musc,chr10,133081191,133081435
Skeletal-Musc,chr10,73674604,73675141
Skeletal-Musc,chr11,71901459,71901586
Skeletal-Musc,chr12,46692883,46693158
Skeletal-Musc,chr2,127074779,127074997
Skeletal-Musc,chr2,65279730,65279877
Skeletal-Musc,chr6,152343213,152343455
Skeletal-Musc,chr9,81466471,81466587
Skeletal-Musc,chr14,57943426,57943741
Skeletal-Musc,chr2,85733446,85733778
Skeletal-Musc,chr9,71812066,71812413
Skeletal-Musc,chr11,1972554,1972733
Skeletal-Musc,chr14,50218840,50218984
Skeletal-Musc,chr1,55201331,55201558
Skeletal-Musc,chr1,201100342,201100989
Skeletal-Musc,chr15,61624050,61624073
Skeletal-Musc,chr8,81172043,81172248
Skeletal-Musc,chr4,54163872,54164126
Skeletal-Musc,chr6,28930581,28930937
Skeletal-Musc,chr6,87681076,87681332
Skeletal-Musc,chr19,49844541,49844760
Skeletal-Musc,chr21,44462101,44462229
Skeletal-Musc,chr7,152700185,152700354
Skeletal-Musc,chr3,188007203,188007267
Skeletal-Musc,chr13,106091855,106091976
Skeletal-Musc,chr22,27781992,27782329
Skeletal-Musc,chr2,231688803,231688851
Skeletal-Musc,chr7,36210442,36210734
Skeletal-Musc,chr17,4625065,4625246
Skeletal-Musc,chr8,4650535,4650590
Skeletal-Musc,chr3,42685457,42685642
Skeletal-Musc,chr19,3442503,3442688
Skeletal-Musc,chr17,81940837,81941112
Skeletal-Musc,chr15,40923559,40923706
Skeletal-Musc,chr21,18269892,18270174
Skeletal-Musc,chr2,85732928,85733344
Skeletal-Musc,chr15,26562167,26562388
Skeletal-Musc,chr18,21458217,21458267
Skeletal-Musc,chr19,5507431,5507530
Skeletal-Musc,chr21,43437635,43437743
Skeletal-Musc,chr4,119031417,119031682
Skeletal-Musc,chr2,61722685,61722922
Skeletal-Musc,chr11,73211627,73212648
Skeletal-Musc,chr3,15498496,15498654
Skeletal-Musc,chr7,128217998,128218350
Skeletal-Musc,chr15,98433985,98434054
Skeletal-Musc,chr21,41604878,41604960
Skeletal-Musc,chr3,84904899,84905228
Skeletal-Musc,chr8,33543701,33543895
Skeletal-Musc,chr15,44143785,44143856
Skeletal-Musc,chr17,64219243,64219421
Skeletal-Musc,chr2,238150042,238150292
Skeletal-Musc,chr1,109508664,109508805
Skeletal-Musc,chr3,134644703,134644972
Skeletal-Musc,chr17,1860771,1861245
Skeletal-Musc,chr19,2845992,2846772
Skeletal-Musc,chr10,118392886,118393161
Skeletal-Musc,chr16,21505900,21506265
Skeletal-Musc,chr7,27305880,27306128
Skeletal-Musc,chr12,122363911,122364162
Skeletal-Musc,chr12,57202751,57203051
Skeletal-Musc,chr14,93982411,93982776
Skeletal-Musc,chr2,178767781,178767893
Skeletal-Musc,chr22,39227882,39228216
Skeletal-Musc,chr7,4202136,4202357
Skeletal-Musc,chr1,5617975,5618033
Skeletal-Musc,chr19,2256666,2256847
Skeletal-Musc,chr2,201040609,201040765
Skeletal-Musc,chr2,85432545,85433039
Skeletal-Musc,chr5,3489486,3489735
Skeletal-Musc,chr10,103610797,103611014
Skeletal-Musc,chr12,57250642,57250997
Skeletal-Musc,chr8,57218203,57218340
Skeletal-Musc,chr1,196650486,196650643
Skeletal-Musc,chr1,62963775,62964016
Skeletal-Musc,chr17,67043913,67044347
Skeletal-Musc,chr2,217870799,217871011
Skeletal-Musc,chr5,134500800,134501155
Skeletal-Musc,chr12,122142468,122142788
Skeletal-Musc,chr7,87146518,87146773
Skeletal-Musc,chr11,119348385,119348599
Skeletal-Musc,chr12,101611969,101612524
Skeletal-Musc,chr14,99012784,99013001
Skeletal-Musc,chr9,127818010,127818223
Skeletal-Musc,chr3,128770544,128771251
Skeletal-Musc,chr4,136355118,136355324
Skeletal-Musc,chr4,6228577,6228644
Skeletal-Musc,chr10,116242221,116242575
Skeletal-Musc,chr11,71248129,71248246
Skeletal-Musc,chr18,77609480,77610037
Skeletal-Musc,chr3,167066004,167066261
Skeletal-Musc,chr5,88904109,88904578
Skeletal-Musc,chr7,102303235,102303672
Skeletal-Musc,chr7,187369,187453
Skeletal-Musc,chr16,86971040,86971272
Skeletal-Musc,chr6,17296573,17296851
Skeletal-Musc,chr20,56835333,56835406
Skeletal-Musc,chr10,68108459,68109072
Skeletal-Musc,chr11,61709651,61709840
Skeletal-Musc,chr1,199388047,199388408
Skeletal-Musc,chr1,17164311,17164352
Skeletal-Musc,chr15,27457580,27457727
Skeletal-Musc,chr19,32317498,32317660
Skeletal-Musc,chr5,38046267,38046478
Skeletal-Musc,chr8,37844899,37845096
Skeletal-Musc,chr2,110048604,110049143
Skeletal-Musc,chr20,19502186,19502388
Skeletal-Musc,chr5,31869804,31870127
Skeletal-Musc,chr17,63987902,63988421
Skeletal-Musc,chr2,127147367,127147512
Skeletal-Musc,chr15,84810102,84810612
Skeletal-Musc,chr16,73408844,73408938
Skeletal-Musc,chr10,60849044,60849473
Skeletal-Musc,chr17,34072136,34072269
Skeletal-Musc,chr19,4893271,4893573
Skeletal-Musc,chr9,134961096,134961129
Skeletal-Musc,chr4,1687389,1687448
Skeletal-Musc,chr2,233334238,233334471
Skeletal-Musc,chr4,148574686,148575148
Skeletal-Musc,chr5,174446941,174447076
Skeletal-Musc,chr15,61623828,61623937
Skeletal-Musc,chr7,125127436,125127822
Skeletal-Musc,chr19,4796707,4796768
Skeletal-Musc,chr2,109422177,109422884
Skeletal-Musc,chr2,234396152,234396457
Skeletal-Musc,chr2,23518670,23519239
Skeletal-Musc,chr1,115185001,115185277
Skeletal-Musc,chr11,1955640,1955786
Skeletal-Musc,chr1,156754553,156754682
Skeletal-Musc,chr11,2105323,2105449
Skeletal-Musc,chr8,125691232,125691556
Skeletal-Musc,chr7,142629587,142629792
Skeletal-Musc,chr20,57726910,57727088
Skeletal-Musc,chr7_KI270803v1_alt,358501,358715
Skeletal-Musc,chr8,41663063,41663690
Skeletal-Musc,chr6,148294277,148294568
Skeletal-Musc,chr9,134477840,134478232
Skeletal-Musc,chr13,111031110,111031175
Skeletal-Musc,chr2,1686495,1686694
Skeletal-Musc,chr12,117440745,117440894
Skeletal-Musc,chr14,93957358,93957727
Skeletal-Musc,chr16,57426352,57426626
Skeletal-Musc,chr22,47391250,47391386
Skeletal-Musc,chr6,43936598,43936878
Skeletal-Musc,chr9,124296958,124297247
Skeletal-Musc,chr15,43273882,43274053
Skeletal-Musc,chr12,129774453,129774871
Skeletal-Musc,chr6,40780675,40781215
Skeletal-Musc,chr13,25973190,25973291
Skeletal-Musc,chr18,78391431,78391522
Skeletal-Musc,chr10,30692097,30692333
Skeletal-Musc,chr4,125159456,125159612
Skeletal-Musc,chr7,93573306,93573491
Skeletal-Musc,chr1,118290924,118291818
Skeletal-Musc,chr19,45324540,45324895
Skeletal-Musc,chr22,48581397,48581571
Skeletal-Musc,chr19,48517833,48517961
Skeletal-Musc,chr1,53487441,53487611
Skeletal-Musc,chr6,117275257,117275489
Skeletal-Musc,chr19,29193684,29193911
Skeletal-Musc,chr4,133436375,133436518
Skeletal-Musc,chr10,127161606,127162000
Skeletal-Musc,chr13,23986151,23986387
Skeletal-Musc,chr8,57218001,57218113
Skeletal-Musc,chr15,65406536,65406736
Skeletal-Musc,chr8,33670539,33670953
Skeletal-Musc,chr12,24748594,24748704
Skeletal-Musc,chr17,902317,902470
Skeletal-Musc,chr1,240526670,240526830
Skeletal-Musc,chr15,63034827,63035564
Skeletal-Musc,chr17,13462423,13462843
Skeletal-Musc,chr6,163878377,163878760
Skeletal-Musc,chr10,13105631,13105888
Skeletal-Musc,chr15,86486967,86487249
Skeletal-Musc,chr16,18781344,18781597
Skeletal-Musc,chr2,241213400,241213603
Skeletal-Musc,chr12,80709381,80709929
Skeletal-Musc,chr16,29141547,29141766
Skeletal-Musc,chr7,128826672,128827510
Skeletal-Musc,chr15,93090479,93090885
Skeletal-Musc,chr10,122287377,122287671
Skeletal-Musc,chr3,52024594,52025158
Skeletal-Musc,chr1,118290357,118290775
Skeletal-Musc,chr3,42683021,42683376
Skeletal-Musc,chr10,51301783,51302203
Skeletal-Musc,chr17,80486715,80486759
Skeletal-Musc,chr18,49843721,49844030
Skeletal-Musc,chr20,17732603,17732923
Skeletal-Musc,chr13,97260219,97260466
Skeletal-Musc,chr1,229409153,229409478
Skeletal-Musc,chr1,229436524,229436731
Skeletal-Musc,chr18,24928859,24928986
Skeletal-Musc,chr1,975053,975096
Skeletal-Musc,chr20,57301215,57301253
Skeletal-Musc,chr12,102596163,102596381
Skeletal-Musc,chr10,2906027,2906121
Skeletal-Musc,chr6,5843056,5843428
Skeletal-Musc,chr3,195763069,195763347
Skeletal-Musc,chr11,70506590,70506767
Skeletal-Musc,chr22,37443615,37443876
Skeletal-Musc,chr20,54721753,54722397
Skeletal-Musc,chr16,88103903,88103992
Skeletal-Musc,chr17,17646876,17647108
Skeletal-Musc,chr2,218831967,218832437
Skeletal-Musc,chr12,3009795,3009968
Skeletal-Musc,chr3,14540803,14541005
Skeletal-Musc,chrX,34881043,34881140
Skeletal-Musc,chrX,3699445,3699601
Skeletal-Musc,chr20,23320296,23320578
Skeletal-Musc,chr2,118134669,118135033
Skeletal-Musc,chr8,138723511,138723640
Skeletal-Musc,chr9,93301144,93301411
Skeletal-Musc,chr13,60351006,60351155
Skeletal-Musc,chr19,4561907,4562043
Skeletal-Musc,chr12,124260908,124261014
Skeletal-Musc,chr5,169795884,169796027
Skeletal-Musc,chr4,33435208,33435787
Skeletal-Musc,chr12,53460334,53460475
Skeletal-Musc,chr16,7826760,7827266
Skeletal-Musc,chr17,53631361,53631571
Skeletal-Musc,chrX,133648308,133648910
Skeletal-Musc,chr7,28847627,28847952
Skeletal-Musc,chr14,89793022,89793356
Skeletal-Musc,chr11,39325328,39325760
Skeletal-Musc,chrX,105260373,105260667
Skeletal-Musc,chr10,125557800,125558261
Skeletal-Musc,chr12,42277426,42277932
Skeletal-Musc,chr19,5926423,5926744
Skeletal-Musc:Smooth-Musc,chr4,128394649,128395083
Skeletal-Musc:Smooth-Musc,chr7,69218071,69218286
Skeletal-Musc:Smooth-Musc,chr10,44818034,44818454
Skeletal-Musc:Smooth-Musc,chr12,124127216,124127420
Skeletal-Musc:Smooth-Musc,chr14,88931618,88931866
Skeletal-Musc:Smooth-Musc,chr1,147630438,147630695
Skeletal-Musc:Smooth-Musc,chrX,9676562,9676615
Skeletal-Musc:Smooth-Musc,chr7,36214650,36214867
Skeletal-Musc:Smooth-Musc,chr16,50944250,50944904
Skeletal-Musc:Smooth-Musc,chr8,76778568,76778954
Skeletal-Musc:Smooth-Musc,chr20,24782436,24782723
Skeletal-Musc:Smooth-Musc,chr21,29637203,29637669
Skeletal-Musc:Smooth-Musc,chr1,184482448,184482866
Skeletal-Musc:Smooth-Musc,chr7,33501109,33501511
Skeletal-Musc:Smooth-Musc,chr12,102601816,102601977
Skeletal-Musc:Smooth-Musc,chr12,97118797,97119049
Skeletal-Musc:Smooth-Musc,chr2,51302888,51303184
Skeletal-Musc:Smooth-Musc,chr10,130493531,130493626
Skeletal-Musc:Smooth-Musc,chr2,239307079,239307151
Skeletal-Musc:Smooth-Musc,chr1,183732438,183732860
Skeletal-Musc:Smooth-Musc,chr1,228336696,228336835
Skeletal-Musc:Smooth-Musc,chr3,130099100,130099334
Skeletal-Musc:Smooth-Musc,chr16,11145410,11145697
Skeletal-Musc:Smooth-Musc,chr1,113983249,113983453
Skeletal-Musc:Smooth-Musc,chr11,132712913,132713035
Skeletal-Musc:Smooth-Musc,chr10,118163232,118163514
Skeletal-Musc:Smooth-Musc,chr2,90396177,90397307
Skeletal-Musc:Smooth-Musc,chr6,167389672,167389912
Skeletal-Musc:Smooth-Musc,chr11,54967543,54968506
Skeletal-Musc:Smooth-Musc,chr3,184919844,184920577
Skeletal-Musc:Smooth-Musc,chr7,2845363,2845407
Skeletal-Musc:Smooth-Musc,chr7,29482427,29483117
Skeletal-Musc:Smooth-Musc,chr7,101240099,101240411
Skeletal-Musc:Smooth-Musc,chr12,2397448,2397499
Skeletal-Musc:Smooth-Musc,chr2,173709416,173709681
Skeletal-Musc:Smooth-Musc,chr15,76500950,76501025
Small-Int-Ep,chr5,138598201,138598294
Small-Int-Ep,chr20,61822481,61822532
Small-Int-Ep,chr11,65826856,65827160
Small-Int-Ep,chr10,118297555,118298075
Small-Int-Ep,chr1,200104731,200104883
Small-Int-Ep,chr10,124808171,124808466
Small-Int-Ep,chr13,29536013,29536438
Small-Int-Ep,chr3,23535335,23535687
Small-Int-Ep,chr4,177401077,177401313
Small-Int-Ep,chr6,34240850,34241035
Small-Int-Ep,chr13,99687826,99688788
Small-Int-Ep,chr6,11752840,11752983
Small-Int-Ep,chr13,44765549,44765782
Small-Int-Ep,chr14,102536450,102536527
Small-Int-Ep,chr8,38207756,38208265
Small-Int-Ep,chr2,135837337,135837479
Small-Int-Ep,chr10,19050020,19050383
Small-Int-Ep,chr3,197675038,197675337
Small-Int-Ep,chr19,41436235,41437198
Small-Int-Ep,chr20,63891394,63892084
Small-Int-Ep,chr20,34879155,34879719
Small-Int-Ep,chr3,100612958,100613137
Small-Int-Ep,chr11,440653,440883
Small-Int-Ep,chr17,45265137,45265297
Small-Int-Ep,chr14,89645357,89645595
Small-Int-Ep,chr11,272256,272629
Small-Int-Ep,chr22,24695535,24695750
Small-Int-Ep,chr20,41547249,41547488
Small-Int-Ep,chr11,107810216,107810590
Small-Int-Ep,chr6,139147948,139148681
Small-Int-Ep,chr1,224273305,224273987
Small-Int-Ep,chr4,56267213,56267414
Small-Int-Ep,chr17,9219722,9219851
Small-Int-Ep,chr7,101234302,101234647
Small-Int-Ep,chr11,283462,283609
Small-Int-Ep,chr2,162916014,162916283
Small-Int-Ep,chr2,234985690,234986179
Small-Int-Ep,chr1,227102302,227102762
Small-Int-Ep,chr17,57545715,57546202
Small-Int-Ep,chr1,240888781,240888886
Small-Int-Ep,chr9,36083409,36083631
Small-Int-Ep,chr7,151888388,151888516
Small-Int-Ep,chr7,26271359,26271864
Small-Int-Ep,chr1,33314454,33314715
Small-Int-Ep,chr12,22600183,22600729
Small-Int-Ep,chr11,271883,272180
Small-Int-Ep,chr14,100348927,100349189
Small-Int-Ep,chr9,109299797,109300305
Small-Int-Ep,chrY,21450932,21451168
Small-Int-Ep,chr5,174542342,174542501
Small-Int-Ep,chr5,80362723,80362956
Small-Int-Ep,chr11,77593353,77593463
Small-Int-Ep,chr1,114782307,114782835
Small-Int-Ep,chr5,1368568,1368764
Small-Int-Ep,chr11,3149488,3149592
Small-Int-Ep,chr15,71789159,71789573
Small-Int-Ep,chr17,78737900,78738271
Small-Int-Ep,chr18,62011365,62011941
Small-Int-Ep,chr16,79444389,79445135
Small-Int-Ep,chr4,70694466,70694990
Small-Int-Ep,chr8,128287454,128288030
Small-Int-Ep,chr19,38859668,38859702
Small-Int-Ep,chr5,78675570,78675828
Small-Int-Ep,chr7,55094934,55095175
Small-Int-Ep,chr4,81447427,81447817
Small-Int-Ep,chr20,11983989,11984046
Small-Int-Ep,chr12,92655454,92656067
Small-Int-Ep,chr14,99611786,99612125
Small-Int-Ep,chr16,46930097,46930290
Small-Int-Ep,chr11,77587190,77587628
Small-Int-Ep,chr6,16178434,16178665
Small-Int-Ep,chr7,24740937,24741132
Small-Int-Ep,chr1,10819117,10819562
Small-Int-Ep,chr8,80106976,80107131
Small-Int-Ep,chr1,206414515,206415067
Small-Int-Ep,chr2,210545376,210546468
Small-Int-Ep,chr19,6402358,6402774
Small-Int-Ep,chr12,48027881,48028037
Small-Int-Ep,chr14,67468076,67468366
Small-Int-Ep,chr6,121853994,121854550
Small-Int-Ep,chr10,87072911,87073179
Small-Int-Ep,chr12,9542489,9542629
Small-Int-Ep,chr16,2171848,2172064
Small-Int-Ep,chr22,46210632,46211258
Small-Int-Ep,chr16,2166893,2167168
Small-Int-Ep,chr13,114121658,114121895
Small-Int-Ep,chr22,28374980,28375264
Small-Int-Ep,chr6,26257833,26258608
Small-Int-Ep,chr12,121603182,121603524
Small-Int-Ep,chr7,44330791,44330899
Small-Int-Ep,chr3,196636372,196636569
Small-Int-Ep,chr22,17870236,17870559
Small-Int-Ep,chr22,35363390,35363650
Small-Int-Ep,chr19,46180419,46180738
Small-Int-Ep,chr5,180990016,180990115
Small-Int-Ep,chr17,1807772,1808522
Small-Int-Ep,chr20,42098914,42099232
Small-Int-Ep,chr2,103352764,103353077
Small-Int-Ep,chr10,77563533,77563822
Small-Int-Ep,chr18,12701639,12701730
Small-Int-Ep,chr13,29880621,29881072
Small-Int-Ep,chr15,81376303,81376737
Small-Int-Ep,chr2,85344666,85344842
Small-Int-Ep,chr17,13298370,13298548
Small-Int-Ep,chr12,115452701,115453024
Small-Int-Ep,chr3,111847995,111848309
Small-Int-Ep,chr1,77938372,77938571
Small-Int-Ep,chr2,39149425,39149620
Small-Int-Ep,chr5,71531669,71531860
Small-Int-Ep,chr17,59555393,59555827
Small-Int-Ep,chr12,92829663,92830067
Small-Int-Ep,chr5,134001404,134001488
Small-Int-Ep,chr6,166472711,166472932
Small-Int-Ep,chr6,4263184,4263467
Small-Int-Ep,chr9,76623419,76624210
Small-Int-Ep,chr6,167787718,167788143
Small-Int-Ep,chr9,128259310,128259540
Small-Int-Ep,chr8,75474886,75475496
Small-Int-Ep,chr15,79987598,79987829
Small-Int-Ep,chr12,124194407,124194461
Small-Int-Ep,chr19,4843078,4843334
Small-Int-Ep,chr17,5041730,5042016
Small-Int-Ep,chr5,176550375,176550477
Small-Int-Ep,chr17,48379903,48379978
Small-Int-Ep,chr20,47339499,47339728
Small-Int-Ep,chr1,114642140,114642243
Small-Int-Ep,chr5,125028160,125028235
Small-Int-Ep,chr5,154640824,154641830
Small-Int-Ep,chr9,132606381,132606492
Small-Int-Ep,chr20,32486964,32487067
Small-Int-Ep,chr8,18361918,18362304
Small-Int-Ep,chr16,50814601,50814925
Small-Int-Ep,chr17,79985759,79986016
Small-Int-Ep,chr4,128298676,128299436
Small-Int-Ep,chr1,7679547,7679787
Small-Int-Ep,chr6,75596002,75596127
Small-Int-Ep,chr10,1551973,1552071
Small-Int-Ep,chr19,8032639,8033019
Small-Int-Ep,chr7,98371983,98372145
Small-Int-Ep,chr6,13828769,13828964
Small-Int-Ep,chr15,52098727,52099014
Small-Int-Ep,chr2,196900707,196900884
Small-Int-Ep,chr2,10022916,10023284
Small-Int-Ep,chr16,69596441,69596579
Small-Int-Ep,chr4,24177973,24178232
Small-Int-Ep,chr3,170182443,170182829
Small-Int-Ep,chr22,37054989,37055225
Small-Int-Ep,chr2,39229096,39229563
Small-Int-Ep,chr6,42385244,42385597
Small-Int-Ep,chr2,226883335,226883963
Small-Int-Ep,chr2,96810799,96811440
Small-Int-Ep,chr8,125403701,125403751
Small-Int-Ep,chr19,8052698,8052822
Small-Int-Ep,chr14,100348300,100348843
Small-Int-Ep,chr1,3293847,3293898
Small-Int-Ep,chr16,30586876,30587046
Small-Int-Ep,chr11,271009,271488
Small-Int-Ep,chr16,2166469,2166843
Small-Int-Ep,chr11,270682,270970
Small-Int-Ep,chr1,45092530,45092851
Small-Int-Ep,chr8,26275199,26275466
Small-Int-Ep,chr1,199778155,199778242
Small-Int-Ep,chr6,162028408,162028605
Small-Int-Ep,chr19,17330841,17331124
Small-Int-Ep,chr21,43330031,43330278
Small-Int-Ep,chr22,24684156,24684654
Small-Int-Ep,chr16,58656734,58657011
Small-Int-Ep,chr14,102321857,102322309
Small-Int-Ep,chr16,85594630,85594855
Small-Int-Ep,chr19,7440601,7440806
Small-Int-Ep,chr2,74642064,74642147
Small-Int-Ep,chr7,151888201,151888328
Small-Int-Ep,chr1,230271727,230272047
Small-Int-Ep,chr14,100175433,100175601
Small-Int-Ep,chrX,46372455,46372704
Small-Int-Ep,chr11,60666706,60667107
Small-Int-Ep,chr2,26282669,26283763
Small-Int-Ep,chr1,186299390,186299985
Small-Int-Ep,chr7,101019673,101020186
Small-Int-Ep,chr17,37394598,37395323
Small-Int-Ep,chr17,74973547,74973606
Small-Int-Ep,chr5,40417257,40417424
Small-Int-Ep,chr5,43370238,43371281
Small-Int-Ep,chr19,7428663,7428839
Small-Int-Ep,chr11,286423,286784
Small-Int-Ep,chr19,13974690,13974917
Small-Int-Ep,chr15,34344678,34345005
Small-Int-Ep,chr6,43422267,43422581
Small-Int-Ep,chr6,154531009,154531644
Small-Int-Ep,chr3,30283910,30284316
Small-Int-Ep,chr6,147588283,147588417
Small-Int-Ep,chr12,71660849,71661522
Small-Int-Ep,chr1,116393559,116393672
Small-Int-Ep,chr1,15221466,15221790
Small-Int-Ep,chr1,179873890,179874712
Small-Int-Ep,chr1,230262443,230262745
Small-Int-Ep,chr19,41424086,41424466
Small-Int-Ep,chr19,4907931,4908254
Small-Int-Ep,chr3,117535503,117536252
Small-Int-Ep,chr17,28840892,28841281
Small-Int-Ep,chr6,34780147,34780307
Small-Int-Ep,chr12,50192190,50192711
Small-Int-Ep,chrX,101403247,101403725
Small-Int-Ep,chrX,85901055,85901632
Small-Int-Ep,chr17,47958873,47958982
Small-Int-Ep,chr6,5731475,5731722
Small-Int-Ep,chr1,240888978,240889204
Small-Int-Ep,chr16,57530828,57530908
Small-Int-Ep,chr7,98205332,98205736
Small-Int-Ep,chr15,76515112,76515778
Small-Int-Ep,chr6,105115915,105116293
Small-Int-Ep,chr10,113754434,113754731
Small-Int-Ep,chr6,35319527,35320237
Small-Int-Ep,chr10,114923205,114923375
Small-Int-Ep,chr20,5745238,5745504
Small-Int-Ep,chr4,109622894,109623188
Small-Int-Ep,chr9,120766428,120766622
Small-Int-Ep,chr22,19071594,19072217
Small-Int-Ep,chr9,137073639,137073908
Small-Int-Ep,chr16,85576368,85576695
Small-Int-Ep,chr18,48837885,48838496
Small-Int-Ep,chr19,38917898,38917983
Small-Int-Ep,chr10,32797244,32798242
Small-Int-Ep,chr17,31808430,31808521
Small-Int-Ep,chr20,44405583,44405811
Small-Int-Ep,chr19,48368631,48368817
Small-Int-Ep,chr17,63313861,63314072
Small-Int-Ep,chr9,36304090,36304366
Small-Int-Ep,chr12,6545171,6545615
Small-Int-Ep,chr3,32671787,32672047
Small-Int-Ep,chr2,33090520,33091156
Small-Int-Ep,chr3,170077886,170078728
Small-Int-Ep,chr19,48688226,48688452
Small-Int-Ep,chr6,119233837,119234891
Small-Int-Ep,chr9,91166663,91166855
Small-Int-Ep,chr8,120610356,120610816
Small-Int-Ep,chr12,101717949,101718328
Small-Int-Ep,chr9,77275578,77276976
Small-Int-Ep,chr1,113876496,113877190
Small-Int-Ep,chr2,96683805,96684252
Small-Int-Ep,chr10,69314443,69315020
Small-Int-Ep,chr5,168684697,168685271
Small-Int-Ep,chr1,162503080,162503338
Small-Int-Ep,chr1,19341915,19342178
Small-Int-Ep,chr12,121768442,121768536
Small-Int-Ep,chr13,85187346,85187763
Small-Int-Ep,chr15,53437000,53437438
Small-Int-Ep,chr5,150674734,150674959
Small-Int-Ep,chr5,106166648,106167120
Small-Int-Ep,chr21,14598781,14599502
Smooth-Musc,chr21,33858974,33859129
Smooth-Musc,chr3,35358485,35359295
Smooth-Musc,chr15,31070774,31071534
Smooth-Musc,chr7,150457729,150458953
Smooth-Musc,chr3,55973874,55974313
Smooth-Musc,chr17,29597717,29597994
Smooth-Musc,chr10,21014301,21014876
Smooth-Musc,chr10,80137398,80137690
Smooth-Musc,chr7,73895810,73896447
Smooth-Musc,chr2,238514701,238515686
Smooth-Musc,chr4,140120668,140121193
Smooth-Musc,chr10,45287219,45288361
Smooth-Musc,chr20,18822735,18823347
Smooth-Musc,chr2,169148015,169148769
Smooth-Musc,chr7,148221397,148221808
Smooth-Musc,chr9,38596806,38597837
Smooth-Musc,chr4,186423415,186423742
Smooth-Musc,chr7,150690349,150691282
Smooth-Musc,chr11,59846467,59846740
Smooth-Musc,chr9,93898848,93899464
Smooth-Musc,chr2,16223767,16224149
Smooth-Musc,chr8,126660642,126661310
Smooth-Musc,chr2,16125905,16126223
Smooth-Musc,chr11,41416088,41416488
Smooth-Musc,chr6,10590911,10591459
Smooth-Musc,chrX,38011695,38011993
Smooth-Musc,chr18,32168487,32169248
Smooth-Musc,chr5,30103995,30104594
Smooth-Musc,chr8,126408085,126408762
Smooth-Musc,chr14,97457579,97457709
Smooth-Musc,chr20,61866622,61866734
Smooth-Musc,chr9,40217913,40218900
Smooth-Musc,chr4,38425077,38425495
Smooth-Musc,chr1,4269466,4269532
Smooth-Musc,chr2,238709802,238709994
Smooth-Musc,chr1,82486477,82487646
Smooth-Musc,chr7,150605151,150605941
Smooth-Musc,chr8,75521624,75522753
Smooth-Musc,chr7,21384335,21384745
Smooth-Musc,chrY,14089708,14090747
Smooth-Musc,chr11,62399564,62399899
Smooth-Musc,chr3,53688352,53688580
Smooth-Musc,chr4,36279434,36280406
Smooth-Musc,chr1,190431948,190433066
Smooth-Musc,chr14,70180786,70182148
Smooth-Musc,chr16,13496387,13497408
Smooth-Musc,chr16,60050073,60050648
Smooth-Musc,chr17,36073766,36074352
Smooth-Musc,chr7,150259603,150260634
Smooth-Musc,chrX,37032097,37032889
Smooth-Musc,chr1,238907844,238908296
Smooth-Musc,chr9,1084974,1085360
Smooth-Musc,chr2,15883117,15884123
Smooth-Musc,chr4,90796179,90797444
Smooth-Musc,chr2,149196367,149196873
Smooth-Musc,chr4,74904887,74905492
Smooth-Musc,chr2,156660272,156660660
Smooth-Musc,chr6,24066963,24068328
Smooth-Musc,chr7,155386654,155386789
Smooth-Musc,chr12,97070057,97071416
Smooth-Musc,chr5,156942511,156944009
Smooth-Musc,chr7,150191322,150192459
Smooth-Musc,chr9,101688495,101688748
Smooth-Musc,chr10,8923808,8924606
Smooth-Musc,chr4,18531754,18532522
Smooth-Musc,chr19,41220692,41220787
Smooth-Musc,chr2,16454524,16455270
Smooth-Musc,chr2,70816633,70816983
Smooth-Musc,chr3,112250865,112252286
Smooth-Musc,chr4,152208222,152208793
Smooth-Musc,chr7,50385132,50385908
Smooth-Musc,chr8,142171044,142171186
Smooth-Musc,chr1,157802189,157802736
Smooth-Musc,chr18,78333247,78334051
Smooth-Musc,chr22,17062081,17062319
Smooth-Musc,chrX,4970694,4971298
Smooth-Musc,chr19,32788729,32789208
Smooth-Musc,chr8,113447463,113448706
Smooth-Musc,chr8,126398905,126399632
Smooth-Musc,chr11,109509899,109511172
Smooth-Musc,chr15,47796828,47797964
Smooth-Musc,chr14,104037352,104037484
Smooth-Musc,chr10,120670240,120671009
Smooth-Musc,chr5,122063340,122064280
Smooth-Musc,chr7,70472682,70473145
Smooth-Musc,chr9,38518594,38519064
Smooth-Musc,chr13,70136584,70136955
Smooth-Musc,chr6,8863712,8864823
Smooth-Musc,chr12,53064681,53065565
Smooth-Musc,chr15,61725573,61725801
Smooth-Musc,chr16,68734067,68734322
Smooth-Musc,chr18,70755447,70756281
Smooth-Musc,chr7,26120176,26120657
Smooth-Musc,chrY,15917035,15917839
Smooth-Musc,chr12,120343104,120343267
Smooth-Musc,chr18,38809409,38810310
Smooth-Musc,chr14,57637558,57638425
Smooth-Musc,chr2,15756550,15757470
Smooth-Musc,chr4,14681557,14682907
Smooth-Musc,chr18,21205394,21205765
Smooth-Musc,chr21,22613145,22613291
Smooth-Musc,chr2,128876010,128876538
Smooth-Musc,chr5,148580967,148582347
Smooth-Musc,chr13,70929866,70930792
Smooth-Musc,chr14,66430389,66431620
Smooth-Musc,chr5,4024347,4024970
Smooth-Musc,chr6,123465987,123466825
Smooth-Musc,chr15,44884547,44885658
Smooth-Musc,chr2,114732754,114733832
Smooth-Musc,chr3,59986925,59987621
Smooth-Musc,chr16,54701262,54702262
Smooth-Musc,chr8,103687886,103688918
Smooth-Musc,chr14,57148676,57149553
Smooth-Musc,chr18,26175389,26176826
Smooth-Musc,chr3,54643142,54644403
Smooth-Musc,chr5,152195599,152196758
Smooth-Musc,chr11,133461770,133462940
Smooth-Musc,chr11,123816564,123817231
Smooth-Musc,chr20,20745795,20747099
Smooth-Musc,chr5,176083169,176083646
Smooth-Musc,chr7,10635702,10636668
Smooth-Musc,chr11,45544336,45545041
Smooth-Musc,chr3,94695698,94696676
Smooth-Musc,chr8,36194383,36195038
Smooth-Musc,chr5,148218147,148218755
Smooth-Musc,chr12,39225944,39226868
Smooth-Musc,chr15,53039181,53040346
Smooth-Musc,chr2,3976815,3977233
Smooth-Musc,chr8,59840727,59841753
Smooth-Musc,chr3,94534522,94535495
Smooth-Musc,chr8,75217690,75218645
Smooth-Musc,chr18,53548479,53549678
Smooth-Musc,chr5,178514878,178515375
Smooth-Musc,chr7,159290486,159290845
Smooth-Musc,chrX,94807502,94808183
Smooth-Musc,chr18,78695712,78696190
Smooth-Musc,chr6,29114307,29114669
Smooth-Musc,chr3,39736333,39737218
Smooth-Musc,chr15,75653105,75653631
Smooth-Musc,chr5,148554814,148555668
Smooth-Musc,chrY,5835750,5837082
Smooth-Musc,chr13,71950063,71951278
Smooth-Musc,chr22,47517475,47518645
Smooth-Musc,chr15,53670811,53671679
Smooth-Musc,chr10,53419990,53421152
Smooth-Musc,chr1,102091843,102092346
Smooth-Musc,chr2,34790625,34791132
Smooth-Musc,chr5,2226653,2227606
Smooth-Musc,chr1,157719331,157720299
Smooth-Musc,chr18,14388642,14389255
Smooth-Musc,chr2,122817522,122818392
Smooth-Musc,chr10,131551637,131552286
Smooth-Musc,chr1,22191440,22192157
Smooth-Musc,chr2,14883821,14885236
Smooth-Musc,chr15,53194093,53195304
Smooth-Musc,chr18,40064409,40065596
Smooth-Musc,chr7,73408114,73408396
Smooth-Musc,chr9,17870019,17870910
Smooth-Musc,chr5,77617066,77617978
Smooth-Musc,chr6,138191239,138191654
Smooth-Musc,chr3,178727188,178728469
Smooth-Musc,chr6,123469985,123471156
Smooth-Musc,chr10,25633346,25634088
Smooth-Musc,chr1,166785142,166785502
Smooth-Musc,chr6,124638783,124639503
Smooth-Musc,chr8,10968146,10968469
Smooth-Musc,chr1,247422249,247422813
Smooth-Musc,chr18,70691600,70692350
Smooth-Musc,chr10,64287053,64288007
Smooth-Musc,chr13,52943279,52943658
Smooth-Musc,chr2,806099,806484
Smooth-Musc,chr3,5886918,5887144
Smooth-Musc,chr22,47244820,47245565
Smooth-Musc,chr3,193252030,193252974
Smooth-Musc,chr5,148597669,148598477
Smooth-Musc,chr5,7994260,7994752
Smooth-Musc,chr11,38642662,38643508
Smooth-Musc,chr18,60653318,60654665
Smooth-Musc,chr7,50387712,50388753
Smooth-Musc,chr10,1861058,1861372
Smooth-Musc,chr12,128747013,128747472
Smooth-Musc,chr18,66479717,66480596
Smooth-Musc,chr1,90608692,90609513
Smooth-Musc,chr1,158762984,158763747
Smooth-Musc,chrX,148070498,148071867
Smooth-Musc,chr22,32374429,32375526
Smooth-Musc,chr7,109618510,109619753
Smooth-Musc,chr7,158031235,158031694
Smooth-Musc,chr2,90396177,90397307
Smooth-Musc,chr4,91206790,91207443
Smooth-Musc,chr4,97157307,97158706
Smooth-Musc,chr10,83822970,83823581
Smooth-Musc,chr4,134882921,134883685
Smooth-Musc,chr21,21885944,21886341
Smooth-Musc,chr6,32762353,32763351
Smooth-Musc,chr7,88445574,88446515
Smooth-Musc,chr13,71095139,71096001
Smooth-Musc,chr3,109095379,109095958
Smooth-Musc,chr1,42155634,42155832
Smooth-Musc,chr20,21010009,21011147
Smooth-Musc,chr11,97396126,97397614
Smooth-Musc,chr7,109946560,109947933
Smooth-Musc,chrX,105016563,105017090
Smooth-Musc,chr12,52639880,52641023
Smooth-Musc,chr1,74978625,74979946
Smooth-Musc,chr11,24335010,24336231
Smooth-Musc,chr2,233197784,233198104
Smooth-Musc,chr8,62485287,62485752
Smooth-Musc,chr1,110498358,110498498
Smooth-Musc,chr9,117099893,117101391
Smooth-Musc,chr7,35320892,35321868
Smooth-Musc,chr2,801503,802825
Smooth-Musc,chr11,38254315,38254977
Smooth-Musc,chr15,61575110,61576167
Smooth-Musc,chr17,74010350,74010721
Smooth-Musc,chr9,64552738,64553807
Smooth-Musc,chr15,45127188,45127918
Smooth-Musc,chr3,128721220,128721322
Smooth-Musc,chr16,33901927,33902672
Smooth-Musc,chr10,81269340,81269990
Smooth-Musc,chrX,23137150,23137812
Smooth-Musc,chr21,22035182,22036349
Smooth-Musc,chr4,31790742,31791438
Smooth-Musc,chr17,75595258,75595528
Smooth-Musc,chr5,117543552,117544162
Smooth-Musc,chr4,65103417,65103882
Smooth-Musc,chr10,43048672,43049208
Smooth-Musc,chr16,55907597,55908390
Smooth-Musc,chr9,61527766,61528109
Smooth-Musc,chr8,139625093,139626031
Smooth-Musc,chrX,92408073,92408602
Smooth-Musc,chrY,56675209,56676228
Smooth-Musc,chrX,146003698,146003960
Smooth-Musc,chr13,18999502,18999896
Smooth-Musc,chr15,89357435,89357764
Smooth-Musc,chr1,12928219,12929118
Smooth-Musc,chrX,143759024,143760029
Smooth-Musc,chr19,30142695,30143833
Smooth-Musc,chr2,242015663,242016048
Smooth-Musc,chrY,10618852,10619566
Smooth-Musc,chr11,54967543,54968506
Smooth-Musc,chr18,47827042,47827826
Smooth-Musc,chr5,78545582,78545801
Smooth-Musc,chr16,87427376,87427516
Smooth-Musc,chr12,111258238,111258288
Smooth-Musc,chr12,64016449,64016726
Smooth-Musc,chr1,10621099,10621267
Smooth-Musc,chr10,132746046,132746363
Smooth-Musc,chr7,111031908,111032231
Smooth-Musc,chr2,3446077,3446277
Thyroid-Ep,chr22,31126726,31126875
Thyroid-Ep,chr11,63795226,63795363
Thyroid-Ep,chr14,49051234,49051283
Thyroid-Ep,chr12,62663111,62663217
Thyroid-Ep,chr7,30374864,30375075
Thyroid-Ep,chr6,158623799,158624244
Thyroid-Ep,chr1,1556675,1556995
Thyroid-Ep,chr17,28199440,28199615
Thyroid-Ep,chr11,86789229,86789647
Thyroid-Ep,chr2,203474936,203475134
Thyroid-Ep,chr2,235988408,235988894
Thyroid-Ep,chr16,27498613,27499031
Thyroid-Ep,chr10,86799696,86799801
Thyroid-Ep,chr2,3452368,3452624
Thyroid-Ep,chr15,33283176,33283279
Thyroid-Ep,chr17,82177534,82178150
Thyroid-Ep,chr17,7172706,7173125
Thyroid-Ep,chr13,114286816,114287098
Thyroid-Ep,chr6,154956984,154957464
Thyroid-Ep,chr3,43405588,43405754
Thyroid-Ep,chr2,3262820,3263239
Thyroid-Ep,chr10,12376949,12377527
Thyroid-Ep,chr12,131983824,131984062
Thyroid-Ep,chr20,23988416,23988629
Thyroid-Ep,chr17,32964818,32964896
Thyroid-Ep,chr1,62752799,62753411
Thyroid-Ep,chr13,49280990,49281087
Thyroid-Ep,chr17,50879110,50879309
Thyroid-Ep,chr8,30224472,30224920
Thyroid-Ep,chr3,87248254,87248557
Thyroid-Ep,chr4,109317595,109318120
Thyroid-Ep,chr1,10381544,10382014
Thyroid-Ep,chr13,79688875,79689042
Thyroid-Ep,chr3,194408959,194409255
Thyroid-Ep,chr7,134928321,134928952
Thyroid-Ep,chr10,77073683,77073882
Thyroid-Ep,chr5,173034531,173034939
Thyroid-Ep,chr9,104841364,104841571
Thyroid-Ep,chr15,90138208,90138293
Thyroid-Ep,chr3,196916864,196917121
Thyroid-Ep,chr11,64757049,64757143
Thyroid-Ep,chr1,20790116,20790625
Thyroid-Ep,chr15,40386318,40386998
Thyroid-Ep,chr6,157651867,157652420
Thyroid-Ep,chr22,31126421,31126482
Thyroid-Ep,chr8,29089174,29089418
Thyroid-Ep,chr7,37224904,37225112
Thyroid-Ep,chr8,16785047,16785220
Thyroid-Ep,chr10,77839226,77839456
Thyroid-Ep,chr10,131727778,131727967
Thyroid-Ep,chr9,130049540,130049676
Thyroid-Ep,chr5,154313036,154313297
Thyroid-Ep,chr16,51757579,51757986
Thyroid-Ep,chr10,132746435,132746544
Thyroid-Ep,chr5,72770408,72770918
Thyroid-Ep,chr1,9313827,9314131
Thyroid-Ep,chr2,26631417,26631592
Thyroid-Ep,chr19,45804728,45805195
Thyroid-Ep,chr20,9413149,9413336
Thyroid-Ep,chr16,15924966,15925286
Thyroid-Ep,chr1,112728284,112728546
Thyroid-Ep,chr13,22212679,22212852
Thyroid-Ep,chr8,132869672,132869846
Thyroid-Ep,chr2,128563956,128564303
Thyroid-Ep,chr7,68899325,68899501
Thyroid-Ep,chr11,68601513,68602463
Thyroid-Ep,chr19,29638962,29639127
Thyroid-Ep,chr2,112732153,112732520
Thyroid-Ep,chr1,154552122,154552296
Thyroid-Ep,chr9,125437750,125437924
Thyroid-Ep,chr18,11614757,11615273
Thyroid-Ep,chr14,21501743,21501969
Thyroid-Ep,chr1,182902131,182902303
Thyroid-Ep,chr6,18198569,18199147
Thyroid-Ep,chr1,17732231,17732370
Thyroid-Ep,chr15,92606923,92607029
Thyroid-Ep,chr10,30543872,30544355
Thyroid-Ep,chr14,21092169,21092273
Thyroid-Ep,chr17,65483852,65484131
Thyroid-Ep,chr2,130161440,130161551
Thyroid-Ep,chr1,154958777,154959161
Thyroid-Ep,chr3,10019400,10019779
Thyroid-Ep,chr9,135181879,135182081
Thyroid-Ep,chr17,3041658,3041818
Thyroid-Ep,chr16,57996617,57997165
Thyroid-Ep,chr2,74620897,74621104
Thyroid-Ep,chr5,168214760,168215300
Thyroid-Ep,chr6,13987803,13987862
Thyroid-Ep,chr1,226254707,226255135
Thyroid-Ep,chr2,207467122,207467578
Thyroid-Ep,chr1,54906470,54906612
Thyroid-Ep,chr14,54548843,54548972
Thyroid-Ep,chr6,52943043,52943242
Thyroid-Ep,chr13,52901432,52901696
Thyroid-Ep,chr19,4676405,4676553
Thyroid-Ep,chr2,130159366,130160805
Thyroid-Ep,chr15,90421907,90422104
Thyroid-Ep,chr17,64717885,64718057
Thyroid-Ep,chr19,12591110,12591390
Thyroid-Ep,chr9,135278894,135278959
Thyroid-Ep,chr15,58409599,58409839
Thyroid-Ep,chr10,129860077,129860297
Thyroid-Ep,chr2,239376655,239376901
Thyroid-Ep,chr8,95026188,95026447
Thyroid-Ep,chr16,21350973,21351643
Thyroid-Ep,chr3,31110623,31111020
Thyroid-Ep,chr9,136241963,136242415
Thyroid-Ep,chr17,47175607,47176479
Thyroid-Ep,chr9,38406616,38407138
Thyroid-Ep,chr15,95157308,95157916
Thyroid-Ep,chr1,1556170,1556571
Thyroid-Ep,chr1,211756474,211757150
Thyroid-Ep,chr20,63610686,63610893
Thyroid-Ep,chr3,184253554,184254630
Thyroid-Ep,chr18,8659859,8660137
Thyroid-Ep,chr2,1911980,1912203
Thyroid-Ep,chr3,184553081,184553238
Thyroid-Ep,chr1,56580734,56581228
Thyroid-Ep,chr14,67727512,67727837
Thyroid-Ep,chr5,160432911,160433114
Thyroid-Ep,chr7,143744080,143744806
Thyroid-Ep,chr8,42427500,42427688
Thyroid-Ep,chr15,40379310,40379406
Thyroid-Ep,chr5,178319595,178320245
Thyroid-Ep,chr14,21091796,21092144
Thyroid-Ep,chr9,135278777,135278834
Thyroid-Ep,chr17,17929491,17929586
Thyroid-Ep,chr7,74160485,74160662
Thyroid-Ep,chr9,99024319,99024410
Thyroid-Ep,chr13,99727799,99727944
Thyroid-Ep,chr13,112833987,112834277
Thyroid-Ep,chr17,74811185,74812001
Thyroid-Ep,chr17,17833704,17833958
Thyroid-Ep,chr7,6243217,6243836
Thyroid-Ep,chr2,11634212,11634850
Thyroid-Ep,chr16,1626813,1627232
Thyroid-Ep,chr3,42044199,42044414
Thyroid-Ep,chr7,1144757,1144926
Thyroid-Ep,chr10,20044978,20045418
Thyroid-Ep,chr18,62825019,62825179
Thyroid-Ep,chr9,8627191,8627709
Thyroid-Ep,chr9,97668846,97669244
Thyroid-Ep,chr8,13002460,13002853
Thyroid-Ep,chr5,169448937,169449177
Thyroid-Ep,chr15,64949518,64949981
Thyroid-Ep,chr20,23988105,23988342
Thyroid-Ep,chr8,100046841,100047105
Thyroid-Ep,chr1,153787163,153787352
Thyroid-Ep,chr14,32923007,32923475
Thyroid-Ep,chr6,169624864,169625049
Thyroid-Ep,chr8,19402344,19402736
Thyroid-Ep,chr15,43487621,43487919
Thyroid-Ep,chr2,205740511,205740849
Thyroid-Ep,chr12,123371933,123372110
Thyroid-Ep,chr21,41408003,41408514
Thyroid-Ep,chr2,86029895,86030259
Thyroid-Ep,chr14,72924972,72925161
Thyroid-Ep,chr17,28203622,28203855
Thyroid-Ep,chr2,238165545,238166068
Thyroid-Ep,chr5,170305142,170305664
Thyroid-Ep,chr5,61324323,61324694
Thyroid-Ep,chr16,26998799,26998983
Thyroid-Ep,chr21,43021210,43021440
Thyroid-Ep,chr10,106467533,106467607
Thyroid-Ep,chr14,96932150,96932438
Thyroid-Ep,chr10,77841178,77841912
Thyroid-Ep,chr2,60759094,60759422
Thyroid-Ep,chr11,74327820,74328384
Thyroid-Ep,chr11,68176645,68176741
Thyroid-Ep,chr17,39911737,39912112
Thyroid-Ep,chr8,28904876,28905373
Thyroid-Ep,chr18,79928135,79928699
Thyroid-Ep,chr11,69773392,69773474
Thyroid-Ep,chr3,195982807,195983029
Thyroid-Ep,chr6,89803327,89803536
Thyroid-Ep,chr7,92395914,92396561
Thyroid-Ep,chr9,136242612,136242833
Thyroid-Ep,chr5,179676359,179676598
Thyroid-Ep,chr10,78049146,78049546
Thyroid-Ep,chr9,130238823,130239127
Thyroid-Ep,chr12,132052497,132052705
Thyroid-Ep,chr19,14046447,14046652
Thyroid-Ep,chr20,35315668,35316065
Thyroid-Ep,chr11,112027718,112028368
Thyroid-Ep,chr19,52291651,52292313
Thyroid-Ep,chr9,130607975,130608217
Thyroid-Ep,chr2,43186150,43186577
Thyroid-Ep,chr19,52602922,52603811
Thyroid-Ep,chr16,69872743,69873368
Thyroid-Ep,chr3,183690345,183690669
Thyroid-Ep,chr3,51477205,51478151
Thyroid-Ep,chr21,33483288,33483918
Thyroid-Ep,chr20,5452361,5452712
Thyroid-Ep,chr16,2232274,2233054
Thyroid-Ep,chr17,17383949,17384058
Thyroid-Ep,chr16,81667000,81667404
Thyroid-Ep,chr12,120278741,120279230
Thyroid-Ep,chr10,121931501,121931924
Thyroid-Ep,chr14,102909162,102909609
Thyroid-Ep,chr19,16551268,16551615
Thyroid-Ep,chr1,5834815,5834885
Thyroid-Ep,chr9,132401637,132402103
Thyroid-Ep,chr17,75043333,75043987
Thyroid-Ep,chr1,38989592,38989799
Thyroid-Ep,chr22,31126913,31127101
Thyroid-Ep,chr11,70264495,70264568
Thyroid-Ep,chr8,144170708,144171438
Thyroid-Ep,chr7,76324506,76324954
Thyroid-Ep,chr16,73024559,73024867
Thyroid-Ep,chr1,45115857,45116111
Thyroid-Ep,chr15,75476353,75476611
Thyroid-Ep,chr18,57778248,57778421
Thyroid-Ep,chr16,19056365,19056569
Thyroid-Ep,chr3,12506460,12506566
Thyroid-Ep,chr6,125933710,125934026
Thyroid-Ep,chr10,73532195,73532725
Thyroid-Ep,chr6,156838499,156839081
Thyroid-Ep,chr1,1785845,1786384
Thyroid-Ep,chr11,72435379,72435589
Thyroid-Ep,chr8,143699547,143699661
Thyroid-Ep,chr17,43183745,43184356
Thyroid-Ep,chr6,3070439,3070531
Thyroid-Ep,chr16,87711300,87711556
Thyroid-Ep,chr18,56626378,56626794
Thyroid-Ep,chr6,33379308,33379462
Thyroid-Ep,chr15,88468731,88468967
Thyroid-Ep,chr1,193191418,193191638
Thyroid-Ep,chr1,32365701,32365897
Thyroid-Ep,chr17,1414991,1415338
Thyroid-Ep,chr22,19354852,19355688
Thyroid-Ep,chr16,30015378,30015409
Thyroid-Ep,chr8,143535597,143536121
Thyroid-Ep,chr1,117087539,117088494
Thyroid-Ep,chr1,235457691,235458389
Thyroid-Ep,chr8,139802983,139803453
Thyroid-Ep,chr9,124358062,124358483
Thyroid-Ep,chr20,63610967,63611481
Thyroid-Ep,chr10,63142063,63143198
Thyroid-Ep,chr19,5106154,5106461
Thyroid-Ep,chr2,27327345,27327665
Thyroid-Ep,chr15,41070913,41071294
Thyroid-Ep,chr1,117087539,117088494
Thyroid-Ep,chr1,235457691,235458389
Thyroid-Ep,chr8,139802983,139803453
Thyroid-Ep,chr9,124358062,124358483
Thyroid-Ep,chr20,63610967,63611481
Thyroid-Ep,chr10,63142063,63143198
Thyroid-Ep,chr19,5106154,5106461
Thyroid-Ep,chr2,27327345,27327665
Thyroid-Ep,chr15,41070913,41071294